threshold,macro_f1,pathological_f1,ba,selected
1.0,0.47526823672312574,0.006896551724137931,0.5017301038062284,False
0.9999593379863235,0.48227867111487754,0.02054794520547945,0.5051903114186851,False
0.9901253264149931,0.48214021977463845,0.020477815699658702,0.5049829285899833,False
0.9676345382417079,0.48559917504016886,0.027210884353741496,0.5067130323962117,False
0.9041898039369785,0.4890353425521672,0.03389830508474576,0.5084431362024401,False
0.8543242660727225,0.4887143035291183,0.03367003367003367,0.5080283705450365,False
0.831300734527441,0.4885542976961265,0.03355704697986577,0.5078209877163348,False
0.8105081027400383,0.49193515075737654,0.04013377926421405,0.5095510915225632,False
0.8011589992465932,0.4915946648388486,0.03986710963455149,0.5091363258651596,False
0.7993702179059875,0.4949324368210881,0.046357615894039736,0.510866429671388,False
0.7942690018596849,0.49824882429384787,0.052805280528052806,0.5125965334776164,False
0.7930714289195615,0.4980583326447988,0.05263157894736842,0.5123891506489145,False
0.789254011499965,0.5046074967089309,0.06535947712418301,0.5158493582613712,False
0.7774735107403772,0.5043973621583178,0.06514657980456026,0.5156419754326694,False
0.7773068643363623,0.5041878781077525,0.06493506493506493,0.5154345926039677,False
0.7756930489701879,0.5074117088408442,0.07119741100323625,0.517164696410196,False
0.7698072897734952,0.506975198381984,0.0707395498392283,0.5167499307527925,False
0.765800477496047,0.5067579825834543,0.07051282051282051,0.5165425479240907,False
0.7655500877382376,0.5099329180250856,0.07667731629392971,0.5182726517303191,False
0.7641384002676862,0.5097069262193458,0.07643312101910828,0.5180652689016173,False
0.7635054270114459,0.5094816687737042,0.0761904761904762,0.5178578860729155,False
0.7625850074402544,0.5092571383043353,0.0759493670886076,0.5176505032442138,False
0.754270366511765,0.5123846358648331,0.08201892744479496,0.5193806070504421,False
0.7540523537253175,0.5121516562339891,0.08176100628930817,0.5191732242217403,False
0.7456989158205285,0.5119194441890897,0.08150470219435736,0.5189658413930385,False
0.743004279720523,0.5150098425196851,0.0875,0.5206959451992669,False
0.7398854845925847,0.5180816004327881,0.09345794392523364,0.5224260490054953,False
0.7390892724910816,0.5175840050833267,0.09287925696594428,0.5220112833480917,False
0.7376190695530318,0.5206199106908327,0.09876543209876543,0.5237413871543201,False
0.7341129396126693,0.5236377415687761,0.10461538461538461,0.5254714909605485,False
0.7325348866291496,0.5266376644072633,0.11042944785276074,0.5272015947667769,False
0.7315168999768501,0.5263646178635952,0.11009174311926606,0.526994211938075,False
0.7308067041716885,0.529338501192583,0.11585365853658537,0.5287243157443035,False
0.729805162278151,0.5322949077506699,0.12158054711246201,0.5304544195505319,False
0.7254942035650878,0.5352339967724583,0.12727272727272726,0.5321845233567601,False
0.7247961467386319,0.5346421201776324,0.12650602409638553,0.5317697576993566,False
0.7247297453745892,0.5375482053990047,0.13213213213213212,0.533499861505585,False
0.7242695484927291,0.5404374827132155,0.1377245508982036,0.5352299653118133,False
0.7224473454512766,0.5433101029894948,0.14328358208955225,0.5369600691180417,False
0.7213004903528998,0.5429925524712255,0.14285714285714285,0.5367526862893399,False
0.7206869982219974,0.5426762261381958,0.142433234421365,0.5365453034606381,False
0.7190707203288857,0.5420472011372757,0.1415929203539823,0.5361305378032346,False
0.7170259593758231,0.5417344803534062,0.1411764705882353,0.5359231549745328,False
0.7167537181124002,0.5411125678966098,0.14035087719298245,0.5355083893171293,False
0.7148936186061912,0.543916552468045,0.1457725947521866,0.5372384931233576,False
0.714218244925988,0.5436000515160435,0.14534883720930233,0.5370311102946559,False
0.7124828867622159,0.5463811121145659,0.15072463768115943,0.5387612141008842,False
0.711831509314143,0.5491466725834971,0.15606936416184972,0.5404913179071126,False
0.7117892124802176,0.5488171206536363,0.15561959654178675,0.5402839350784108,False
0.7117265082716087,0.5515603243508886,0.16091954022988506,0.5420140388846392,False
0.7111774981060259,0.554288378879271,0.166189111747851,0.5437441426908676,False
0.710846243255479,0.557001414427157,0.17142857142857143,0.5454742464970959,False
0.7099618312257026,0.5596995596995598,0.17663817663817663,0.5472043503033243,False
0.709625386235858,0.5623829419392018,0.18181818181818182,0.5489344541095527,False
0.7088722797244967,0.5650516869472286,0.18696883852691218,0.5506645579157811,False
0.7068141606563035,0.5646828835728249,0.1864406779661017,0.5504571750870793,False
0.7066425816022132,0.5673306439230028,0.19154929577464788,0.5521872788933077,False
0.7054447409853781,0.5699640912776555,0.19662921348314608,0.553917382699536,False
0.7018508851505927,0.5725833462474818,0.20168067226890757,0.5556474865057643,False
0.7013782489842953,0.5721968980120065,0.2011173184357542,0.5554401036770625,False
0.6991817996197232,0.5718119774395914,0.20055710306406685,0.5552327208483608,False
0.6977710760059274,0.5714285714285714,0.2,0.555025338019659,False
0.6958368164746281,0.5740152021984751,0.20498614958448755,0.5567554418258874,False
0.6955383316369738,0.5765880962146251,0.20994475138121546,0.5584855456321157,False
0.6949855399744335,0.576194015524786,0.209366391184573,0.558278162803414,False
0.6936178315620388,0.5787473051174401,0.21428571428571427,0.5600082666096424,False
0.6925193527436875,0.5783488185441634,0.2136986301369863,0.5598008837809406,False
0.691078590174498,0.577556519342909,0.2125340599455041,0.559386118123537,False
0.6905470767980629,0.5800788000276491,0.21739130434782608,0.5611162219297654,False
0.6892398801937012,0.5825879546809779,0.2222222222222222,0.5628463257359938,False
0.6859017449614697,0.5821825801945086,0.22162162162162163,0.562638942907292,False
0.6853815773750803,0.5817787827902746,0.2210242587601078,0.5624315600785902,False
0.6853768603899686,0.5813765493879436,0.22043010752688172,0.5622241772498884,False
0.681761795217035,0.5740148551022481,0.20971867007672634,0.5582839035045545,False
0.6811437289096071,0.573641357501467,0.20918367346938777,0.5580765206758528,False
0.6810992615982063,0.5728983088314328,0.20812182741116753,0.5576617550184492,False
0.6808395613131197,0.5725287370856991,0.20759493670886076,0.5574543721897474,False
0.6807369879744406,0.5748855461085677,0.21212121212121213,0.5591844759959758,False
0.6801139026600435,0.5772309913799831,0.21662468513853905,0.5609145798022042,False
0.6770438576861247,0.5768526760150211,0.21608040201005024,0.5607071969735024,False
0.6761626247850636,0.5764756823071475,0.21553884711779447,0.5604998141448005,False
0.6746796651464837,0.5761000000000001,0.215,0.5602924313160988,False
0.6745008968891154,0.5784194245332857,0.2194513715710723,0.5620225351223271,False
0.6732016954411242,0.5807278135134651,0.22388059701492538,0.5637526389285555,False
0.6725576097654046,0.5803437397426049,0.22332506203473945,0.5635452560998537,False
0.6720278174637383,0.5826364061546266,0.22772277227722773,0.5652753599060821,False
0.6716251395356897,0.5822489155822489,0.2271604938271605,0.5650679770773803,False
0.671179194954379,0.5845260618160512,0.2315270935960591,0.5667980808836087,False
0.6688915657849941,0.5867925168946599,0.23587223587223588,0.5685281846898371,False
0.6687245614113698,0.5863970588235294,0.23529411764705882,0.5683208018611353,False
0.6679357411409388,0.5886483200322928,0.2396088019559902,0.5700509056673637,False
0.6640584902333843,0.5908890952636981,0.24390243902439024,0.571781009473592,False
0.6635500144295735,0.5904859303606621,0.24330900243309003,0.5715736266448903,False
0.6620841687887216,0.5927118287774154,0.24757281553398058,0.5733037304511186,False
0.6617636078467422,0.5949274408862558,0.25181598062953997,0.575033834257347,False
0.6599336575415695,0.5945168210118768,0.25120772946859904,0.5748264514286453,False
0.6594700260966838,0.5967178644366835,0.25542168674698795,0.5765565552348736,False
0.6594318660385526,0.5989088159031979,0.25961538461538464,0.578286659041102,False
0.6560171714998992,0.5984909844550609,0.2589928057553957,0.5780792762124002,False
0.6554232437776635,0.6006676667582244,0.2631578947368421,0.5798093800186286,False
0.6544723140657708,0.602834446313653,0.26730310262529833,0.581539483824857,False
0.6539823114811668,0.6049913941480206,0.2714285714285714,0.5832695876310853,False
0.6539057724182153,0.604562440158404,0.27078384798099764,0.5830622048023836,False
0.6517142124547868,0.6067055232596886,0.27488151658767773,0.584792308608612,False
0.6492012793725194,0.6088389570748849,0.2789598108747045,0.5865224124148403,False
0.6486788255370729,0.6084033549717891,0.2783018867924528,0.5863150295861385,False
0.6472307675585889,0.6079692580549808,0.2776470588235294,0.5861076467574367,False
0.6470077017951273,0.61008511867344,0.28169014084507044,0.587837750563665,False
0.6464699479876947,0.6121915486484157,0.2857142857142857,0.5895678543698935,False
0.6462758926987862,0.6142886143713205,0.2897196261682243,0.5912979581761219,False
0.6451688293261842,0.6163763816147643,0.2937062937062937,0.5930280619823503,False
0.6441133516663529,0.6159281269009405,0.2930232558139535,0.5928206791536484,False
0.6440845544736507,0.618002847351958,0.29698375870069604,0.5945507829598768,False
0.6436445333821538,0.6175523349436393,0.2962962962962963,0.594343400131175,False
0.6432477442027542,0.6196141648041043,0.3002309468822171,0.5960735039374034,False
0.64218923751281,0.619161449933279,0.2995391705069124,0.5958661211087016,False
0.641230717717629,0.6187102823210752,0.2988505747126437,0.5956587382799998,False
0.6408853998914523,0.6182606509991202,0.2981651376146789,0.5954513554512981,False
0.640579662257314,0.6178125450991802,0.2974828375286041,0.5952439726225962,False
0.6396829070064393,0.6198505905153137,0.3013698630136986,0.5969740764288246,False
0.6368099958346796,0.6218798197696015,0.3052391799544419,0.598704180235053,False
0.636221864417097,0.6214259530791789,0.30454545454545456,0.5984967974063512,False
0.6339469800705937,0.6209736163067768,0.30385487528344673,0.5982894145776494,False
0.6333963374566218,0.6229869364197722,0.3076923076923077,0.6000195183838778,False
0.6333092568452298,0.6220797068254695,0.3063063063063063,0.5996047527264743,False
0.6327315716407663,0.6216283631333689,0.3056179775280899,0.5993973698977725,False
0.6320346915219955,0.6211785195095325,0.30493273542600896,0.5991899870690707,False
0.6295397684427584,0.6207301655697788,0.3042505592841163,0.5989826042403689,False
0.6294045498859835,0.6202832910223863,0.30357142857142855,0.5987752214116671,False
0.6293417146022416,0.6198378856670651,0.3028953229398664,0.5985678385829654,False
0.6292836745809587,0.6193939393939394,0.3022222222222222,0.5983604557542636,False
0.6288593172519878,0.6189514421825458,0.30155210643015523,0.5981530729255617,False
0.6286799879687267,0.6209248753407115,0.3053097345132743,0.5998831767317901,False
0.6264066411781848,0.6228900517672762,0.3090507726269316,0.6016132805380185,False
0.6259149491774836,0.6224421995436173,0.30837004405286345,0.6014058977093167,False
0.6253625686084977,0.6243958266202958,0.3120879120879121,0.6031360015155451,False
0.6228648512950833,0.6239460909555442,0.31140350877192985,0.6029286186868433,False
0.6221170537141772,0.6234978093814342,0.31072210065645517,0.6027212358581415,False
0.6213991434235375,0.6230509720619447,0.31004366812227074,0.6025138530294398,False
0.6199637130349878,0.6226055692465207,0.3093681917211329,0.6023064702007379,False
0.6193444044674732,0.6217190285474108,0.3080260303687636,0.6018917045433344,False
0.6190428692642697,0.6212778715816383,0.30735930735930733,0.6016843217146326,False
0.6183590182562952,0.6208381109539594,0.30669546436285094,0.6014769388859309,False
0.6182174529743212,0.6227575029341084,0.3103448275862069,0.6032070426921592,False
0.618089134981908,0.6223159133248357,0.3096774193548387,0.6029996598634574,False
0.6177954156779403,0.6261249783501489,0.3169164882226981,0.6064598674759142,False
0.6175953464452406,0.6280179674340258,0.32051282051282054,0.6081899712821426,False
0.6173641601243252,0.6275683321089024,0.31982942430703626,0.6079825884534408,False
0.6133964652090319,0.6294506063614,0.32340425531914896,0.6097126922596692,False
0.6132831480926614,0.6313253292291947,0.32696390658174096,0.6114427960658975,False
0.6129832551631688,0.6308709828307286,0.326271186440678,0.6112354132371958,False
0.6122952091896389,0.6304180571223585,0.32558139534883723,0.6110280304084938,False
0.6111784225069465,0.632279251915694,0.3291139240506329,0.6127581342147224,False
0.6111323517720754,0.6318247395137591,0.32842105263157895,0.6125507513860206,False
0.611075604842218,0.6336755660834602,0.3319327731092437,0.614280855192249,False
0.6089671476055003,0.637355294901722,0.3389121338912134,0.6177410628047056,False
0.6063126862458778,0.6391842892227465,0.34237995824634654,0.619471166610934,False
0.6054162927838476,0.6410060975609756,0.3458333333333333,0.6212012704171624,False
0.6038553807521878,0.6405384695687603,0.34511434511434513,0.6209938875884606,False
0.603170133177968,0.640072289278609,0.34439834024896265,0.6207865047597588,False
0.6024633644289796,0.6418813168156617,0.34782608695652173,0.6225166085659872,False
0.6022470373299155,0.6436833009434533,0.3512396694214876,0.6242467123722156,False
0.6015440421171094,0.6432129710228525,0.35051546391752575,0.6240393295435138,False
0.6006683500688637,0.6427440871885316,0.3497942386831276,0.623831946714812,False
0.6006501153814995,0.6422766402341189,0.3490759753593429,0.6236245638861102,False
0.600101252347128,0.6418106210284615,0.3483606557377049,0.6234171810574084,False
0.5984489629433289,0.6413460205148577,0.3476482617586912,0.6232097982287067,False
0.5978175568513049,0.6408828297102955,0.3469387755102041,0.6230024154000049,False
0.5972723269104575,0.6426614070585678,0.35030549898167007,0.6247325192062332,False
0.5972258968487143,0.6421969109666648,0.34959349593495936,0.6245251363775315,False
0.5960866771204846,0.6412721099999835,0.3481781376518219,0.6241103707201279,False
0.595425455297348,0.6408117876007784,0.3474747474747475,0.6239029878914262,False
0.5951109199879236,0.6398952556866797,0.3460764587525151,0.6234882222340226,False
0.5946246298983054,0.6394390290660807,0.3453815261044177,0.6232808394053208,False
0.594464973938517,0.6385306122448979,0.344,0.6228660737479172,False
0.5921353165536012,0.6402785366193516,0.3473053892215569,0.6245961775541455,False
0.591550788182707,0.6420199154382877,0.350597609561753,0.6263262813603739,False
0.591038184411021,0.645483193277311,0.35714285714285715,0.6297864889728306,False
0.5896729622319995,0.6450206818434652,0.3564356435643564,0.6295791061441289,False
0.5888115903617106,0.6445595235595414,0.3557312252964427,0.6293717233154271,False
0.5886721953660523,0.6440997101281023,0.35502958579881655,0.6291643404867253,False
0.588634435443853,0.6458141526258523,0.35826771653543305,0.6308944442929537,False
0.5883382993821071,0.6475222723747037,0.3614931237721022,0.6326245480991821,False
0.588283338881838,0.6492241068206424,0.36470588235294116,0.6343546519054105,False
0.5881861002055548,0.6487582051484242,0.3639921722113503,0.6341472690767087,False
0.5878451786856163,0.6504513604746318,0.3671875,0.635877372882937,False
0.587466733680976,0.6499843839186672,0.3664717348927875,0.6356699900542353,False
0.5868261081567937,0.6495187552460695,0.3657587548638132,0.6354626072255335,False
0.5868214443675587,0.6512009221810376,0.36893203883495146,0.6371927110317619,False
0.5860626061516292,0.6507342437574996,0.3682170542635659,0.6369853282030601,False
0.5860066243767036,0.6502689035619176,0.36750483558994196,0.6367779453743583,False
0.5852911545453072,0.649804893557454,0.3667953667953668,0.6365705625456565,False
0.5849177578883341,0.6493422057689779,0.36608863198458574,0.6363631797169548,False
0.5848347812791805,0.6510088272383354,0.36923076923076925,0.6380932835231832,False
0.5846638973923508,0.6505451110737821,0.3685220729366603,0.6378859006944813,False
0.5844531359047813,0.650082707723629,0.367816091954023,0.6376785178657796,False
0.5843779290957752,0.6496216093725925,0.367112810707457,0.6374711350370778,False
0.5842687380507696,0.6491618082648147,0.366412213740458,0.6372637522083759,False
0.5841640011508349,0.6508131868131868,0.36952380952380953,0.6389938560146043,False
0.5827518782132837,0.6524586890008441,0.3726235741444867,0.6407239598208327,False
0.5816453396250267,0.6540983485269682,0.3757115749525617,0.642454063627061,False
0.5805222151648035,0.6536330049261083,0.375,0.6422466807983593,False
0.5800708359907086,0.6552646172963789,0.3780718336483932,0.6439767846045876,False
0.5799364231722496,0.6568904730541243,0.38113207547169814,0.6457068884108161,False
0.5798109023753569,0.6585106049688274,0.384180790960452,0.6474369922170444,True
0.5790564879453063,0.6497844423617619,0.3709090909090909,0.6434967184717105,False
0.5790564008642891,0.649337394018038,0.3702359346642468,0.6432893356430087,False
0.577846573398033,0.6488915195867413,0.3695652173913043,0.643081952814307,False
0.576772683701289,0.6504614438714352,0.37251356238698013,0.6448120566205353,False
0.5760825522006549,0.6520260857516191,0.37545126353790614,0.6465421604267637,False
0.5748493897290563,0.6511296330400584,0.37410071942446044,0.6461273947693602,False
0.5748197473314659,0.6506831566854528,0.3734290843806104,0.6459200119406584,False
0.5744737316486341,0.652236479194148,0.3763440860215054,0.6476501157468868,False
0.5739208559772335,0.6517891489620375,0.3756708407871199,0.647442732918185,False
0.5735916590093381,0.6513429752066116,0.375,0.6472353500894832,False
0.5733632726195786,0.6504540713420887,0.3736654804270463,0.6468205844320796,False
0.5733362309377078,0.6495697164880418,0.3723404255319149,0.6464058187746761,False
0.5729373169235064,0.6491292291641881,0.37168141592920356,0.6461984359459743,False
0.5722976665953439,0.6506635127212866,0.3745583038869258,0.6479285397522027,False
0.5713781412330768,0.6502221828106372,0.37389770723104054,0.6477211569235009,False
0.5713146012183363,0.6497819699654883,0.3732394366197183,0.647513774094799,False
0.5711842786073247,0.6493428680253737,0.37258347978910367,0.6473063912660972,False
0.570885307694124,0.6489048708728342,0.3719298245614035,0.6470990084373955,False
0.5708686222919659,0.6484679724330419,0.3712784588441331,0.6468916256086937,False
0.5705244859680539,0.6403678776560133,0.3593220338983051,0.6429513518633598,False
0.5702818454544141,0.6399517402332555,0.3587140439932318,0.642743969034658,False
0.5684516319861134,0.6395365831721904,0.3581081081081081,0.6425365862059562,False
0.5669136401522192,0.638709189270987,0.3569023569023569,0.6421218205485527,False
0.566460171282869,0.6401857309000604,0.3596638655462185,0.6438519243547811,False
0.5662412071401681,0.639771666787744,0.35906040268456374,0.6436445415260793,False
0.5658901518770945,0.6393585667249426,0.35845896147403683,0.6434371586973775,False
0.5654715234299765,0.6389464256114021,0.35785953177257523,0.6432297758686758,False
0.5644036373264649,0.6385352383807075,0.3572621035058431,0.6430223930399739,False
0.5640274291472435,0.64,0.36,0.6447524968462023,False
0.563779934427593,0.64146024598164,0.3627287853577371,0.6464826006524307,False
0.5635989159543697,0.6410464493095822,0.36212624584717606,0.646275217823729,False
0.5635404759969901,0.6425004433741237,0.3648424543946932,0.6480053216299573,False
0.5631390453509915,0.6439499803920485,0.3675496688741722,0.6497354254361857,False
0.563109686146696,0.6435336395522195,0.3669421487603306,0.6495280426074839,False
0.5627906161244455,0.6431182542534604,0.36633663366336633,0.6493206597787821,False
0.5624908660506666,0.6427038195116368,0.3657331136738056,0.6491132769500803,False
0.5622207410916586,0.6350037677462186,0.3546325878594249,0.6451730032047465,False
0.5618289089870577,0.6346073457456567,0.35406698564593303,0.6449656203760445,False
0.5612728745949643,0.6342117767657407,0.3535031847133758,0.6447582375473428,False
0.5611328472970355,0.6338170564809449,0.35294117647058826,0.644550854718641,False
0.5604029658502918,0.633423180592992,0.3523809523809524,0.6443434718899392,False
0.5595697916953076,0.6330301448306366,0.3518225039619651,0.6441360890612375,False
0.5579837258191878,0.632637944949452,0.3512658227848101,0.6439287062325357,False
0.5579629689746392,0.6340361311027533,0.353870458135861,0.6456588100387641,False
0.5578767916152424,0.633643142607137,0.35331230283911674,0.6454514272100623,False
0.5572583741223506,0.6332509852847618,0.352755905511811,0.6452440443813605,False
0.5569594339478737,0.632859654959365,0.3522012578616352,0.6450366615526587,False
0.556425038227873,0.6324691474806948,0.3516483516483517,0.6448292787239569,False
0.555980200600787,0.6320794587243052,0.3510971786833856,0.6446218958952552,False
0.5553011710681348,0.6316905845913541,0.350547730829421,0.6444145130665534,False
0.5550934692325776,0.6313025210084033,0.35,0.6442071302378516,False
0.5550725842373986,0.6309152639272202,0.3494539781591264,0.6439997474091498,False
0.555020735328398,0.6305288093245808,0.34890965732087226,0.6437923645804481,False
0.5546844160443744,0.6301431532020749,0.3483670295489891,0.6435849817517463,False
0.5546760173388529,0.6297582915859143,0.34782608695652173,0.6433775989230445,False
0.5543465005340156,0.6293742205267405,0.34728682170542635,0.6431702160943427,False
0.5542512016336554,0.6289909360994359,0.34674922600619196,0.6429628332656409,False
0.5541455541972149,0.6286084344029363,0.3462132921174652,0.6427554504369392,False
0.5539378687916049,0.6282267115600448,0.345679012345679,0.6425480676082373,False
0.553831320865774,0.6278457637172484,0.34514637904468415,0.6423406847795355,False
0.5537845205002525,0.6274655870445344,0.3446153846153846,0.6421333019508337,False
0.5537031538269661,0.6270861777352108,0.34408602150537637,0.6419259191221319,False
0.5532683242550318,0.6284518893328027,0.34662576687116564,0.6436560229283603,False
0.5528194839685527,0.6280716990274505,0.3460949464012251,0.6434486400996586,False
0.5522112853645447,0.6276922720050104,0.345565749235474,0.6432412572709567,False
0.5488364146980694,0.6273136045174108,0.3450381679389313,0.643033874442255,False
0.5478845699689145,0.6269356928392218,0.3445121951219512,0.6428264916135532,False
0.5474839318595466,0.6282914403056847,0.3470319634703196,0.6445565954197816,False
0.5472917016916624,0.6279127604450432,0.3465045592705167,0.6443492125910798,False
0.5470829719081747,0.6275348323906745,0.34597875569044007,0.644141829762378,False
0.545748086096909,0.6288837744533947,0.3484848484848485,0.6458719335686064,False
0.5457247896388066,0.6285050913350098,0.34795763993948564,0.6456645507399046,False
0.5455606234295663,0.6214481555333998,0.3382352941176471,0.6417242769945708,False
0.545175811452405,0.621083762052925,0.3377386196769457,0.6415168941658689,False
0.5449779150960496,0.6207200476368658,0.33724340175953077,0.6413095113371672,False
0.5441336666061971,0.6220331370504679,0.3396778916544656,0.6430396151433956,False
0.5438026942184678,0.6233427079148253,0.34210526315789475,0.644769718949624,False
0.5433043908651669,0.6229768327515075,0.3416058394160584,0.6445623361209221,False
0.5432727255047795,0.6226116363267533,0.34110787172011664,0.6443549532922204,False
0.5427847369567981,0.6222471154300517,0.3406113537117904,0.6441475704635186,False
0.5418576381174675,0.6218832668693489,0.34011627906976744,0.6439401876348168,False
0.5416608632018042,0.6215200874709131,0.33962264150943394,0.643732804806115,False
0.5414601214488648,0.6228191636665743,0.34202898550724636,0.6454629086123433,False
0.5413956183820174,0.6224552608715829,0.341534008683068,0.6452555257836415,False
0.5412739997686037,0.6220920239071608,0.34104046242774566,0.6450481429549398,False
0.5410937734589718,0.6217294496453196,0.34054834054834054,0.644840760126238,False
0.5399359457844118,0.6230209518537253,0.34293948126801155,0.6465708639324663,False
0.5393891388728095,0.6243090543505685,0.34532374100719426,0.6483009677386947,False
0.539370832879442,0.6239444053483463,0.3448275862068966,0.648093584909993,False
0.539367047385271,0.6235804186161584,0.34433285509325684,0.6478862020812912,False
0.5392132947347122,0.6167864929463907,0.33519553072625696,0.6439459283359573,False
0.5391655544446049,0.6180433634699354,0.33751743375174337,0.6456760321421857,False
0.5390932243742279,0.6192970411187753,0.3398328690807799,0.647406135948414,False
0.538361772154895,0.6189430892618014,0.33936022253129344,0.6471987531197123,False
0.535828885624445,0.6185897435897436,0.3388888888888889,0.6469913702910105,False
0.5358280020754207,0.6182370013389421,0.33841886269070737,0.6467839874623087,False
0.5356562353612283,0.617884859760842,0.3379501385041551,0.6465766046336069,False
0.5349819051876624,0.6191302542591671,0.34024896265560167,0.6483067084398353,False
0.5322686896390174,0.6203725146392298,0.3425414364640884,0.6500368122460637,False
0.5314245035207088,0.6216116540660152,0.3448275862068966,0.6517669160522921,False
0.5314081398493633,0.6212563256559055,0.3443526170798898,0.6515595332235903,False
0.5292414522592603,0.6209016001372867,0.343878954607978,0.6513521503948885,False
0.5284389708249397,0.6221351422550052,0.34615384615384615,0.6530822542011169,False
0.5284228998987618,0.6233656049541298,0.3484224965706447,0.6548123580073453,False
0.528310980307144,0.6166906534363922,0.339572192513369,0.6508720842620114,False
0.5280331432258132,0.6163450500473792,0.3391188251001335,0.6506647014333096,False
0.5277888834150886,0.6187488167350681,0.34354194407456723,0.6541249090457663,False
0.5275418030826192,0.6184014172190281,0.34308510638297873,0.6539175262170646,False
0.5264190804520088,0.6180545731856306,0.3426294820717131,0.6537101433883628,False
0.5246904000849161,0.6177082821879236,0.3421750663129973,0.653502760559661,False
0.5239660191592593,0.617362541791715,0.34172185430463575,0.6532953777309591,False
0.5237524391311482,0.6170173495754891,0.3412698412698413,0.6530879949022574,False
0.5229995116661847,0.6182090850817028,0.34346103038309117,0.6548180987084857,False
0.5227191341975289,0.6178632856595567,0.34300791556728233,0.654610715879784,False
0.5226949125465286,0.6175180318402825,0.3425559947299078,0.6544033330510822,False
0.5226316741988475,0.6171733212341198,0.34210526315789475,0.6541959502223804,False
0.522454352170653,0.6168291514636662,0.3416557161629435,0.6539885673936786,False
0.5221339238400194,0.6164855201637958,0.34120734908136485,0.6537811845649768,False
0.5220095975312394,0.6161424249815788,0.34076015727391873,0.6535738017362751,False
0.5213717593022329,0.6157998635762009,0.3403141361256545,0.6533664189075733,False
0.5208775914211036,0.616980772891681,0.34248366013071896,0.6550965227138017,False
0.5206231304350148,0.6166376121098341,0.34203655352480417,0.6548891398850999,False
0.5203343565738924,0.6178146064554183,0.34419817470664926,0.6566192436913283,False
0.5202429121843162,0.6113719612066826,0.33587786259541985,0.6526789699459943,False
0.5199947171232037,0.6110379180874117,0.3354510800508259,0.6524715871172926,False
0.5197614793620542,0.610704364249519,0.3350253807106599,0.6522642042885908,False
0.5196329526611817,0.6103712975996398,0.33460076045627374,0.652056821459889,False
0.5184255757824026,0.6100387160548066,0.3341772151898734,0.6518494386311873,False
0.5182069231122419,0.6097066175423833,0.33375474083438683,0.6516420558024855,False
0.518053112793838,0.609375,0.3333333333333333,0.6514346729737837,False
0.5174569113005025,0.6105219564175466,0.3354350567465322,0.6531647767800121,False
0.5174156994188717,0.6101897535904871,0.3350125944584383,0.6529573939513102,False
0.5167575694397748,0.6098580296232561,0.33459119496855344,0.6527500111226084,False
0.5161158076899977,0.6095267824788583,0.3341708542713568,0.6525426282939066,False
0.5155861695479728,0.610667964894424,0.33626097867001253,0.654272732100135,False
0.5152616856555194,0.6103361402201724,0.3358395989974937,0.6540653492714332,False
0.514020389025399,0.6126086956521739,0.34,0.65752555688389,False
0.5138581774776586,0.6137411405996906,0.34207240948813983,0.6592556606901184,False
0.5136490400940599,0.6134066747008078,0.341645885286783,0.6590482778614166,False
0.513588148120147,0.6130726872336201,0.3412204234122042,0.6588408950327148,False
0.5134763011521094,0.6142005377810685,0.34328358208955223,0.6605709988389432,False
0.5132857825613063,0.6138660034198663,0.34285714285714286,0.6603636160102414,False
0.5127868637996253,0.613531945325168,0.3424317617866005,0.6601562331815396,False
0.5125762652812746,0.613198361495633,0.3420074349442379,0.6599488503528379,False
0.5123833436097782,0.6128652499396281,0.3415841584158416,0.659741467524136,False
0.5119367481951195,0.6125326086751663,0.3411619283065513,0.6595340846954343,False
0.5119216149992201,0.6122004357298475,0.34074074074074073,0.6593267018667325,False
0.5117695721959394,0.6118687291407992,0.3403205918618989,0.6591193190380307,False
0.5112417565926985,0.6115374869546171,0.3399014778325123,0.658911936209329,False
0.5111616289553697,0.6112067072273077,0.33948339483394835,0.6587045533806271,False
0.5111455660500804,0.6108763880242293,0.33906633906633904,0.6584971705519254,False
0.5099623368329577,0.6105465274200347,0.33865030674846625,0.6582897877232236,False
0.5099207056698128,0.6098881743530385,0.3378212974296206,0.65787502206582,False
0.5097783427158848,0.609559678085503,0.3374083129584352,0.6576676392371182,False
0.5096792528784966,0.6089040366386197,0.33658536585365856,0.6572528735797147,False
0.5095967247884856,0.6027626043365539,0.3289630512514899,0.6533125998343807,False
0.5093981289747791,0.6024436090225563,0.32857142857142857,0.653105217005679,False
0.5092301953059936,0.6021250253317646,0.3281807372175981,0.6528978341769772,False
0.5087245893295789,0.6018068515694782,0.32779097387173395,0.6526904513482754,False
0.5085698339871507,0.5958372387047447,0.3205574912891986,0.6487501776029415,False
0.5085472863841255,0.5955269193681815,0.32018561484918795,0.6485427947742397,False
0.5084061712362447,0.5965961346273245,0.32213209733487835,0.6502728985804681,False
0.5083872277048079,0.5962852733686067,0.32175925925925924,0.6500655157517663,False
0.5081782951548093,0.5973513647864076,0.3236994219653179,0.6517956195579947,False
0.5076234780313558,0.5984152581827221,0.325635103926097,0.6535257233642231,False
0.5073968724514298,0.5981029543440376,0.32525951557093424,0.6533183405355213,False
0.5073924600653207,0.5977910282639378,0.3248847926267281,0.6531109577068195,False
0.5065434214269795,0.597479478412237,0.3245109321058688,0.6529035748781177,False
0.5063636841408334,0.5971683032655857,0.32413793103448274,0.652696192049416,False
0.5061022663488358,0.5982264062265907,0.32606199770378874,0.6544262958556444,False
0.5058347094790567,0.5979147080753395,0.3256880733944954,0.6542189130269425,False
0.5054607626545509,0.5976033831376005,0.32531500572737687,0.6540115301982408,False
0.5051957808195942,0.5972924299066366,0.32494279176201374,0.653804147369539,False
0.5047362192442031,0.5969818468823994,0.32457142857142857,0.6535967645408371,False
0.5044348268966028,0.5966716325714908,0.3242009132420091,0.6533893817121355,False
0.5042585460738443,0.5977231285377587,0.3261117445838084,0.6551194855183637,False
0.5042023891079004,0.5974123974011136,0.32574031890660593,0.6549121026896619,False
0.5033829820988635,0.5971020335136825,0.3253697383390216,0.6547047198609602,False
0.5032565963946527,0.5967920353982301,0.325,0.6544973370322584,False
0.5030878215555729,0.5978387632593773,0.32690124858115777,0.6562274408384867,False
0.5029560063223032,0.5999258871293072,0.33069082672706684,0.6596876484509435,False
0.5028416797026986,0.5996136411912997,0.33031674208144796,0.6594802656222418,False
0.5023423783831291,0.5993017624866265,0.32994350282485874,0.6592728827935399,False
0.5022972932478884,0.5989902495471825,0.3295711060948081,0.6590654999648382,False
0.502012585037451,0.5986791009112845,0.32919954904171367,0.6588581171361364,False
0.5018629159257085,0.5997160724554341,0.3310810810810811,0.6605882209423648,False
0.5018279078007719,0.6007509701943431,0.3329583802024747,0.6623183247485931,False
0.5018182264587885,0.6004384762948753,0.3325842696629214,0.6621109419198914,False
0.5016728059839495,0.6001263466333326,0.33221099887766553,0.6619035590911896,False
0.5009486412422646,0.5998145797605453,0.33183856502242154,0.6616961762624878,False
0.5007853881515812,0.5995031742336359,0.3314669652855543,0.6614887934337861,False
0.5004298291041599,0.6005326231691078,0.3333333333333333,0.6632188972400144,False
0.499899256230764,0.601560029514072,0.33519553072625696,0.6649490010462428,False
0.4997505195645899,0.602585400279117,0.33705357142857145,0.6666791048524712,False
0.49961298711876195,0.6022718410691645,0.3366778149386845,0.6664717220237694,False
0.4993816825919166,0.6019586444628915,0.3363028953229399,0.6662643391950676,False
0.4992069236134567,0.601645809026742,0.3359288097886541,0.6660569563663659,False
0.49775509331110407,0.6013333333333334,0.33555555555555555,0.665849573537664,False
0.4976949542146857,0.601021215961421,0.33518312985571586,0.6656421907089622,False
0.4969164240892061,0.6020404239775451,0.3370288248337029,0.6673722945151905,False
0.4968685753287057,0.6017278407088669,0.33665559246954596,0.6671649116864888,False
0.4968523769150443,0.6014156142726672,0.336283185840708,0.666957528857787,False
0.4948384632178034,0.5955492754468427,0.3293607800650054,0.6630172551124531,False
0.4947178261460032,0.5952438981929599,0.329004329004329,0.6628098722837514,False
0.4940214192158425,0.5962433942322211,0.3308108108108108,0.6645399760899797,False
0.4935078946661666,0.5959375552146262,0.3304535637149028,0.664332593261278,False
0.4932160010909945,0.5956320446953566,0.3300970873786408,0.6641252104325761,False
0.4927776914207418,0.5953268613904139,0.3297413793103448,0.6639178276038744,False
0.49273747845906885,0.5950220040211298,0.3293864370290635,0.6637104447751726,False
0.49273444075359046,0.5944132620013416,0.32867883995703545,0.6632956791177691,False
0.4925997423735814,0.5941093748198923,0.3283261802575107,0.6630882962890673,False
0.49187924603489946,0.5938058085121545,0.3279742765273312,0.6628809134603655,False
0.49143803114434703,0.5935025618256807,0.32762312633832974,0.6626735306316637,False
0.4913848856333138,0.5931996335131833,0.32727272727272727,0.6624661478029619,False
0.49129243426333263,0.5928970223325062,0.3269230769230769,0.6622587649742602,False
0.4911402533091931,0.5925947270465975,0.3265741728922092,0.6620513821455584,False
0.4909197293823077,0.5922927464234823,0.326226012793177,0.6618439993168566,False
0.4908967374636868,0.5919910792362348,0.3258785942492013,0.6616366164881549,False
0.49055721580903283,0.5913886802867262,0.32518597236981933,0.6612218508307512,False
0.4902241537637964,0.5910879460956185,0.3248407643312102,0.6610144680020494,False
0.48953594489887303,0.5907875204826323,0.3244962884411453,0.6608070851733476,False
0.4894812087315027,0.5917711407966406,0.326271186440678,0.6625371889795759,False
0.489471882502514,0.5927529260862594,0.328042328042328,0.6642672927858044,False
0.489295173340962,0.5870733231313771,0.3215767634854772,0.6603270190404705,False
0.4886846210017047,0.5867773422668248,0.32124352331606215,0.6601196362117687,False
0.48851597587967394,0.5864816480219198,0.32091097308488614,0.6599122533830669,False
0.4877065074257241,0.5858911149565892,0.3202479338842975,0.6594974877256634,False
0.48593108975696414,0.58685394836408,0.3219814241486068,0.6612275915318917,False
0.485415378410247,0.5865583765795537,0.3216494845360825,0.66102020870319,False
0.48523583143442917,0.5862630881241253,0.3213182286302781,0.6608128258744882,False
0.4851989723176563,0.5859680819030413,0.32098765432098764,0.6606054430457864,False
0.48501552664364767,0.5856733568258498,0.32065775950668035,0.6603980602170847,False
0.4849180710761539,0.5866315434927639,0.32238193018480493,0.662128164023313,False
0.4844756502403692,0.5810702144418691,0.3162134944612286,0.6581878902779791,False
0.4843476568211768,0.5807801872515164,0.3158953722334004,0.6579805074492773,False
0.4840126203262036,0.5802009126423952,0.3152610441767068,0.6575657417918738,False
0.4838007473554145,0.5820810180105782,0.3186372745490982,0.6610259494043305,False
0.4832438974202807,0.5830186014235095,0.3203203203203203,0.662756053210559,False
0.4831490991141013,0.5839545454545455,0.322,0.6644861570167873,False
0.4827938760406638,0.5836625297866489,0.32167832167832167,0.6642787741880855,False
0.4826160046521233,0.5845961555742539,0.32335329341317365,0.6660088779943139,False
0.4825727725266074,0.5855281551297892,0.325024925224327,0.6677389818005421,False
0.48250639178788474,0.5852350380099257,0.3247011952191235,0.6675315989718404,False
0.48245135123923216,0.5797145435651704,0.31867057673509286,0.6635913252265065,False
0.48245018368322545,0.5742821682100736,0.31285988483685223,0.6596510514811726,False
0.4821247898415636,0.5739985753741293,0.31255992329817833,0.6594436686524708,False
0.48198000919132533,0.5737152085114468,0.31226053639846746,0.659236285823769,False
0.48179789325544253,0.5734320667549262,0.3119617224880383,0.6590289029950673,False
0.48179567778541316,0.5731491492405831,0.31166347992351817,0.6588215201663655,False
0.4817767764696533,0.5728664551075338,0.3113658070678128,0.6586141373376637,False
0.4816296944315519,0.5723017335571915,0.3107721639656816,0.6581993716802601,False
0.4812798917555721,0.5720197044334976,0.31047619047619046,0.6579919888515584,False
0.4812284852601068,0.5667019954689569,0.3049579045837231,0.6540517151062245,False
0.4795612870462773,0.5664242084133733,0.30467289719626167,0.6538443322775227,False
0.4795387698199563,0.5673113320172144,0.3062558356676004,0.6555744360837511,False
0.47950397391324806,0.5670331337765884,0.30597014925373134,0.6553670532550493,False
0.4790261014835687,0.567918212674873,0.30754892823858343,0.6570971570612777,False
0.47854607969576973,0.5676396066915131,0.30726256983240224,0.6568897742325759,False
0.4782373073161293,0.5670830052030854,0.3066914498141264,0.6564750085751723,False
0.4782297968624387,0.5668050081284468,0.3064066852367688,0.6562676257464706,False
0.47796846342413885,0.5665272124583289,0.30612244897959184,0.6560602429177688,False
0.47795942822642745,0.5659722222222222,0.3055555555555556,0.6556454772603653,False
0.47762242594142423,0.5668516305659715,0.3071230342275671,0.6573755810665936,False
0.47755498680048636,0.5677296345350547,0.30868761552680224,0.659105684872822,False
0.47724328063425114,0.5674512347948618,0.30840258541089566,0.6588983020441201,False
0.4772344818884492,0.5671730350297015,0.3081180811808118,0.6586909192154183,False
0.47708483808985236,0.5619242251071875,0.3028105167724388,0.6547506454700844,False
0.47708082583067724,0.5616498664075784,0.302536231884058,0.6545432626413827,False
0.47614148171848775,0.561375692033776,0.302262443438914,0.6543358798126809,False
0.4761306944373931,0.5611017012678442,0.30198915009041594,0.6541284969839791,False
0.476004019610922,0.5619641731008505,0.3035230352303523,0.6558586007902075,False
0.4759312105138401,0.5616897863879067,0.30324909747292417,0.6556512179615057,False
0.47578160641705447,0.5614155826389413,0.30297565374211,0.655443835132804,False
0.4750852166614558,0.5611415611415611,0.3027027027027027,0.6552364523041021,False
0.47461541200764634,0.5608677211857348,0.30243024302430244,0.6550290694754004,False
0.4745324236002982,0.5556983274958032,0.2973451327433628,0.6510887957300665,False
0.4744636890068647,0.555427972807477,0.29708222811671087,0.6508814129013647,False
0.47335541182625906,0.5562754792837485,0.29858657243816256,0.652611516707593,False
0.47326281093076944,0.5560047334673559,0.29832303618711387,0.6524041338788913,False
0.47324154308757976,0.5568504007322572,0.2998236331569665,0.6541342376851197,False
0.4728480760500948,0.5565792667496423,0.29955947136563876,0.6539268548564179,False
0.4722740836653255,0.5563083000819173,0.2992957746478873,0.6537194720277162,False
0.4720750684719828,0.5560375000696303,0.2990325417766051,0.6535120891990143,False
0.472029714575072,0.5557668660554423,0.29876977152899825,0.6533047063703126,False
0.4719791580253362,0.555496397384119,0.29850746268656714,0.6530973235416108,False
0.47116147924118784,0.5552260934025204,0.2982456140350877,0.652889940712909,False
0.47112818730194606,0.5549559534595914,0.2979842243645925,0.6526825578842073,False
0.4710875464297309,0.5546859769063528,0.29772329246935203,0.6524751750555053,False
0.4709310110000516,0.5544161630958921,0.2974628171478565,0.6522677922268036,False
0.4703834179474238,0.5541465113833535,0.2972027972027972,0.6520604093981018,False
0.4697921408915549,0.5549854011976663,0.2986899563318777,0.6537905132043302,False
0.4697630696708255,0.5547153649044816,0.29842931937172773,0.6535831303756284,False
0.46950621775507206,0.5544454901417349,0.2981691368788143,0.6533757475469266,False
0.46909952986371567,0.5552820398517115,0.29965156794425085,0.655105851353155,False
0.46881520168834184,0.5550117834353827,0.299390774586597,0.6548984685244532,False
0.46846659796963613,0.5547416879795397,0.2991304347826087,0.6546910856957515,False
0.46810656923290733,0.554471752846635,0.2988705473501303,0.6544837028670496,False
0.4676661279536551,0.55420197740113,0.2986111111111111,0.6542763200383479,False
0.46757146173436676,0.5539323610094856,0.2983521248915872,0.6540689372096461,False
0.4673747641794507,0.5536629030401536,0.29809358752166376,0.6538615543809443,False
0.4669385280623132,0.5544949749896746,0.2995670995670996,0.6555916581871727,False
0.4668240770366375,0.5542251385224489,0.29930795847750863,0.6553842753584709,False
0.4664805076113741,0.555055446450924,0.30077787381158166,0.6571143791646993,False
0.4664647246209071,0.5547852342599174,0.3005181347150259,0.6569069963359975,False
0.4659729290472708,0.555613786205941,0.30198446937014667,0.6586371001422259,False
0.46585619189282274,0.5553432010409889,0.3017241379310345,0.6584297173135241,False
0.46477913940628307,0.5550727738551765,0.301464254952627,0.6582223344848223,False
0.46446270403126505,0.5548025040226977,0.30120481927710846,0.6580149516561205,False
0.46387504957539344,0.5496964560346436,0.29635901778154106,0.6540746779107867,False
0.463842637303758,0.5494292047858705,0.2961082910321489,0.6538672950820849,False
0.46319560690930156,0.5443782558751251,0.29142381348875934,0.649927021336751,False
0.46277198382120405,0.5441137884374067,0.2911813643926789,0.6497196385080491,False
0.46262092273969124,0.5438494542771022,0.29093931837073983,0.6495122556793473,False
0.4624521845079764,0.5435852528432394,0.29069767441860467,0.6493048728506456,False
0.46228813333477153,0.5433211835864669,0.29045643153526973,0.6490974900219437,False
0.46216202547094215,0.544124869216151,0.29187396351575456,0.6508275938281722,False
0.4621096969514642,0.5438604325550672,0.2916321458160729,0.6506202109994704,False
0.46179490751643865,0.5446624917850462,0.29304635761589404,0.6523503148056988,False
0.46112746440338626,0.5443976901939818,0.29280397022332505,0.6521429319769969,False
0.46059317979277703,0.5441330203751553,0.29256198347107437,0.6519355491482952,False
0.4605837726428441,0.5438684817832241,0.29232039636663915,0.6517281663195934,False
0.4605615247154221,0.5436040738744361,0.29207920792079206,0.6515207834908916,False
0.4604530143184907,0.5430756479391964,0.2915980230642504,0.6511060178334881,False
0.4602893845377805,0.5438736227266693,0.29300411522633746,0.6528361216397165,False
0.46023526147317156,0.5446704865653618,0.2944078947368421,0.6545662254459449,False
0.4601072664856256,0.545466242338251,0.29580936729663104,0.6562963292521733,False
0.4597716852937445,0.5462608929189843,0.29720853858784896,0.6580264330584016,False
0.45976588629743126,0.5459949193968809,0.2969647251845775,0.6578190502296999,False
0.4595112364426003,0.5457290767903364,0.2967213114754098,0.657611667400998,False
0.45934468736725803,0.5465216570744209,0.29811629811629814,0.6593417712072264,False
0.4593121491100531,0.5414857320099256,0.29354838709677417,0.6554014974618925,False
0.4589966382694674,0.5412219240856843,0.29331184528605964,0.6551941146331908,False
0.4589386627660744,0.5409582366104105,0.29307568438003223,0.6549867318044889,False
0.4584639875032943,0.5406946690739249,0.2928399034593725,0.6547793489757872,False
0.4581195043517972,0.5404312209674774,0.29260450160771706,0.6545719661470853,False
0.457680751433178,0.5412117785220304,0.29397590361445786,0.6563020699533137,False
0.45762057719308136,0.5409479810598538,0.29373996789727125,0.656094687124612,False
0.4568811110102449,0.5404207425522455,0.2932692307692308,0.6556799214672084,False
0.456757727079388,0.5411988468153468,0.2946357085668535,0.6574100252734367,False
0.45671686599871825,0.5409349397590362,0.2944,0.657202642444735,False
0.45636491060141154,0.5417115331595894,0.29576338928856916,0.6589327462509633,False
0.4563552117646802,0.5414472812641529,0.2955271565495208,0.6587253634222616,False
0.4560680170301692,0.5411831474247194,0.29529130087789307,0.6585179805935598,False
0.45574976981103593,0.5409191311392545,0.29505582137161085,0.658310597764858,False
0.4556124805205641,0.5406552319071122,0.2948207171314741,0.6581032149361563,False
0.4555990358637807,0.5356627307323243,0.2904238618524333,0.6541629411908223,False
0.45548355278432845,0.5354010695187166,0.2901960784313726,0.6539555583621206,False
0.4553906370039059,0.5351395151555692,0.28996865203761757,0.6537481755334188,False
0.4553670822218025,0.5346167250958443,0.2895148669796557,0.6533334098760153,False
0.4551232021844895,0.5343554884600112,0.28928850664581707,0.6531260270473134,False
0.45487023230143253,0.533833329637659,0.2888368462138954,0.6527112613899099,False
0.45481084858813836,0.5335724065193788,0.28861154446177845,0.6525038785612081,False
0.45473705285655325,0.533311586977252,0.2883865939204988,0.6522964957325064,False
0.4547331341950157,0.5283750868693957,0.28417818740399386,0.6483562219871724,False
0.4547153696786906,0.5281162432650587,0.283960092095165,0.6481488391584707,False
0.45441579003823207,0.5278574937691718,0.2837423312883436,0.6479414563297689,False
0.45439563645152403,0.52860932171277,0.2850574712643678,0.6496715601359973,False
0.4541244082624815,0.5293601887047941,0.28637059724349156,0.6514016639422255,False
0.45326731069038556,0.5291006665793073,0.2861514919663351,0.6511942811135238,False
0.45323182621421426,0.5288412386666308,0.28593272171253825,0.650986898284822,False
0.45297164725165473,0.5285819045291057,0.2857142857142857,0.6507795154561202,False
0.4529409311357553,0.5283226637301928,0.28549618320610687,0.6505721326274185,False
0.4527757753529453,0.528063515834468,0.28527841342486654,0.6503647497987166,False
0.4522638905139641,0.5278044604076177,0.2850609756097561,0.6501573669700149,False
0.45130297049231227,0.5285517898875394,0.2863670982482864,0.6518874707762432,False
0.45098686530560034,0.5292981715044355,0.2876712328767123,0.6536175745824717,False
0.4505070787569954,0.5290383532445049,0.2874524714828897,0.6534101917537698,False
0.45046053174306855,0.5287786275449602,0.2872340425531915,0.6532028089250681,False
0.45030840515486,0.5285189939730099,0.2870159453302961,0.6529954260963663,False
0.4501733694931907,0.5282594520969592,0.2867981790591806,0.6527880432676645,False
0.4500325704178387,0.5280000014862045,0.28658074298711145,0.6525806604389628,False
0.4499751850193317,0.52774064171123,0.2863636363636364,0.6523732776102609,False
0.44991442024281414,0.5274813723436023,0.2861468584405753,0.6521658947815592,False
0.44956969227566057,0.5272221929559668,0.2859304084720121,0.6519585119528574,False
0.4495537030523857,0.5279642394117323,0.2872260015117158,0.6536886157590858,False
0.44907387220349576,0.5277047279929081,0.28700906344410876,0.653481232930384,False
0.44854011948670813,0.5274453061696955,0.28679245283018867,0.6532738501016822,False
0.4484415342126624,0.5271859735170833,0.2865761689291101,0.6530664672729803,False
0.4476523997942294,0.526926729611123,0.2863602110022607,0.6528590844442785,False
0.44757629561260004,0.5220174010442973,0.2823179791976226,0.6489188106989447,False
0.4472390090401675,0.5217598446420123,0.28210838901262064,0.6487114278702429,False
0.4468932265673214,0.5224909997920213,0.28338278931750743,0.6504415316764713,False
0.4468511003520348,0.5222331141547932,0.28317272053372866,0.6502341488477695,False
0.4467994183004299,0.5219753086419754,0.28296296296296297,0.6500267660190677,False
0.4459977210196379,0.5227047498637618,0.2842339008142117,0.651756869825296,False
0.44592263896251466,0.5224466169282223,0.28402366863905326,0.6515494869965943,False
0.445755836541418,0.523174758669886,0.2852919438285292,0.6532795908028227,False
0.4457357753332667,0.5229163000676854,0.28508124076809455,0.6530722079741209,False
0.4450024477190475,0.5223996218586697,0.28466076696165193,0.6526574423167173,False
0.44423541357911933,0.5231256622115501,0.28592483419307296,0.6543875461229457,False
0.4438963760385242,0.5228670389481869,0.2857142857142857,0.6541801632942439,False
0.44368033208532204,0.5226084947172279,0.28550404709345106,0.6539727804655422,False
0.44364176796239346,0.5223500291205592,0.2852941176470588,0.6537653976368403,False
0.4432946317437153,0.5220916417610153,0.28508449669360764,0.6535580148081386,False
0.44310544718309525,0.5218333322423758,0.28487518355359764,0.6533506319794368,False
0.44301473676841796,0.5215751001693615,0.2846661775495231,0.653143249150735,False
0.44295784852546055,0.5213169451476303,0.2844574780058651,0.6529358663220333,False
0.442818556500919,0.5210588667837739,0.28424908424908424,0.6527284834933315,False
0.4419560575816678,0.520800864685314,0.2840409956076135,0.6525211006646296,False
0.44152168258804736,0.5215224217324846,0.2852962692026335,0.654251204470858,False
0.4415113173442435,0.5212640977443609,0.2850877192982456,0.6540438216421562,False
0.4414193637280453,0.5210058496614713,0.28487947406866326,0.6538364388134545,False
0.4411781287568263,0.5207476770933328,0.2846715328467153,0.6536290559847526,False
0.44112072711189615,0.5204895796503793,0.2844638949671772,0.6534216731560509,False
0.4409330203180011,0.5202315569439578,0.28425655976676384,0.6532142903273491,False
0.440771644102544,0.5209502645200252,0.2855061908230153,0.6549443941335775,False
0.44075335439451746,0.5206919217227758,0.2852983988355167,0.6547370113048757,False
0.4404086917509944,0.5204336533032186,0.2850909090909091,0.6545296284761739,False
0.4403387062929313,0.520175458874659,0.28488372093023256,0.6543222456474722,False
0.4402526801193507,0.519917338051303,0.28467683369644153,0.6541148628187703,False
0.44017923581573803,0.5196592904482531,0.2844702467343977,0.6539074799900686,False
0.439889619968953,0.5194013156815046,0.28426395939086296,0.6537000971613668,False
0.4395858978841359,0.5191434133679429,0.28405797101449276,0.653492714332665,False
0.43923101561566613,0.5188855831253393,0.2838522809558291,0.6532853315039633,False
0.4390656411151437,0.5186278245723477,0.28364688856729375,0.6530779486752614,False
0.43848137665535153,0.5183701373285013,0.28344179320318147,0.6528705658465597,False
0.438278607411846,0.518112521014209,0.2832369942196532,0.6526631830178579,False
0.4381203199662166,0.517854975250752,0.28303249097472927,0.652455800189156,False
0.4377090870146419,0.5175974996602799,0.2828282828282828,0.6522484173604544,False
0.43765035314951445,0.5173400938658085,0.28262436914203315,0.6520410345317524,False
0.43764135933056764,0.5170827574912151,0.2824207492795389,0.6518336517030507,False
0.43745488582488695,0.5168254901612358,0.2822174226061915,0.6516262688743489,False
0.4370151096092991,0.5175370925204973,0.28345323741007195,0.6533563726805773,False
0.4364606940498129,0.5172795071620844,0.28324946081955427,0.6531489898518756,False
0.4361841477026464,0.5170219905017551,0.28304597701149425,0.6529416070231737,False
0.43557319678041456,0.5121417349163069,0.27923458540042523,0.6490013332778399,False
0.4355182734714801,0.5118855149016455,0.2790368271954674,0.6487939504491381,False
0.43524908259968004,0.5116293559162821,0.2788393489030432,0.6485865676204363,False
0.4349110587861299,0.5113732576038766,0.27864214992927866,0.6483791847917346,False
0.4348278856302274,0.5065184492228365,0.2749476622470342,0.6444389110464006,False
0.43462045680106015,0.5062634907171206,0.27475592747559274,0.6442315282176989,False
0.43455264646606523,0.5060085855767583,0.2745644599303136,0.6440241453889971,False
0.43438845606271487,0.5057537334618811,0.2743732590529248,0.6438167625602953,False
0.4336955926758027,0.5054989340333366,0.2741823242867084,0.6436093797315936,False
0.43316261502157744,0.5052441869526847,0.27399165507649514,0.6434019969028917,False
0.43313004553855483,0.5049894918821961,0.2738012508686588,0.64319461407419,False
0.4327648099003472,0.5047348484848485,0.27361111111111114,0.6429872312454882,False
0.43270594819505126,0.5044802564243243,0.2734212352532963,0.6427798484167864,False
0.432531216744535,0.4996523190320562,0.26986301369863014,0.6388395746714526,False
0.43246848105536906,0.5003370183804039,0.27104722792607805,0.6405696784776809,False
0.4323263875978317,0.500083024221535,0.2708618331053352,0.6403622956489791,False
0.43191668061302096,0.4998290748461196,0.2706766917293233,0.6401549128202773,False
0.4317780426750124,0.5005122950819672,0.2718579234972678,0.6418850166265057,False
0.4313004094137959,0.5002580326205273,0.2716723549488055,0.6416776337978038,False
0.4311034124368057,0.5000038146469961,0.27148703956343795,0.6414702509691022,False
0.43091009826984983,0.4997496408398965,0.2713019768234492,0.6412628681404003,False
0.43054348026555245,0.4992414244422898,0.27093260721579304,0.6408481024829968,False
0.43041664959908743,0.4989873812120268,0.2707482993197279,0.6406407196542949,False
0.42997111625796947,0.4987333808686787,0.27056424201223656,0.6404333368255932,False
0.429638973197137,0.499413353404764,0.2717391304347826,0.6421634406318215,False
0.4295006295602142,0.4991590415095866,0.27155465037338766,0.6419560578031198,False
0.4290498990014894,0.4989047722071346,0.27137042062415195,0.6417486749744179,False
0.4289474233792832,0.4986505451797474,0.2711864406779661,0.6415412921457162,False
0.4286353790109163,0.4983963601103901,0.27100271002710025,0.6413339093170144,False
0.42857610283026015,0.4981422166826508,0.2708192281651997,0.6411265264883126,False
0.4284990453999012,0.4988196765202918,0.2719891745602165,0.6428566302945411,False
0.42837641197099896,0.4983108108108108,0.2716216216216216,0.6424418646371375,False
0.42836634510195687,0.4980564396621042,0.2714382174206617,0.6422344818084357,False
0.4282508542431492,0.4978021092311412,0.27125506072874495,0.6420270989797339,False
0.42778764137082487,0.49847742545891993,0.2724207687120701,0.6437572027859623,False
0.42773509833956463,0.4982227863296339,0.2722371967654987,0.6435498199572605,False
0.42754324920700393,0.49889701613839543,0.2734006734006734,0.6452799237634889,False
0.4272879637842642,0.49864206963854774,0.2732166890982503,0.645072540934787,False
0.4272381948014387,0.49838716357851187,0.2730329522528581,0.6448651581060854,False
0.4268607448419041,0.4990599643775975,0.27419354838709675,0.6465952619123136,False
0.42683165200935846,0.49880475227952226,0.2740094022834117,0.646387879083612,False
0.4267991923028219,0.49854958032235364,0.2738255033557047,0.6461804962549101,False
0.4267479708443184,0.4982944481933813,0.27364185110663986,0.6459731134262083,False
0.4266016663601662,0.49803935558049617,0.2734584450402145,0.6457657305975065,False
0.42641554235085344,0.4977843021721879,0.2732752846617549,0.6455583477688047,False
0.4258747565514943,0.49752928765754256,0.27309236947791166,0.645350964940103,False
0.42547245354821384,0.4972743117262407,0.2729096989966555,0.6451435821114012,False
0.4254035557446861,0.4970193740685544,0.2727272727272727,0.6449361992826994,False
0.42527777840061826,0.49676447437534565,0.2725450901803607,0.6447288164539977,False
0.42478509972622835,0.49650961233806357,0.27236315086782376,0.6445214336252958,False
0.42425609886974536,0.49625478764874265,0.27218145430286855,0.6443140507965941,False
0.42422862953110774,0.496,0.272,0.6441066679678923,False
0.42411031253709947,0.4957452490850333,0.27181878747501664,0.6438992851391905,False
0.4240400384372956,0.4954905345976188,0.27163781624500666,0.6436919023104888,False
0.42334523700867216,0.49523585623210853,0.2714570858283433,0.6434845194817869,False
0.42328339676956217,0.49498121368342873,0.2712765957446808,0.6432771366530852,False
0.42313709761202983,0.4947266066470771,0.27109634551495015,0.6430697538243834,False
0.42295698675363447,0.49447203481912105,0.27091633466135456,0.6428623709956816,False
0.42266257392350465,0.4951379392103057,0.272063702720637,0.6445924748019098,False
0.42258435176659387,0.49580313013704236,0.27320954907161804,0.6463225786081384,False
0.4225527699180857,0.4955479152839325,0.2730284956925116,0.6461151957794365,False
0.4224642364944754,0.49529273566114507,0.2728476821192053,0.6459078129507347,False
0.4224254199778522,0.49595653984434707,0.2739907346128392,0.647637916756963,False
0.4217391048609254,0.4957010582010582,0.27380952380952384,0.6474305339282613,False
0.4210157242466378,0.4908532019997167,0.27041149575440887,0.6434902601829274,False
0.42070461832773604,0.4905983621385621,0.27023498694516973,0.6432828773542256,False
0.4206239445540621,0.49034355125941465,0.2700587084148728,0.6430754945255239,False
0.4205502346198542,0.48550726579077097,0.2667525773195876,0.6391352207801899,False
0.4203158128890405,0.4852529739014403,0.26658081133290407,0.6389278379514882,False
0.42013205808585247,0.48499870496750375,0.26640926640926643,0.6387204551227864,False
0.42008064226599856,0.48564762354751445,0.267524115755627,0.6404505589290148,False
0.4197902591292847,0.48539305404342625,0.26735218508997427,0.640243176100313,False
0.41955603775714795,0.48056022408963583,0.26412698412698415,0.6363029023549791,False
0.41954382469179813,0.4803060552641081,0.2639593908629442,0.6360955195262774,False
0.4191976067255113,0.4800519035819476,0.2637920101458465,0.6358881366975756,False
0.41914856575880877,0.47979776877115277,0.26362484157160965,0.6356807538688738,False
0.4191426160439421,0.4795436505601606,0.2634578847371754,0.635473371040172,False
0.4190426422226201,0.4792895486778448,0.26329113924050634,0.6352659882114702,False
0.4190165569109202,0.4790354628535143,0.2631246046805819,0.6350586053827685,False
0.41898503915383284,0.47878139281691157,0.2629582806573957,0.6348512225540667,False
0.418851441099307,0.4785273382982107,0.262792166771952,0.6346438397253649,False
0.4186987448756126,0.478273299028016,0.26262626262626265,0.6344364568966632,False
0.41829786333660385,0.47801927473736006,0.26246056782334387,0.6342290740679613,False
0.41754286729600704,0.47865797410615035,0.2635561160151324,0.6359591778741897,False
0.41735437486875626,0.4784036504307966,0.26339004410838057,0.6357517950454878,False
0.4172983734867852,0.47789504694684115,0.263058527375708,0.6353370293880842,False
0.4170568607564673,0.47764076660228794,0.2628930817610063,0.6351296465593825,False
0.4168769630575625,0.4782775717770559,0.26398491514770583,0.6368597503656109,False
0.4168279832757556,0.4780229931168447,0.2638190954773869,0.6366523675369091,False
0.4167943539760623,0.4777684283634518,0.263653483992467,0.6364449847082074,False
0.4166327215286142,0.4775138772498815,0.26348808030112925,0.6362376018795055,False
0.4166080751693167,0.47267964555873676,0.26038437693738375,0.6322973281341717,False
0.41658812754024444,0.4721709861724012,0.26006191950464397,0.6318825624767681,False
0.41643845027010556,0.47191666841102714,0.2599009900990099,0.6316751796480664,False
0.4161511823419665,0.4716623582602964,0.2597402597402597,0.6314677968193645,False
0.41610865083911563,0.4714080554627704,0.2595797280593325,0.6312604139906628,False
0.4159155109092803,0.47089947089947093,0.25925925925925924,0.6308456483332592,False
0.41525543197051873,0.47064518862070803,0.2590993214065392,0.6306382655045575,False
0.41515745106520024,0.47039091266916844,0.2589395807644883,0.6304308826758556,False
0.4150441453418576,0.471017546126301,0.26001232285890324,0.632160986482084,False
0.4148697634994922,0.4707629727811639,0.25985221674876846,0.6319536036533822,False
0.4141682066241432,0.47050840550178297,0.25969230769230767,0.6317462208246805,False
0.4140641687640991,0.47025384403287596,0.25953259532595324,0.6315388379959787,False
0.41405756743124345,0.46999928811952946,0.25937307928703135,0.6313314551672768,False
0.4132555072416905,0.46974473750719775,0.2592137592137592,0.631124072338575,False
0.41308570427799873,0.46949019194170105,0.2590546347452425,0.6309166895098732,False
0.4128489004442385,0.4701144000911295,0.26012269938650306,0.6326467933161017,False
0.41273544793585326,0.46985955808778546,0.25996321275291234,0.6324394104873998,False
0.41272063342739995,0.46960472086923943,0.25980392156862747,0.6322320276586981,False
0.41265901641914193,0.47022772128668877,0.2608695652173913,0.6339621314649264,False
0.4126238912644836,0.4699725885995355,0.2607099143206854,0.6337547486362247,False
0.4125463410562182,0.4697174604334954,0.26055045871559634,0.6335473658075229,False
0.41226636788999793,0.4694623365352886,0.2603911980440098,0.6333399829788211,False
0.4121176903158982,0.470083835617061,0.26145387904703726,0.6350700867850495,False
0.41209103941471037,0.4698284171968382,0.2612942612942613,0.6348627039563477,False
0.41109457672251964,0.4695730027794005,0.2611348383160464,0.634655321127646,False
0.4110160428876284,0.46931759211209134,0.26097560975609757,0.6344479382989441,False
0.41088370909740957,0.46906218494260943,0.26081657525898844,0.6342405554702424,False
0.410775571060574,0.46880678101900675,0.26065773447015833,0.6340331726415406,False
0.41061612508015616,0.46942619263275,0.26171637248934876,0.635763276447769,False
0.41057430337495004,0.46891480052938533,0.2613981762917933,0.6353485107903654,False
0.4103640126939295,0.4686591086963699,0.26123936816524906,0.6351411279616636,False
0.4103208443118931,0.4684034193410299,0.2610807528840316,0.6349337451329617,False
0.4102380480564914,0.46814773221272277,0.2609223300970874,0.63472636230426,False
0.410220765242466,0.4687650707739307,0.2619769557307459,0.6364564661104883,False
0.41017906240084495,0.4682531130045743,0.2616596002422774,0.6360417004530848,False
0.410032569132468,0.46338957473792364,0.25868263473053893,0.6321014267077509,False
0.4095910656141899,0.46313358397691345,0.2585278276481149,0.6318940438790492,False
0.4095199046756868,0.46287758999527695,0.2583732057416268,0.6316866610503473,False
0.40936465616193474,0.46262159254986673,0.2582187686790197,0.6314792782216456,False
0.40901331660489226,0.4577566618467259,0.2553191489361702,0.6275390044763117,False
0.4088318052561987,0.45750054453898703,0.2551683402244536,0.6273316216476099,False
0.4088101989698821,0.4581045702077935,0.256198347107438,0.6290617254538382,False
0.40877006149414086,0.4578481602235678,0.256047197640118,0.6288543426251365,False
0.40869936146008723,0.4584513427605037,0.25707547169811323,0.6305844464313649,False
0.40862732423392184,0.45905396745475924,0.2581025338833235,0.6323145502375933,False
0.4085700554141927,0.4596560354158673,0.2591283863368669,0.6340446540438216,False
0.4085129162326086,0.45476635475593363,0.256260920209668,0.6301043802984878,False
0.40848377480670695,0.45450889359492963,0.2561117578579744,0.629896997469786,False
0.4083479774406671,0.4542514198423772,0.2559627690517743,0.6296896146410842,False
0.40781429192028185,0.4539939332659252,0.2558139534883721,0.6294822318123824,False
0.4071570207512507,0.45373643363348587,0.2556653108657757,0.6292748489836806,False
0.40688226596965393,0.45347892071323415,0.25551684088269455,0.6290674661549789,False
0.4061603367611367,0.45322139427360647,0.2553685432385374,0.6288600833262771,False
0.40612759958110295,0.4529638540832994,0.2552204176334107,0.6286527004975753,False
0.40591968670249406,0.4535581188997338,0.25623188405797104,0.6303828043038036,False
0.4054956500160815,0.45330028870942407,0.25608342989571264,0.6301754214751019,False
0.40539450915479486,0.4530424445053664,0.2559351476548929,0.6299680386464,False
0.4049019376331068,0.45278458605664484,0.25578703703703703,0.6297606558176982,False
0.4048588279556868,0.45252671313259996,0.2556390977443609,0.6295532729889965,False
0.4048157466730116,0.4522688255028272,0.25549132947976877,0.6293458901602947,False
0.4039913386940442,0.45201092293717604,0.2553437319468515,0.6291385073315929,False
0.40395129760424453,0.4526030005465155,0.25635103926096997,0.6308686111378213,False
0.40390869707017013,0.45319454513210333,0.2573571840738604,0.6325987149440497,False
0.40384384910087295,0.45293607960176463,0.25720876585928487,0.6323913321153479,False
0.40344740072444363,0.4526775990658578,0.2570605187319885,0.6321839492866461,False
0.40338354030769563,0.4524191032942266,0.2569124423963134,0.6319765664579444,False
0.40335164656046424,0.4521605920569651,0.25676453655728265,0.6317691836292426,False
0.40319352073852444,0.45275051394001403,0.25776754890678943,0.6334992874354709,False
0.4030705478141342,0.45333990734910146,0.25876940770557794,0.6352293912416993,False
0.4029139422320511,0.45308083663086496,0.25862068965517243,0.6350220084129976,False
0.4028320500690978,0.44815527910839204,0.2558271745309835,0.6310817346676636,False
0.40249895196168556,0.4478958541458541,0.2556818181818182,0.6308743518389619,False
0.402454306972965,0.4476364090889301,0.2555366269165247,0.6306669690102601,False
0.4023982740802132,0.4473769437124463,0.25539160045402953,0.6304595861815583,False
0.4022358500038009,0.44711745779145484,0.2552467385138968,0.6302522033528566,False
0.40218315288412715,0.4468579511012326,0.25510204081632654,0.6300448205241548,False
0.40178751271594004,0.44659842341728007,0.254957507082153,0.629837437695453,False
0.4009503793995826,0.44633887451532056,0.2548131370328426,0.6296300548667512,False
0.400771941239153,0.44607930417129904,0.2546689303904924,0.6294226720380494,False
0.4005490608645976,0.445819712161381,0.25452488687782804,0.6292152892093477,False
0.40015635255536147,0.44556009826195164,0.25438100621820237,0.6290079063806459,False
0.39967986137551526,0.4453004622496148,0.2542372881355932,0.628800523551944,False
0.3996719999809856,0.4458810146447177,0.2552230378317335,0.6305306273581723,False
0.3994565943715565,0.44536114505002666,0.25493513818386915,0.6301158617007688,False
0.3993165583881517,0.44510117645888303,0.2547914317925592,0.629908478872067,False
0.39929511160804243,0.4448411850412822,0.25464788732394367,0.6297010960433652,False
0.3991688972707258,0.44458117057454805,0.2545045045045045,0.6294937132146634,False
0.3987636779174749,0.4396362217440185,0.2518105849582173,0.6255534394693296,False
0.39829080459635163,0.43937569985341707,0.2516703786191537,0.6253460566406278,False
0.39774430629123864,0.43911515028516857,0.25153032832498606,0.625138673811926,False
0.39767411277874704,0.4396883698896732,0.2525027808676307,0.6268687776181544,False
0.3976644709806974,0.4394275322508617,0.25236242356864924,0.6266613947894526,False
0.39762933861613675,0.44000000000000006,0.25333333333333335,0.628391498595681,False
0.39746147111452235,0.43973887496357106,0.2531926707384786,0.6281841157669792,False
0.39703989236574516,0.4403105930721162,0.2541620421753607,0.6299142195732076,False
0.39675815360211003,0.44088182192870096,0.25513033832501386,0.631644323379436,False
0.3967268768777264,0.44062015197965715,0.2549889135254989,0.6314369405507342,False
0.39661796523008674,0.44035845414722663,0.2548476454293629,0.6312295577220324,False
0.39636037293343424,0.44009672821258017,0.2547065337763012,0.6310221748933306,False
0.39633542440608216,0.43983497395707793,0.2545655783065855,0.6308147920646288,False
0.39602641303787983,0.4395731911622682,0.25442477876106195,0.6306074092359271,False
0.3955721409340761,0.4393113796098871,0.2542841348811498,0.6304000264072253,False
0.39543043232514763,0.43904953908185723,0.2541436464088398,0.6301926435785234,False
0.3949413250910437,0.43878766936028685,0.25400331308669244,0.6299852607498216,False
0.39491549198175174,0.4385257702274691,0.25386313465783666,0.6297778779211198,False
0.3947448043295688,0.43826384146588054,0.253723110865968,0.6295704950924181,False
0.39458035327202856,0.43800188285818115,0.2535832414553473,0.6293631122637163,False
0.394378185781498,0.43747787523599746,0.2533039647577093,0.6289483466063127,False
0.3941311143064101,0.4372158257877389,0.25316455696202533,0.6287409637776109,False
0.3937939968700136,0.43695374562581885,0.253025302530253,0.6285335809489092,False
0.39370187817075075,0.436691634533798,0.25288620120945576,0.6283261981202074,False
0.393677416802511,0.43642949229541406,0.25274725274725274,0.6281188152915056,False
0.393411724390273,0.4314425855962706,0.2501359434475258,0.6241785415461717,False
0.39247610837577385,0.4311797752808989,0.25,0.6239711587174699,False
0.39237610127888517,0.43091692931706527,0.2498642042368278,0.6237637758887682,False
0.392076912374428,0.4306540474921863,0.249728555917481,0.6235563930600664,False
0.39205642635983584,0.4301281754097441,0.24945770065075923,0.6231416274026629,False
0.3917068319317074,0.42986518472779667,0.24932249322493225,0.6229342445739611,False
0.39141602984051943,0.42960215733603385,0.24918743228602383,0.6227268617452593,False
0.39123799009457716,0.4301619638329993,0.25013535462912834,0.6244569655514877,False
0.39069093063737687,0.42989864864864863,0.25,0.6242495827227859,False
0.39027770783785254,0.4296352964810528,0.24986479177934018,0.624042199894084,False
0.39024379101360596,0.429371907118386,0.24972972972972973,0.6238348170653822,False
0.39005907767922543,0.4291084803489741,0.24959481361426256,0.6236274342366805,False
0.39005694950984376,0.4296668216937234,0.2505399568034557,0.6253575380429088,False
0.3900053304427189,0.42913935570778505,0.25026968716289105,0.6249427723855053,False
0.38986493207808365,0.4288755659807101,0.2501347708894879,0.6247353895568035,False
0.38978037889364503,0.4238560811559321,0.24759871931696906,0.6207951158114696,False
0.389759440639198,0.4244085106382979,0.24853333333333333,0.622525219617698,False
0.3895670858883196,0.4241436727502426,0.2484008528784648,0.6223178367889962,False
0.3888078126085103,0.423613870277743,0.24813631522896698,0.6219030711315927,False
0.3887228015918294,0.423348905275864,0.2480042575838212,0.6216956883028909,False
0.388611221495172,0.41830620347006287,0.24552160168598525,0.617755414557557,False
0.3885847870367957,0.41804034324654704,0.24539231174302265,0.6175480317288552,False
0.38847076713780626,0.4177744360902256,0.24526315789473685,0.6173406489001534,False
0.38846241079251087,0.41271300960967444,0.24283480979676916,0.6134003751548196,False
0.3881061728067556,0.4132543103448276,0.24375,0.6151304789610479,False
0.38778543986201125,0.41298718166064885,0.24362311296199896,0.6149230961323461,False
0.38762122732125265,0.41272000186694546,0.24349635796045785,0.6147157133036443,False
0.38740108733024387,0.41245277075966563,0.24336973478939158,0.6145083304749426,False
0.38693358057244526,0.4121854881348552,0.24324324324324326,0.6143009476462408,False
0.38661935908251843,0.41191815378865737,0.24311688311688312,0.614093564817539,False
0.38621573649627333,0.4116507675173115,0.24299065420560748,0.6138861819888372,False
0.38607556023638867,0.4121902059792265,0.24390243902439024,0.6156162857950656,False
0.38517859707853663,0.4119225290169608,0.2437759336099585,0.6154089029663639,False
0.3845165041652939,0.41165479984568876,0.24364955935717988,0.615201520137662,False
0.38449285540235506,0.4113870182616356,0.24352331606217617,0.6149941373089602,False
0.3842924995939558,0.41111918406112047,0.24339720352149147,0.6147867544802584,False
0.38419509863958146,0.4108512970405554,0.2432712215320911,0.6145793716515566,False
0.38412688337952106,0.41058335699644466,0.24314536989136057,0.6143719888228549,False
0.38379175484582473,0.4103153637253843,0.24301964839710444,0.6141646059941531,False
0.383791227294223,0.4052131085736746,0.24065540194572452,0.6102243322488192,False
0.38378928818322094,0.4049440081835793,0.240532241555783,0.6100169494201174,False
0.38376470639518695,0.40440563476625124,0.24028629856850717,0.6096021837627139,False
0.38357481044389863,0.40413636133596104,0.2401635155850792,0.6093948009340121,False
0.3832562315549037,0.39900890120700744,0.23785425101214575,0.6054545271886782,False
0.38290836276856643,0.39873842794237147,0.23773394031360648,0.6052471443599764,False
0.3826762295853965,0.3981972949232064,0.23749368367862556,0.6048323787025729,False
0.3821862586021082,0.39792663476874,0.23737373737373738,0.6046249958738711,False
0.38177141732319225,0.397655911917826,0.23725391216557296,0.6044176130451693,False
0.3812866330061187,0.39738512617064403,0.23713420787083753,0.6042102302164675,False
0.38114491390857325,0.39711427732743243,0.23701462430660616,0.6040028473877657,False
0.38070988315915366,0.39684336518848684,0.2368951612903226,0.603795464559064,False
0.38065017561113446,0.39657238955415985,0.2367758186397985,0.6035880817303622,False
0.3805499188529881,0.3914115232432661,0.2345309381237525,0.5996478079850283,False
0.38050686939342304,0.39113923585733756,0.2344139650872818,0.5994404251563265,False
0.3799698570349515,0.3908668807954452,0.23429710867397807,0.5992330423276246,False
0.3799215249072575,0.3913874383953246,0.23517688091679123,0.600963146133853,False
0.37981673706512836,0.391114786138465,0.2350597609561753,0.6007557633051512,False
0.3789150150366972,0.3908420659083667,0.2349427575908412,0.6005483804764495,False
0.3787977864517282,0.39056927750627396,0.23482587064676616,0.6003409976477477,False
0.37862669518982506,0.3902964207334726,0.2347090999502735,0.6001336148190459,False
0.37793069947029956,0.3900234953912886,0.2345924453280318,0.5999262319903441,False
0.3779129509463993,0.38975050128108835,0.23447590660705414,0.5997188491616423,False
0.3777133685838879,0.38920430596229905,0.23424317617866006,0.5993040835042388,False
0.37740988338167925,0.38972264437689974,0.23511904761904762,0.6010341873104672,False
0.37658677147694175,0.3894492146345188,0.23500247892910262,0.6008268044817654,False
0.37645812459997313,0.38917571542691765,0.2348860257680872,0.6006194216530636,False
0.3763597926059544,0.3889021465553726,0.23476968796433878,0.6004120388243618,False
0.37626988476775125,0.3886285078211963,0.23465346534653464,0.60020465599566,False
0.37612444860264693,0.3883547990257373,0.23453735774369125,0.5999972731669583,False
0.3760168158701762,0.3888716129678334,0.2354104846686449,0.6017273769731866,False
0.3757516184054709,0.38859760664704135,0.23529411764705882,0.6015199941444849,False
0.37552581200985474,0.3883235299627222,0.23517786561264822,0.6013126113157831,False
0.3752977302162805,0.3880493827160494,0.23506172839506173,0.6011052284870813,False
0.37506194226034684,0.38282691397129653,0.2328767123287671,0.5971649547417474,False
0.3749997370633213,0.38255131377100193,0.23276283618581908,0.5969575719130455,False
0.3749579563143421,0.3773004851932407,0.23062015503875968,0.5930172981677118,False
0.37458713078093797,0.3778074643065876,0.2314769975786925,0.59474740197394,False
0.37443183375679523,0.378314075810201,0.23233301064859632,0.5964775057801684,False
0.3742622854894438,0.378036497408812,0.23222060957910015,0.5962701229514666,False
0.374072994658194,0.37775884048009917,0.23210831721470018,0.5960627401227648,False
0.37405343404007274,0.377481104825577,0.2319961333977767,0.595855357294063,False
0.37333907719345416,0.37798668233450844,0.23285024154589373,0.5975854611002915,False
0.37320678698996335,0.37770864557531747,0.23273780782230807,0.5973780782715897,False
0.3731497625341053,0.37743052977427977,0.23262548262548263,0.5971706954428879,False
0.37304130436409794,0.3771523347326635,0.23251326579835987,0.5969633126141861,False
0.37246870189268716,0.37687406025174375,0.23240115718418514,0.5967559297854843,False
0.372214352054753,0.37157148737327805,0.23029144768275203,0.5928156560401505,False
0.37218075796109723,0.3712915823795236,0.23018147086914995,0.5926082732114487,False
0.37215812872682497,0.37101159377380766,0.23007159904534608,0.5924008903827469,False
0.37215556650874176,0.37073152135741083,0.2299618320610687,0.5921935075540451,False
0.3720365846545539,0.37017112429766397,0.22974261201143947,0.5917787418966416,False
0.37127885755803597,0.36989079925684093,0.22963315864697476,0.5915713590679398,False
0.3711523056589433,0.3696103896103896,0.22952380952380952,0.591363976239238,False
0.37067198026472015,0.36932989515955317,0.22941456449309852,0.5911565934105362,False
0.36990913023643196,0.36904931570556554,0.22930542340627974,0.5909492105818344,False
0.36938964698765797,0.36876865104965084,0.2291963861150737,0.5907418277531327,False
0.3692327534513897,0.368487900993023,0.22908745247148288,0.5905344449244309,False
0.3691262527193685,0.36792614388242806,0.2288698955365622,0.5901196792670272,False
0.369054794476945,0.3676451364308321,0.22876127195064072,0.5899122964383254,False
0.3689439667272292,0.3673640427832639,0.2286527514231499,0.5897049136096237,False
0.36848181412989256,0.36680159610481283,0.22843601895734597,0.5892901479522201,False
0.36840381010835893,0.366520242676196,0.22832780672666983,0.5890827651235184,False
0.3680996649935101,0.3670164233576642,0.22916666666666666,0.5908128689297467,False
0.36808537599469143,0.3664530179063036,0.22894985808893092,0.5903981032723431,False
0.3679528528085713,0.3661711843000097,0.22884160756501182,0.5901907204436414,False
0.36785743565375356,0.3658892631743758,0.22873345935727787,0.5899833376149396,False
0.3678216759449822,0.3653251575681932,0.22851746931067043,0.589568571957536,False
0.36774190185053357,0.36581967853295805,0.2293534686172723,0.5912986757637644,False
0.36763260457495067,0.3604387398274429,0.2273152478952292,0.5873584020184306,False
0.36754033165941014,0.3601546260730216,0.22720897615708274,0.5871510191897287,False
0.36684163091365024,0.35987042027406685,0.22710280373831776,0.586943636361027,False
0.366601742173152,0.35958612223055214,0.22699673049976646,0.5867362535323252,False
0.366115262433051,0.35930173174242075,0.226890756302521,0.5865288707036234,False
0.3660896386108911,0.35901724860958506,0.22678488100793281,0.5863214878749217,False
0.36581207953492245,0.35359420023209587,0.2247918593894542,0.5823812141295877,False
0.36569423137437806,0.3530213471824598,0.2245841035120148,0.5819664484721842,False
0.36544647131303526,0.35273477517481644,0.22448036951501155,0.5817590656434823,False
0.365408749675547,0.3524481059107098,0.22437673130193905,0.5815516828147806,False
0.36444525517742715,0.3518744748091045,0.22416974169741696,0.581136917157377,False
0.36397006280243516,0.3515875125694934,0.22406639004149378,0.5809295343286752,False
0.3639027808175655,0.35130045226919293,0.223963133640553,0.5807221514999734,False
0.36365496415123433,0.3510132937070329,0.22385997236296637,0.5805147686712717,False
0.3634121094547464,0.3507260366817967,0.22375690607734808,0.5803073858425699,False
0.3632128260944417,0.35015122643699337,0.22355105795768168,0.5798926201851663,False
0.36318383033263657,0.34986367281475544,0.22344827586206897,0.5796852373564645,False
0.3629874233718789,0.3495760199240987,0.22334558823529413,0.5794778545277628,False
0.36234096385871734,0.3492882675635658,0.223242994947175,0.579270471699061,False
0.3621352443877333,0.3487124636267929,0.22303809086737036,0.5788557060416574,False
0.3618417791218556,0.3484244116473873,0.22293577981651377,0.5786483232129556,False
0.3616252068659157,0.3481362593917733,0.22283356258596973,0.5784409403842539,False
0.36149716006516214,0.34784800665823945,0.2227314390467461,0.5782335575555521,False
0.36141482701714533,0.3475596532450218,0.22262940907008705,0.5780261747268503,False
0.3605066965511584,0.34727119895030345,0.22252747252747251,0.5778187918981484,False
0.3603943124816596,0.34698264357221403,0.22242562929061785,0.5776114090694466,False
0.35977742394456064,0.3464052287581699,0.2222222222222222,0.5771966434120431,False
0.35966749101928325,0.3461163689182021,0.22212065813528337,0.5769892605833413,False
0.35951169760009094,0.3458274071868359,0.22201918684330746,0.5767818777546396,False
0.3594489346794085,0.3463064908462425,0.2228310502283105,0.5785119815608679,False
0.35925931438761866,0.3457278337004205,0.22262773722627738,0.5780972159034643,False
0.35875849010385635,0.34543835155399205,0.22252621979024167,0.5778898330747626,False
0.3582241009478689,0.3451487667551327,0.22242479489516864,0.5776824502460608,False
0.35816334135395284,0.34562667244730794,0.22323462414578588,0.5794125540522892,False
0.3579834209648549,0.34533677165837784,0.22313296903460839,0.5792051712235874,False
0.35783983740749487,0.34504676785859184,0.22303140646335912,0.5789977883948856,False
0.35757727795175465,0.3447566608449337,0.2229299363057325,0.5787904055661839,False
0.35693119308038534,0.3452336049486582,0.22373806275579808,0.5805205093724122,False
0.35687352045840537,0.34494318181818184,0.22363636363636363,0.5803131265437105,False
0.35664928050473943,0.3446526551132872,0.22353475692866878,0.5801057437150087,False
0.35664187002517006,0.3443620246305167,0.22343324250681199,0.5798983608863069,False
0.35651399100180514,0.3440712901663512,0.2233318202451203,0.579690978057605,False
0.3554168533801819,0.3437804515172096,0.22323049001814882,0.5794835952289032,False
0.3552913784652395,0.34425601226406055,0.22403628117913832,0.5812136990351316,False
0.35510588028228046,0.3439648570444016,0.22393472348141433,0.5810063162064298,False
0.354161093962528,0.3436735972763256,0.22383325781603988,0.5807989333777281,False
0.3540249894351511,0.34338223275580254,0.223731884057971,0.5805915505490263,False
0.3533590131584035,0.3430907632787382,0.22363060208239022,0.5803841677203245,False
0.3532300383021832,0.34279918864097364,0.2235294117647059,0.5801767848916227,False
0.3531969647169968,0.34250750863828466,0.2234283129805518,0.5799694020629209,False
0.3521666474330349,0.34298147891845776,0.22423146473779385,0.5816995058691493,False
0.35210945010049105,0.3374152532963397,0.2223218287763335,0.5777592321238154,False
0.3519831241871611,0.33712121212121215,0.2222222222222222,0.5775518492951137,False
0.35143607025051476,0.33653280066688873,0.22202327663384064,0.5771370836377101,False
0.35044553465248807,0.3362384299755081,0.22192393736017896,0.5769297008090083,False
0.3502707498997427,0.335943949033062,0.22182468694096602,0.5767223179803065,False
0.3500817751012041,0.33564935763326265,0.22172552525704067,0.5765149351516048,False
0.3500511385859252,0.33535465556974325,0.22162645218945487,0.576307552322903,False
0.3494166333347028,0.33505984263605726,0.22152746761947298,0.5761001694942012,False
0.34917666667686903,0.33476491862567814,0.22142857142857142,0.5758927866654995,False
0.3487308769659617,0.33446988333199845,0.2213297634984382,0.5756854038367977,False
0.3485042863803287,0.33417473654832974,0.22123104371097235,0.5754780210080959,False
0.3483172724148319,0.33387947806790164,0.22113241194828354,0.5752706381793941,False
0.34801792670456166,0.33358410768386165,0.22103386809269163,0.5750632553506922,False
0.34769828823878146,0.33328862518927427,0.22093541202672606,0.5748558725219906,False
0.34767381603448744,0.3337553240566898,0.22172751558325912,0.5765859763282188,False
0.34692368264954,0.32811559301625526,0.21986754966887417,0.5726457025828849,False
0.3462781877347192,0.3278176151888211,0.21977052074139453,0.5724383197541831,False
0.34561680402809636,0.3275195209130968,0.21967357741508603,0.5722309369254814,False
0.3444825296697078,0.32692298218007587,0.21947994711326577,0.5718161712680778,False
0.34370904564472865,0.32662453730418994,0.21938325991189428,0.571608788439376,False
0.34359861483273746,0.3270859007207894,0.22016732716864817,0.5733388922456044,False
0.34202885364955476,0.3213889551945408,0.2183406113537118,0.5693986185002705,False
0.34201632566728235,0.32108791600510983,0.21824530772588388,0.5691912356715687,False
0.34188322556977957,0.3207867553417292,0.2181500872600349,0.568983852842867,False
0.3418184956749741,0.3150413402815843,0.2163565556036348,0.5650435790975331,False
0.34166792191495476,0.31549406565430194,0.2171280276816609,0.5667736829037615,False
0.3409126705900511,0.31519022283732834,0.21703415477734544,0.5665663000750596,False
0.3408256160935532,0.31488625408976106,0.21694036300777875,0.5663589172463579,False
0.34076695863470535,0.31458215919711835,0.21684665226781857,0.5661515344176561,False
0.340728889232478,0.3142779379447995,0.21675302245250433,0.5659441515889543,False
0.34038090774440294,0.3139735901180839,0.21665947345705655,0.5657367687602526,False
0.33974646532243374,0.3144249865203002,0.21742881794650562,0.5674668725664809,False
0.33958126025341934,0.3141203041804021,0.21733505821474774,0.5672594897377792,False
0.33938986694995765,0.3138154948499776,0.21724137931034482,0.5670521069090774,False
0.3393443679704445,0.31351055831368113,0.21714778112882377,0.5668447240803756,False
0.3390282221752638,0.3139610438672046,0.21791559000861327,0.5685748278866039,False
0.33862669709364124,0.31335037344249744,0.21772805507745266,0.5681600622292003,False
0.33795487532203317,0.31304484657749804,0.21763440860215053,0.5679526794004985,False
0.33792462054436934,0.30721525829565965,0.2158703071672355,0.5640124056551648,False
0.3376330840860423,0.3065988674448168,0.21568627450980393,0.5635976399977611,False
0.33732175765997735,0.3070440957095014,0.21644652748189178,0.5653277438039895,False
0.33642180663222115,0.3067354944728622,0.21635434412265758,0.5651203609752877,False
0.33566377886341564,0.3071802348579889,0.21711366538952745,0.566850464781516,False
0.3355807671783849,0.3068712940355773,0.2170212765957447,0.5666430819528143,False
0.3355697230889728,0.3065622201615775,0.21692896639727777,0.5664356991241125,False
0.33503918909447883,0.3062530130162301,0.21683673469387754,0.5662283162954107,False
0.3347053782651606,0.3059436723796378,0.21674458138546537,0.5660209334667089,False
0.334638682316166,0.30563419803176556,0.21665250637213254,0.5658135506380072,False
0.33460898874668804,0.30532458975243953,0.21656050955414013,0.5656061678093054,False
0.33439878146384905,0.30501484732134687,0.2164685908319185,0.5653987849806036,False
0.33429649796757654,0.30470497051803513,0.21637675010606702,0.5651914021519018,False
0.33387436365796963,0.30439495912191156,0.21628498727735368,0.5649840193232001,False
0.33339887773002624,0.3040848129122426,0.2161933022467147,0.5647766364944983,False
0.33339388959140015,0.30377453166815344,0.21610169491525424,0.5645692536657965,False
0.3333476931481974,0.3034641151686274,0.21601016518424396,0.5643618708370947,False
0.3331230530920723,0.3031535631925054,0.21591871295512277,0.5641544880083929,False
0.33302472784353576,0.3035953386857618,0.2166737198476513,0.5658845918146213,False
0.3330227336710131,0.3032844445336169,0.21658206429780033,0.5656772089859196,False
0.3326515040700745,0.30297341446339565,0.2164904862579281,0.5654698261572177,False
0.3325082690676623,0.3026622482532426,0.21639898562975485,0.5652624433285159,False
0.3322633825852627,0.30203950652499467,0.21621621621621623,0.5648476776711124,False
0.3320081026414179,0.30172793056246283,0.2161249472351203,0.5646402948424106,False
0.33142908737707094,0.3014162175711242,0.2160337552742616,0.5644329120137088,False
0.33126412818067047,0.3011043673283941,0.21594264023618726,0.564225529185007,False
0.3311695443838403,0.30079237961154015,0.21585160202360876,0.5640181463563052,False
0.3311614329980572,0.30123202179123665,0.21660345554150864,0.5657482501625336,False
0.33100529781705057,0.30091969012172515,0.21651221566975568,0.5655408673338318,False
0.33033928527973344,0.3002946127946128,0.21632996632996632,0.5651261016764282,False
0.33033450622875526,0.2999818666899723,0.216238956668069,0.5649187188477265,False
0.33032348665789735,0.3004204101239077,0.21698906644238855,0.5666488226539549,False
0.3293443839041582,0.30010731938223106,0.21689785624211855,0.5664414398252531,False
0.3289589984749695,0.3005453837164005,0.21764705882352942,0.5681715436314814,False
0.3287612634672292,0.3002319483255913,0.21755564888702225,0.5679641608027797,False
0.3280021424000515,0.2999183738876564,0.2174643157010915,0.5677567779740779,False
0.3277910468365299,0.2996046601778619,0.21737305916911456,0.5675493951453761,False
0.32759903816993974,0.2992908069713207,0.21728187919463088,0.5673420123166742,False
0.32743087851578623,0.300164474141628,0.21877619446772842,0.570802219929131,False
0.3270999851236253,0.30060090119188865,0.21952241307080017,0.5725323237353594,False
0.32680496538875775,0.3002862920178582,0.21943048576214405,0.5723249409066576,False
0.32667576929642295,0.29997154288051386,0.21933863541230642,0.5721175580779558,False
0.32650051973318717,0.29965665355370524,0.2192468619246862,0.571910175249254,False
0.326171804423683,0.2990264534263147,0.21906354515050167,0.5714954095918505,False
0.3251600672202441,0.2987111421726516,0.218972001671542,0.5712880267631487,False
0.3248252510628923,0.29269316070251156,0.21724709784411278,0.5673477530178148,False
0.3247347465641615,0.2923749842354582,0.21715706589307915,0.567140370189113,False
0.3232756686547559,0.2928058084926564,0.21789560894780446,0.5688704739953414,False
0.32320196366170856,0.29248728112612754,0.21780538302277433,0.5686630911666396,False
0.3229016513074078,0.28640727477835626,0.2161051766639277,0.5647228174213057,False
0.322712182409949,0.28608578522183864,0.2160164271047228,0.564515434592604,False
0.3221617399381076,0.2857641451107876,0.21592775041050905,0.5643080517639022,False
0.32213287616190817,0.2854423542110319,0.21583914649158803,0.5641006689352004,False
0.32131109514332246,0.2847983191078111,0.2156621566215662,0.5636859032777968,False
0.3210108369399946,0.2844760744350908,0.2155737704918033,0.5634785204490951,False
0.32003041477158667,0.28415367803515446,0.2154854567800082,0.5632711376203933,False
0.3197272433563537,0.2838311296729147,0.2153972153972154,0.5630637547916915,False
0.31963024134394835,0.2835084291130989,0.215309046254605,0.5628563719629897,False
0.31932191472263494,0.2831855761202492,0.21522094926350246,0.5626489891342878,False
0.31913260146000766,0.2825394118926843,0.21504497138184792,0.5622342234768843,False
0.31891639878781064,0.282963402528456,0.21577441765427052,0.5639643272831127,False
0.3189117101771459,0.28263988522238165,0.21568627450980393,0.5637569444544109,False
0.31853862721732,0.28231621451725675,0.21559820334830543,0.5635495616257091,False
0.3180440759232423,0.2827395364925631,0.2163265306122449,0.5652796654319375,False
0.31783765063162456,0.2824155066983269,0.21623827009383925,0.5650722826032357,False
0.3174615912593679,0.2820913230082717,0.21615008156606852,0.5648648997745339,False
0.3173908684115379,0.28144249299120105,0.21597392013039934,0.5644501341171304,False
0.3167063002061154,0.2811178461889564,0.2158859470468432,0.5642427512884286,False
0.31661151371213325,0.2815398845772554,0.21661237785016288,0.565972855094657,False
0.3152631612122021,0.2812148775451528,0.21652421652421652,0.5657654722659552,False
0.3151958237617739,0.28088971540369023,0.21643612693246542,0.5655580894372534,False
0.31258398701267087,0.2805643979143019,0.21634810898739326,0.5653507066085517,False
0.31254911884463416,0.2799132959365144,0.21617228768793173,0.5649359409511481,False
0.31234832511030103,0.2795875109700117,0.21608448415922016,0.5647285581224463,False
0.31228437162489375,0.2804283591068332,0.21753246753246752,0.5681887657349031,False
0.31204738013078376,0.2801020073188178,0.21744421906693712,0.5679813829062013,False
0.3119413707914388,0.2797754989327243,0.21735604217356042,0.5677740000774995,False
0.31186798918990727,0.2794488337082562,0.21726793676530198,0.5675666172487976,False
0.31172177511052285,0.2791220114049188,0.2171799027552674,0.567359234420096,False
0.31112727898059467,0.27879503178201925,0.21709194005670313,0.5671518515913941,False
0.30986434738290397,0.2784678945986652,0.21700404858299596,0.5669444687626923,False
0.3093200804343045,0.2781405996137648,0.216916228247673,0.5667370859339905,False
0.3092193799355119,0.2778131465860258,0.2168284789644013,0.5665297031052887,False
0.3083341235819591,0.2774855352739549,0.21674080064698747,0.566322320276587,False
0.3083017654004324,0.2771577654358576,0.21665319320937754,0.5661149374478852,False
0.308137303115499,0.27682983682983686,0.21656565656565657,0.5659075546191834,False
0.3063521757542126,0.27724762369913963,0.2172859450726979,0.5676376584254118,False
0.3062206805688137,0.2769193307819555,0.21719822365765037,0.56743027559671,False
0.30607899727461163,0.2765908785816209,0.21711057304277642,0.5672228927680083,False
0.3056152257721495,0.2762622668553473,0.21702299314239612,0.5670155099393065,False
0.3051166718686739,0.2759334953601414,0.21693548387096775,0.5668081271106047,False
0.3048211001287577,0.27635021021013556,0.21765417170495768,0.568538230916833,False
0.304597437059299,0.2760210734560943,0.21756647864625303,0.5683308480881313,False
0.3043951915100278,0.27569177641420695,0.21747885622231172,0.5681234652594295,False
0.303024427472307,0.2753623188405797,0.21739130434782608,0.5679160824307277,False
0.30271537109216967,0.2690717979984254,0.21574111066719937,0.5639758086853938,False
0.3025264519548365,0.2687390782482834,0.21565495207667731,0.563768425856692,False
0.30166386951182617,0.2684061927957556,0.2155688622754491,0.5635610430279903,False
0.3015128842426445,0.2680731413922412,0.2154828411811652,0.5633536601992885,False
0.3014227105549975,0.26740653973674283,0.215311004784689,0.5629388945418848,False
0.3009946304448934,0.2670729889864492,0.21522518931845358,0.562731511713183,False
0.2999695291845823,0.26673927128854824,0.2151394422310757,0.5625241288844813,False
0.29982495075905247,0.2671497746364594,0.21585025886101156,0.5642542326907097,False
0.29910080431073455,0.26681568361063573,0.2157643312101911,0.5640468498620079,False
0.29891407579517093,0.26722573618224377,0.21647433346597691,0.5657769536682362,False
0.298793132470602,0.26689127166454135,0.2163882259347653,0.5655695708395345,False
0.297150443566349,0.26655663936657353,0.21630218687872763,0.5653621880108327,False
0.2959698325196859,0.2601664122986697,0.21468034727703236,0.5614219142654988,False
0.29574495544327284,0.25982837138696985,0.2145956607495069,0.561214531436797,False
0.29517257643591904,0.2533724123926697,0.21299921691464369,0.5572742576914631,False
0.29499567611699234,0.2530308606096458,0.21291585127201565,0.5570668748627614,False
0.2947031709300428,0.2526891305639746,0.21283255086071987,0.5568594920340596,False
0.2946339953872315,0.252347221994866,0.2127493156042237,0.5566521092053578,False
0.2944187321793597,0.2516628682419091,0.2125830402500977,0.5562373435479542,False
0.29396034514180636,0.25132042253521125,0.2125,0.5560299607192525,False
0.2939476240948361,0.25097779725937563,0.21241702459976572,0.5558225778905507,False
0.29386428387378416,0.2506349921523387,0.21233411397345825,0.5556151950618489,False
0.29383281829751823,0.2502920069517802,0.21225126804525946,0.5554078122331471,False
0.29368493258232026,0.24994884139512266,0.2121684867394696,0.5552004294044453,False
0.2934405723441386,0.2496054952195303,0.21208576998050682,0.5549930465757436,False
0.2932989731043452,0.24926196816190882,0.21200311769290725,0.5547856637470417,False
0.29328170670494674,0.24857437034690322,0.2118380062305296,0.5543708980896381,False
0.29326149640850263,0.24897278765554964,0.2125340599455041,0.5561010018958665,False
0.29288419314676617,0.24937096973780093,0.2132295719844358,0.5578311057020949,False
0.2923801174182276,0.24902648143725614,0.2131466355503695,0.5576237228733931,False
0.292117456184913,0.24833695840907818,0.2129809560823941,0.5572089572159895,False
0.2908159104494899,0.2479919231511588,0.2128982128982129,0.5570015743872878,False
0.2904983025795306,0.2476467050433886,0.21281553398058253,0.556794191558586,False
0.290375456000686,0.24695571921481493,0.21265036864571207,0.5563794259011824,False
0.2890335429187488,0.24660995096160665,0.2125678820791311,0.5561720430724807,False
0.28886810444468874,0.2462639987937365,0.21248545948041878,0.5559646602437789,False
0.28839805110208794,0.23965560726172166,0.21093148575827558,0.552024386498445,False
0.288395723293318,0.239305920396978,0.21085032704886494,0.5518170036697432,False
0.28610132839486574,0.23895604395604395,0.21076923076923076,0.5516096208410414,False
0.2854354848975149,0.23860597766626984,0.2106881968473664,0.5514022380123397,False
0.2850844887947096,0.23825572125472297,0.21060722521137587,0.5511948551836379,False
0.2840877891204187,0.23903799371056744,0.2119815668202765,0.5546550627960946,False
0.28373951353626614,0.23868712638073886,0.21190019193857965,0.5544476799673927,False
0.28333483063969617,0.2383360682440335,0.21181887950882577,0.554240297138691,False
0.28285790803307065,0.23798481902602964,0.21173762945914845,0.5540329143099892,False
0.2818589296466754,0.2376333784520189,0.2116564417177914,0.5538255314812874,False
0.2817673641150763,0.23692992213570635,0.21149425287356322,0.5534107658238839,False
0.2808761544161464,0.23657790584254854,0.21141325162772884,0.5532033829951821,False
0.280719206464156,0.2362256970916705,0.2113323124042879,0.5529960001664803,False
0.2805032175949702,0.23587329560692027,0.21125143513203215,0.5527886173377785,False
0.2797779940479289,0.23552070111185505,0.2111706197398623,0.5525812345090768,False
0.2783500000213765,0.23516791332974038,0.21108986615678776,0.552373851680375,False
0.2779880243748333,0.23481493198354952,0.21100917431192662,0.5521664688516732,False
0.27774616869086477,0.2344617567959626,0.21092854413450515,0.5519590860229714,False
0.2764169179165988,0.23410838748936602,0.2108479755538579,0.5517517031942696,False
0.27618842449474423,0.2344962317937996,0.2115311187476136,0.553481807000498,False
0.2749526108917339,0.23414245702674502,0.21145038167938932,0.5532744241717962,False
0.2746329346103586,0.2337884875103638,0.2113697062190004,0.5530670413430945,False
0.27423428478773626,0.23343432296583322,0.2112890922959573,0.5528596585143927,False
0.27420047446148543,0.23307996311403334,0.211208539839878,0.5526522756856909,False
0.27406760590994744,0.2327254076755465,0.2111280487804878,0.5524448928569891,False
0.27381463238602827,0.23237065637065638,0.21104761904761904,0.5522375100282874,False
0.27308246697285066,0.23275700649761055,0.21172886519421172,0.5539676138345156,False
0.27270329561257345,0.2259751131299339,0.2102079395085066,0.5500273400891817,False
0.27229284710637947,0.22561617239488388,0.21012849584278157,0.54981995726048,False
0.2718148103745487,0.22525702976633932,0.2100491122024934,0.5496125744317782,False
0.27161670841704283,0.22563870055504814,0.2107250755287009,0.5513426782380066,False
0.2714739490705801,0.2252791428052725,0.21064552661381652,0.5511352954093048,False
0.2714371332342887,0.22491938250428817,0.21056603773584906,0.550927912580603,False
0.27111237803739024,0.2245594193643201,0.2104866088268578,0.5507205297519012,False
0.27040097747407343,0.22419925309727518,0.21040723981900453,0.5505131469231995,False
0.2700337216125271,0.22383888341474117,0.21032793064455332,0.5503057640944977,False
0.26871705732907014,0.22347831002798618,0.21024868123587037,0.5500983812657959,False
0.2683417062365247,0.22311753264795775,0.21016949152542372,0.5498909984370941,False
0.26768297083816445,0.22275655098528224,0.21009036144578314,0.5496836156083923,False
0.2668641148505822,0.22239536475026384,0.21001129092961987,0.5494762327796906,False
0.26648701950859555,0.2154935698623101,0.2085201793721973,0.5455359590343567,False
0.2661950641282304,0.2151282308414424,0.20844228614120283,0.5453285762056549,False
0.2659470139087419,0.21550347101234157,0.20911127707244212,0.5470586800118833,False
0.2655516169542345,0.21513770586121878,0.20903322135125046,0.5468512971831815,False
0.26514008554585694,0.21477172958735732,0.208955223880597,0.5466439143544797,False
0.2651175398691012,0.21440554189308964,0.20887728459530025,0.5464365315257779,False
0.2650087353673599,0.21403914248040654,0.20879940343027592,0.5462291486970761,False
0.26497211870609505,0.21367253105095663,0.20872158032053673,0.5460217658683744,False
0.2648258364403492,0.21293867094663416,0.2085661080074488,0.5456070002109707,False
0.26410267467440324,0.21257142167333992,0.20848845867460908,0.5453996173822689,False
0.2624909325707068,0.2122039591864338,0.2084108671380722,0.5451922345535671,False
0.2616708801082617,0.21183628318584072,0.20833333333333334,0.5449848517248654,False
0.2613998634329324,0.20480946991276072,0.20687107499076468,0.5410445779795315,False
0.26058988023159474,0.20443746008195407,0.206794682422452,0.5408371951508297,False
0.2594782953960421,0.20406523035441132,0.20671834625322996,0.5406298123221279,False
0.25883754473783366,0.20369278042222802,0.2066420664206642,0.5404224294934261,False
0.25836972795280044,0.20332010997713407,0.2065658428624124,0.5402150466647244,False
0.2581370815360564,0.2040556221399371,0.2078879469222263,0.5436752542771811,False
0.25743959654428844,0.20368229379006625,0.20781134856300662,0.5434678714484793,False
0.25692980307227875,0.20330874409704003,0.20773480662983426,0.5432604886197776,False
0.2568518226107956,0.20293497275075778,0.20765832106038293,0.5430531057910758,False
0.2564611874249914,0.20256097944074875,0.20758189179241812,0.542845722962374,False
0.25549759140571476,0.2021867638561714,0.20750551876379691,0.5426383401336722,False
0.25436145061207405,0.20181232568581242,0.20742920191246783,0.5424309573049704,False
0.25335054250593064,0.19465529248866303,0.20598977355734113,0.5384906835596366,False
0.25317468859853404,0.19427633666777389,0.2059145673603505,0.5382833007309348,False
0.2510505352807424,0.19389715163821963,0.20583941605839415,0.538075917902233,False
0.25024451766061084,0.1935177370803885,0.20576431959139,0.5378685350735312,False
0.24963137169682828,0.19313809267427673,0.20568927789934355,0.5376611522448294,False
0.24730828993446932,0.1927582180994878,0.2056142909223478,0.5374537694161277,False
0.24700137713418135,0.1923781130352313,0.2055393586005831,0.5372463865874259,False
0.2458145689605048,0.18511189425353802,0.20412595005428882,0.533306112842092,False
0.2456948509357804,0.1847271114195301,0.2040520984081042,0.5330987300133901,False
0.24398192834885135,0.1843420912668865,0.20397830018083182,0.5328913471846883,False
0.2432485480176877,0.18395683346592284,0.2039045553145336,0.5326839643559866,False
0.242811387633175,0.18357133768653977,0.20383086375135526,0.5324765815272848,False
0.24131574459843727,0.18318560359822197,0.203757225433526,0.532269198698583,False
0.2413142724965138,0.18279963087003737,0.20368364030335862,0.5320618158698812,False
0.2411037028307052,0.18241341917063597,0.2036101083032491,0.5318544330411794,False
0.24085801344052582,0.18202696816824915,0.20353662937567665,0.5316470502124777,False
0.24032057039144558,0.181253346925345,0.2033898305084746,0.5312322845550741,False
0.24007787763290414,0.18086617601918809,0.20331651045421772,0.5310249017263723,False
0.24007618668323183,0.1804787644787645,0.20324324324324325,0.5308175188976706,False
0.2399537716184771,0.1800911119701975,0.20317002881844382,0.5306101360689688,False
0.23954012445500664,0.179703218159186,0.20309686712279437,0.530402753240267,False
0.2394161817119833,0.17931508271100327,0.20302375809935205,0.5301953704115652,False
0.2387144763042558,0.17892670529049629,0.20295070169125584,0.5299879875828634,False
0.23827980783943878,0.17853808556208467,0.20287769784172663,0.5297806047541617,False
0.23653730064924477,0.17814922318975968,0.20280474649406688,0.5295732219254599,False
0.23651656095593704,0.1777601178370832,0.20273184759166069,0.529365839096758,False
0.23595590109060732,0.17737076916718691,0.2026590010779734,0.5291584562680562,False
0.2356364935959691,0.17698117684277126,0.2025862068965517,0.5289510734393545,False
0.23554158560643607,0.17659134052610442,0.20251346499102335,0.5287436906106527,False
0.23491898644837061,0.1762012598790213,0.2024407753050969,0.5285363077819509,False
0.23300506809128074,0.17581093456292274,0.2023681377825619,0.5283289249532491,False
0.2322013305420595,0.17616189268819993,0.203012912482066,0.5300590287594775,False
0.23183231914236088,0.17577109504030375,0.20294012190749372,0.5298516459307757,False
0.22968671729415224,0.1753800519095291,0.2028673835125448,0.529644263102074,False
0.2284819313825727,0.17498876295556037,0.20279469724113222,0.5294368802733722,False
0.22843267102538703,0.17459722783764303,0.2027220630372493,0.5292294974446704,False
0.22821566657293796,0.17420544621458298,0.20264948084496956,0.5290221146159686,False
0.2281999991972408,0.16671430236060514,0.20128022759601708,0.5250818408706347,False
0.22664084222277833,0.1663175182978251,0.2012086740135087,0.524874458041933,False
0.22569987309171308,0.16592048046146463,0.20113717128642503,0.5246670752132312,False
0.22553541339601682,0.16552318850040026,0.20106571936056838,0.5244596923845294,False
0.22430293236598892,0.1651256420630453,0.20099431818181818,0.5242523095558276,False
0.2236018161806269,0.1647278407973491,0.20092296769613063,0.5240449267271259,False
0.22348333049800628,0.16432978435079568,0.20085166784953867,0.5238375438984241,False
0.2231519754935779,0.1567177552191644,0.19950652097285865,0.5198972701530902,False
0.22308492917427974,0.14901101950214046,0.19817927170868346,0.5159569964077563,False
0.22237180067433338,0.14860273096234441,0.19810990549527477,0.5157496135790545,False
0.2217997285119919,0.148194172747389,0.1980405878236529,0.5155422307503527,False
0.21948908559327476,0.14778534448476258,0.19797131864288212,0.515334847921651,False
0.21821719784961977,0.14811959693849458,0.1986013986013986,0.5170649517278793,False
0.21656352815941576,0.147710260309669,0.19853198182453688,0.5168575688991774,False
0.2163844228122418,0.14730065272016296,0.1984626135569532,0.5166501860704757,False
0.2161905059334503,0.1468907737954694,0.19839329374781697,0.5164428032417739,False
0.21550505002888012,0.14648062316056606,0.19832402234636873,0.5162354204130721,False
0.21453728623048476,0.1460702004399145,0.19825479930191972,0.5160280375843703,False
0.2131493690072608,0.14565950525745877,0.19818562456385205,0.5158206547556685,False
0.21208584411917752,0.14524853723662445,0.1981164980816184,0.5156132719269668,False
0.21029795605095858,0.14483729600031728,0.19804741980474197,0.515405889098265,False
0.20892463792393828,0.1444257811709222,0.1979783896828163,0.5151985062695632,False
0.20810969404528096,0.14401399237030202,0.19790940766550522,0.5149911234408614,False
0.2077543034125058,0.14360192921979645,0.19784047370254268,0.5147837406121596,False
0.2076341399548587,0.14318959134022075,0.1977715877437326,0.5145763577834579,False
0.20751344947082995,0.1353024649139266,0.19647180906260808,0.510636084038124,False
0.20669271909057169,0.1356290575552423,0.1970954356846473,0.5123661878443524,False
0.20525592567167425,0.1352109013531555,0.19702730729346699,0.5121588050156506,False
0.20524701073867788,0.13479246215440924,0.19695922598479612,0.5119514221869488,False
0.20490366287051387,0.13437373956749712,0.19689119170984457,0.511744039358247,False
0.20448377347197955,0.13395473320036008,0.1968232044198895,0.5115366565295453,False
0.20424876486660365,0.13353544266038503,0.19675526406627547,0.5113292737008435,False
0.20276948836274977,0.12551440329218105,0.19547325102880658,0.5073889999555096,False
0.20148168248189247,0.12508934598257523,0.19540623928693865,0.5071816171268078,False
0.19951498667618145,0.12466399612508208,0.19533927347498287,0.506974234298106,False
0.1989691613956964,0.12423835331458447,0.19527235354573483,0.5067668514694043,False
0.1985822824167334,0.12381241714538224,0.1952054794520548,0.5065594686407024,False
0.19481476475952325,0.12338618721119092,0.19513865114686751,0.5063520858120006,False
0.19277850282994605,0.12295966310514043,0.19507186858316222,0.5061447029832988,False
0.19119978985032585,0.12253284441977379,0.19500513171399247,0.5059373201545971,False
0.1894069181852521,0.12210573074704578,0.19493844049247605,0.5057299373258953,False
0.1870336232312253,0.12167832167832168,0.19487179487179487,0.5055225544971935,False
0.1869790836398531,0.1212506168043759,0.19480519480519481,0.5053151716684917,False
0.18691254081711794,0.12082261571539071,0.19473864024598564,0.5051077888397899,False
0.18649502149985273,0.12039431800095496,0.19467213114754098,0.5049004060110882,False
0.18597413911296704,0.11996572325006262,0.19460566746329805,0.5046930231823864,False
0.1859257992180703,0.11953683105111164,0.1945392491467577,0.5044856403536846,False
0.18101889202498891,0.11910764099190246,0.19447287615148415,0.5042782575249828,False
0.18046024765845875,0.1186781526596368,0.19440654843110505,0.504070874696281,False
0.17590863864879494,0.11824836564091629,0.19434026593931128,0.5038634918675793,False
0.17565985774955606,0.11781827952174108,0.19427402862985685,0.5036561090388775,False
0.17328964815864847,0.1173878938875086,0.19420783645655879,0.5034487262101757,False
0.1707937133726042,0.11770365193389716,0.19482288828337874,0.5051788300164041,False
0.1700958937418635,0.11727271483118697,0.1947565543071161,0.5049714471877023,False
0.16918737517135454,0.11684147717878118,0.19469026548672566,0.5047640643590005,False
0.16557804121164404,0.11640993855973533,0.19462402177611432,0.5045566815302986,False
0.16531502347031127,0.11672473867595819,0.19523809523809524,0.506286785336527,False
0.1635538281808622,0.11629264652991826,0.19517171030261815,0.5060794025078253,False
0.1635191390961238,0.11586025237587666,0.19510537049626106,0.5058720196791235,False
0.16259870841237561,0.11542755579452828,0.19503907577302074,0.5056646368504217,False
0.1625353616294319,0.11499455636595382,0.1949728260869565,0.5054572540217199,False
0.16193361329124265,0.1145612536696185,0.19490662139219014,0.5052498711930181,False
0.15945932235659416,0.1141276472843705,0.19484046164290564,0.5050424883643164,False
0.15772218370196373,0.11369373678843978,0.19477434679334918,0.5048351055356146,False
0.15520363517517904,0.11325952175943654,0.19470827679782904,0.5046277227069128,False
0.15319071481643137,0.11282500177435,0.1946422516107155,0.504420339878211,False
0.15306323951425183,0.11239017640954688,0.1945762711864407,0.5042129570495092,False
0.14925430394069003,0.11195504524077006,0.19451033547949848,0.5040055742208075,False
0.14791271743196768,0.11151960784313726,0.19444444444444445,0.5037981913921057,False
0.14775140013293964,0.1110838637911395,0.1943785980358957,0.5035908085634039,False
0.14700505554675075,0.11064781265863989,0.1943127962085308,0.5033834257347021,False
0.14290987359870813,0.11021145401887203,0.19424703891708966,0.5031760429060004,False
0.142716853513875,0.10977478744443879,0.19418132611637348,0.5029686600772986,False
0.13938599678763489,0.10933781250731076,0.1941156577612445,0.5027612772485968,False
0.13270872795590372,0.10890052877882493,0.1940500338066261,0.502553894419895,False
0.13212711064286778,0.10846293582968326,0.19398445420750254,0.5023465115911931,False
0.1281511757554754,0.10802503322995126,0.1939189189189189,0.5021391287624914,False
0.127552189766726,0.10758682054905655,0.1938534278959811,0.5019317459337896,False
0.12651427461939044,0.10714829735578747,0.1937879810938555,0.5017243631050878,False
0.1250484884383228,0.10670946321829164,0.19372257846776916,0.501516980276386,False
0.1247164008763849,0.10627031770407451,0.19365721997300944,0.5013095974476843,False
0.12417613831439676,0.10583086037999799,0.19359190556492412,0.5011022146189825,False
0.1179386990435434,0.10539109081227896,0.1935266351989211,0.5008948317902807,False
0.11733211088218226,0.10495100856648783,0.19346140883046847,0.5006874489615789,False
0.11471121724805013,0.10451061320754718,0.19339622641509435,0.5004800661328771,False
0.10831925029535824,0.10406990429973015,0.19333108790838666,0.5002726833041754,False
0.10345655840856756,0.10362888140665918,0.19326599326599325,0.5000653004754736,False
0.09818954355038687,0.10393582315338931,0.19387411645910468,0.5017954042817019,False
0.0979817053464642,0.10349422728552708,0.19380888290713325,0.5015880214530002,False
0.09553674541794314,0.10380070822819466,0.19441641439623275,0.5033181252592286,False
0.09545355345003209,0.1033585384960396,0.19435104236718226,0.5031107424305268,False
0.09233329126874626,0.1029160530191458,0.19428571428571428,0.502903359601825,False
0.0911889742071709,0.1024732513573938,0.19422043010752688,0.5026959767731232,False
0.09061683887930362,0.10203013307000389,0.19415518978837756,0.5024885939444214,False
0.09036731329130053,0.10158669771553462,0.19408999328408327,0.5022812111157197,False
0.08946273113787338,0.10114294485188138,0.1940248405505203,0.5020738282870179,False
0.08936213478567298,0.1006988740362749,0.19395973154362417,0.501866445458316,False
0.0594775932882892,0.10025448482527968,0.19389466621938947,0.5016590626296142,False
0.051511784520801615,0.09980977677479268,0.1938296445338699,0.5014516798009124,False
0.04307003576982322,0.09936474944004163,0.193764666443178,0.5012442969722107,False
0.03328546554148899,0.09891940237558368,0.19369973190348524,0.5010369141435089,False
0.02821069355419731,0.09847373513530386,0.19363484087102178,0.5008295313148071,False
0.02513724851083248,0.09802774727241349,0.19356999330207636,0.5006221484861053,False
0.017648507661056644,0.09758143833944884,0.1935051891529963,0.5004147656574036,False
0.017090623411525886,0.09713480788826949,0.1934404283801874,0.5002073828287018,False
0.012700608782970624,0.09668785547005687,0.19337571094011374,0.5,False
