threshold,validation_macro_f1,validation_pathological_f1,validation_ba,sensitivity,specificity,tp,fp,fn,tn,selected
0.6202520132064819,0.47526823672312574,0.006896551724137931,0.5017301038062284,0.0034602076124567475,1.0,1,0,288,2411,False
0.6196681261062622,0.47878516384064507,0.013745704467353952,0.5034602076124568,0.006920415224913495,1.0,2,0,287,2411,False
0.6177954077720642,0.4857489987309127,0.027303754266211604,0.5069204152249135,0.01384083044982699,1.0,4,0,285,2411,False
0.6154180765151978,0.48559917504016886,0.027210884353741496,0.5067130323962117,0.01384083044982699,0.9995852343425964,4,1,285,2410,False
0.6149147152900696,0.4854496256577965,0.02711864406779661,0.50650564956751,0.01384083044982699,0.9991704686851929,4,2,285,2409,False
0.6148005127906799,0.48887465051258155,0.033783783783783786,0.5082357533737383,0.01730103806228374,0.9991704686851929,5,2,284,2409,False
0.6138709783554077,0.49227727005504784,0.04040404040404041,0.5099658571799667,0.020761245674740483,0.9991704686851929,6,2,283,2409,False
0.6125003099441528,0.4956577102281248,0.04697986577181208,0.5116959609861951,0.02422145328719723,0.9991704686851929,7,2,282,2409,False
0.6081417202949524,0.4990161939523957,0.05351170568561873,0.5134260647924235,0.02768166089965398,0.9991704686851929,8,2,281,2409,False
0.6080237030982971,0.5023529411764706,0.06,0.5151561685986518,0.031141868512110725,0.9991704686851929,9,2,280,2409,False
0.6067474484443665,0.5056681689263546,0.0664451827242525,0.5168862724048802,0.03460207612456748,0.9991704686851929,10,2,279,2409,False
0.6055393218994141,0.5089620913538356,0.0728476821192053,0.5186163762111086,0.03806228373702422,0.9991704686851929,11,2,278,2409,False
0.6047401428222656,0.5122349197839148,0.07920792079207921,0.520346480017337,0.04152249134948097,0.9991704686851929,12,2,277,2409,False
0.6028187274932861,0.5120011567379988,0.07894736842105263,0.5201390971886352,0.04152249134948097,0.9987557030277893,12,3,277,2408,False
0.6012386083602905,0.5152431667176113,0.08524590163934426,0.5218692009948634,0.04498269896193772,0.9987557030277893,13,3,276,2408,False
0.600701093673706,0.5150003464283239,0.08496732026143791,0.5216618181661618,0.04498269896193772,0.9983409373703858,13,4,276,2407,False
0.5975555181503296,0.5182120698333473,0.09120521172638436,0.5233919219723902,0.04844290657439446,0.9983409373703858,14,4,275,2407,False
0.5962726473808289,0.5214035767845666,0.09740259740259741,0.5251220257786184,0.05190311418685121,0.9983409373703858,15,4,274,2407,False
0.5958056449890137,0.5245750639334977,0.10355987055016182,0.5268521295848468,0.05536332179930796,0.9983409373703858,16,4,273,2407,False
0.5952208042144775,0.5277267253945117,0.10967741935483871,0.5285822333910752,0.058823529411764705,0.9983409373703858,17,4,272,2407,False
0.5898730754852295,0.5308587527856249,0.1157556270096463,0.5303123371973036,0.06228373702422145,0.9983409373703858,18,4,271,2407,False
0.5892356634140015,0.5305696661828737,0.11538461538461539,0.5301049543686018,0.06228373702422145,0.9979261717129821,18,5,271,2406,False
0.5883301496505737,0.5336731918923824,0.12140575079872204,0.5318350581748301,0.0657439446366782,0.9979261717129821,19,5,270,2406,False
0.588283360004425,0.5367575785658646,0.12738853503184713,0.5335651619810585,0.06920415224913495,0.9979261717129821,20,5,269,2406,False
0.5861179828643799,0.5398230088495576,0.13333333333333333,0.5352952657872869,0.0726643598615917,0.9979261717129821,21,5,268,2406,False
0.5847393274307251,0.5395084106006434,0.13291139240506328,0.5350878829585852,0.0726643598615917,0.9975114060555786,21,6,268,2405,False
0.5804674625396729,0.5425464109659773,0.138801261829653,0.5368179867648135,0.07612456747404844,0.9975114060555786,22,6,267,2405,False
0.5793451070785522,0.5455659263549487,0.14465408805031446,0.5385480905710419,0.07958477508650519,0.9975114060555786,23,6,266,2405,False
0.5789120197296143,0.5515501968503937,0.15625,0.5420082981834986,0.08650519031141868,0.9975114060555786,25,6,264,2405,False
0.5784614086151123,0.5512031399219436,0.1557632398753894,0.5418009153547969,0.08650519031141868,0.997096640398175,25,7,264,2404,False
0.5778123736381531,0.5541600718236505,0.16149068322981366,0.5435310191610252,0.08996539792387544,0.997096640398175,26,7,263,2404,False
0.5775799751281738,0.5538063664763875,0.1609907120743034,0.5433236363323234,0.08996539792387544,0.9966818747407714,26,8,263,2403,False
0.5772736072540283,0.5534541633832414,0.16049382716049382,0.5431162535036217,0.08996539792387544,0.9962671090833679,26,9,263,2402,False
0.5763521194458008,0.5531034482758621,0.16,0.5429088706749199,0.08996539792387544,0.9958523434259643,26,10,263,2401,False
0.5762379765510559,0.5560187748923298,0.1656441717791411,0.5446389744811483,0.09342560553633218,0.9958523434259643,27,10,262,2401,False
0.5748617053031921,0.5589168778042416,0.1712538226299694,0.5463690782873766,0.09688581314878893,0.9958523434259643,28,10,261,2401,False
0.5736625790596008,0.5617979149034392,0.17682926829268292,0.548099182093605,0.10034602076124567,0.9958523434259643,29,10,260,2401,False
0.5722976922988892,0.5646620421623882,0.182370820668693,0.5498292858998334,0.10380622837370242,0.9958523434259643,30,10,259,2401,False
0.5720094442367554,0.5675094136632598,0.18787878787878787,0.5515593897060618,0.10726643598615918,0.9958523434259643,31,10,258,2401,False
0.5704742670059204,0.5671217560206909,0.18731117824773413,0.55135200687736,0.10726643598615918,0.9954375777685608,31,11,258,2400,False
0.5695841312408447,0.56005657708628,0.17714285714285713,0.5474117331320261,0.10726643598615918,0.987557030277893,31,30,258,2381,False
0.5692306160926819,0.562746621570151,0.18233618233618235,0.5491418369382545,0.11072664359861592,0.987557030277893,32,30,257,2381,False
0.5685957670211792,0.5654219492868462,0.1875,0.5508719407444829,0.11418685121107267,0.987557030277893,33,30,256,2381,False
0.5684254169464111,0.5650516869472286,0.18696883852691218,0.5506645579157811,0.11418685121107267,0.9871422646204894,33,31,256,2380,False
0.5669748783111572,0.5677059191035692,0.192090395480226,0.5523946617220094,0.11764705882352941,0.9871422646204894,34,31,255,2380,False
0.5658099055290222,0.5673306439230028,0.19154929577464788,0.5521872788933077,0.11764705882352941,0.9867274989630859,34,32,255,2379,False
0.5649523735046387,0.5604673877654379,0.18181818181818182,0.5482470051479738,0.11764705882352941,0.9788469514724181,34,51,255,2360,False
0.5641980171203613,0.5601194029850747,0.18133333333333335,0.548039622319272,0.11764705882352941,0.9784321858150146,34,52,255,2359,False
0.5635741353034973,0.5626312847269278,0.18617021276595744,0.5497697261255003,0.12110726643598616,0.9784321858150146,35,52,254,2359,False
0.5623540878295898,0.5622787696490045,0.1856763925729443,0.5495623432967985,0.12110726643598616,0.978017420157611,35,53,254,2358,False
0.5623070001602173,0.5619275189167662,0.18518518518518517,0.5493549604680967,0.12110726643598616,0.9776026545002073,35,54,254,2357,False
0.5622289180755615,0.5615775221641665,0.18469656992084432,0.549147577639395,0.12110726643598616,0.9771878888428038,35,55,254,2356,False
0.5615807771682739,0.5640595512686097,0.18947368421052632,0.5508776814456233,0.1245674740484429,0.9771878888428038,36,55,253,2356,False
0.561011791229248,0.5637051644695041,0.1889763779527559,0.5506702986169215,0.1245674740484429,0.9767731231854002,36,56,253,2355,False
0.5608973503112793,0.5661691210073057,0.193717277486911,0.5524004024231499,0.12802768166089964,0.9767731231854002,37,56,252,2355,False
0.5608106851577759,0.5686207364933118,0.19843342036553524,0.5541305062293783,0.1314878892733564,0.9767731231854002,38,56,251,2355,False
0.559168815612793,0.5710601076555024,0.203125,0.5558606100356067,0.13494809688581316,0.9767731231854002,39,56,250,2355,False
0.5583765506744385,0.570690525825122,0.2025974025974026,0.5556532272069049,0.13494809688581316,0.9763583575279967,39,57,250,2354,False
0.5582616925239563,0.5703222686322855,0.20207253886010362,0.5554458443782031,0.13494809688581316,0.9759435918705931,39,58,250,2353,False
0.5572342872619629,0.5699553254561396,0.20155038759689922,0.5552384615495014,0.13494809688581316,0.9755288262131896,39,59,250,2352,False
0.5571403503417969,0.5695896857850438,0.20103092783505155,0.5550310787207996,0.13494809688581316,0.975114060555786,39,60,250,2351,False
0.5562005043029785,0.5719955942684449,0.20565552699228792,0.556761182527028,0.1384083044982699,0.975114060555786,40,60,249,2351,False
0.5561707019805908,0.5716259788116076,0.20512820512820512,0.5565537996983261,0.1384083044982699,0.9746992948983824,40,61,249,2350,False
0.5551137924194336,0.5712576696983792,0.20460358056265984,0.5563464168696244,0.1384083044982699,0.9742845292409789,40,62,249,2349,False
0.5539731383323669,0.573641357501467,0.20918367346938777,0.5580765206758528,0.14186851211072665,0.9742845292409789,41,62,248,2349,False
0.5539077520370483,0.5732691788747661,0.20865139949109415,0.557869137847151,0.14186851211072665,0.9738697635835752,41,63,248,2348,False
0.5535693764686584,0.5728983088314328,0.20812182741116753,0.5576617550184492,0.14186851211072665,0.9734549979261717,41,64,248,2347,False
0.5532650947570801,0.5752601828551196,0.21265822784810126,0.5593918588246776,0.1453287197231834,0.9734549979261717,42,64,247,2347,False
0.5521392822265625,0.5776106387617179,0.21717171717171718,0.561121962630906,0.14878892733564014,0.9734549979261717,43,64,246,2347,False
0.5513534545898438,0.5799497631395973,0.2216624685138539,0.5628520664371344,0.1522491349480969,0.9734549979261717,44,64,245,2347,False
0.5508289933204651,0.5795651588610787,0.22110552763819097,0.5626446836084324,0.1522491349480969,0.9730402322687681,44,65,245,2346,False
0.5506123304367065,0.5791819079793064,0.22055137844611528,0.5624373007797308,0.1522491349480969,0.9726254666113646,44,66,245,2345,False
0.550584614276886,0.5788,0.22,0.562229917951029,0.1522491349480969,0.972210700953961,44,67,245,2344,False
0.5502787828445435,0.5811132301273223,0.22443890274314215,0.5639600217572573,0.15570934256055363,0.972210700953961,45,67,244,2344,False
0.549222469329834,0.5834154557345326,0.22885572139303484,0.5656901255634856,0.15916955017301038,0.972210700953961,46,67,243,2344,False
0.5490990877151489,0.5830252493928119,0.228287841191067,0.5654827427347839,0.15916955017301038,0.9717959352965575,46,68,243,2343,False
0.5488309264183044,0.5853118138074817,0.23267326732673269,0.5672128465410123,0.16262975778546712,0.9717959352965575,47,68,242,2343,False
0.5487798452377319,0.5875875875875876,0.23703703703703705,0.5689429503472407,0.16608996539792387,0.9717959352965575,48,68,241,2343,False
0.5478568077087402,0.5898526507671275,0.2413793103448276,0.570673054153469,0.1695501730103806,0.9717959352965575,49,68,240,2343,False
0.5471276044845581,0.592107082593764,0.2457002457002457,0.5724031579596974,0.17301038062283736,0.9717959352965575,50,68,239,2343,False
0.546501636505127,0.5916996606334841,0.24509803921568626,0.5721957751309956,0.17301038062283736,0.9713811696391539,50,69,239,2342,False
0.546286940574646,0.5912936684565224,0.24449877750611246,0.5719883923022938,0.17301038062283736,0.9709664039817503,50,70,239,2341,False
0.5460254549980164,0.5838377155058985,0.2336448598130841,0.5680481185569599,0.17301038062283736,0.9630858564910826,50,89,239,2322,False
0.545073390007019,0.5834581833374832,0.2331002331002331,0.5678407357282582,0.17301038062283736,0.962671090833679,50,90,239,2321,False
0.5447691679000854,0.5830798745964157,0.23255813953488372,0.5676333528995563,0.17301038062283736,0.9622563251762754,50,91,239,2320,False
0.544765293598175,0.5827027804405878,0.23201856148491878,0.5674259700708546,0.17301038062283736,0.9618415595188718,50,92,239,2319,False
0.5445854663848877,0.5823268921095008,0.23148148148148148,0.5672185872421528,0.17301038062283736,0.9614267938614682,50,93,239,2318,False
0.544281005859375,0.5819522009233226,0.23094688221709006,0.567011204413451,0.17301038062283736,0.9610120282040647,50,94,239,2317,False
0.5427082180976868,0.5862068965517242,0.23908045977011494,0.5704714120259078,0.17993079584775087,0.9610120282040647,52,94,237,2317,False
0.5421781539916992,0.5858252814761697,0.23853211009174313,0.570264029197206,0.17993079584775087,0.9605972625466611,52,95,237,2316,False
0.5411275625228882,0.5879346984619824,0.2425629290617849,0.5719941330034344,0.18339100346020762,0.9605972625466611,53,95,236,2316,False
0.5390915870666504,0.5875503138924318,0.2420091324200913,0.5717867501747326,0.18339100346020762,0.9601824968892576,53,96,236,2315,False
0.5390701293945312,0.5896466240778299,0.2460136674259681,0.573516853980961,0.18685121107266436,0.9601824968892576,54,96,235,2315,False
0.5390688180923462,0.588873661987481,0.24489795918367346,0.5731020883235575,0.18685121107266436,0.9593529655744505,54,98,235,2313,False
0.5380016565322876,0.5884890090333461,0.24434389140271492,0.5728947054948557,0.18685121107266436,0.9589381999170469,54,99,235,2312,False
0.5373605489730835,0.5905646346389332,0.24830699774266365,0.574624809301084,0.1903114186851211,0.9589381999170469,55,99,234,2312,False
0.5371453762054443,0.5901773444146325,0.24774774774774774,0.5744174264723821,0.1903114186851211,0.9585234342596433,55,100,234,2311,False
0.5371139645576477,0.5897912674746879,0.24719101123595505,0.5742100436436804,0.1903114186851211,0.9581086686022398,55,101,234,2310,False
0.5365310907363892,0.5890227196045512,0.24608501118568232,0.5737952779862768,0.1903114186851211,0.9572791372874326,55,103,234,2308,False
0.5363547801971436,0.5886402319409185,0.24553571428571427,0.573587895157575,0.1903114186851211,0.956864371630029,55,104,234,2307,False
0.5361264944076538,0.5882589240930832,0.24498886414253898,0.5733805123288733,0.1903114186851211,0.9564496059726255,55,105,234,2306,False
0.5352472066879272,0.5903030303030303,0.24888888888888888,0.5751106161351017,0.19377162629757785,0.9564496059726255,56,105,233,2306,False
0.5350521206855774,0.5899191711107398,0.24833702882483372,0.5749032333063999,0.19377162629757785,0.9560348403152219,56,106,233,2305,False
0.5344556570053101,0.5895364892224265,0.24778761061946902,0.5746958504776981,0.19377162629757785,0.9556200746578183,56,107,233,2304,False
0.5338165163993835,0.5915646247575291,0.25165562913907286,0.5764259542839264,0.1972318339100346,0.9556200746578183,57,107,232,2304,False
0.5337233543395996,0.5935842784896264,0.2555066079295154,0.5781560580901548,0.20069204152249134,0.9556200746578183,58,107,231,2304,False
0.5336564779281616,0.5955955066167402,0.25934065934065936,0.5798861618963832,0.2041522491349481,0.9556200746578183,59,107,230,2304,False
0.5335002541542053,0.5952031170158406,0.25877192982456143,0.5796787790676814,0.2041522491349481,0.9552053090004148,59,108,230,2303,False
0.5331300497055054,0.5948119281914481,0.25820568927789933,0.5794713962389796,0.2041522491349481,0.9547905433430112,59,109,230,2302,False
0.5329720377922058,0.5968076853067636,0.26200873362445415,0.581201500045208,0.20761245674740483,0.9547905433430112,60,109,229,2302,False
0.5326099395751953,0.5964141576484875,0.26143790849673204,0.5809941172165063,0.20761245674740483,0.9543757776856077,60,110,229,2301,False
0.532371997833252,0.5983981693363845,0.26521739130434785,0.5827242210227346,0.21107266435986158,0.9543757776856077,61,110,228,2301,False
0.5318809747695923,0.5980023532212296,0.2646420824295011,0.5825168381940328,0.21107266435986158,0.953961012028204,61,111,228,2300,False
0.5316423177719116,0.5999747518581054,0.2683982683982684,0.5842469420002612,0.21453287197231835,0.953961012028204,62,111,227,2300,False
0.5308500528335571,0.6019390759859324,0.27213822894168466,0.5859770458064896,0.2179930795847751,0.953961012028204,63,111,226,2300,False
0.5307076573371887,0.6015376124741518,0.27155172413793105,0.5857696629777878,0.2179930795847751,0.9535462463708005,63,112,226,2299,False
0.5306297540664673,0.6034905382880675,0.2752688172043011,0.5874997667840162,0.22145328719723184,0.9535462463708005,64,112,225,2299,False
0.5302667617797852,0.6030869277031929,0.27467811158798283,0.5872923839553144,0.22145328719723184,0.9531314807133969,64,113,225,2298,False
0.5282353162765503,0.6026845381213182,0.2740899357601713,0.5870850011266125,0.22145328719723184,0.9527167150559933,64,114,225,2297,False
0.5280743837356567,0.602283361407449,0.27350427350427353,0.5868776182979109,0.22145328719723184,0.9523019493985898,64,115,225,2296,False
0.5279471278190613,0.6018833894957233,0.27292110874200426,0.586670235469209,0.22145328719723184,0.9518871837411862,64,116,225,2295,False
0.5276088714599609,0.6014846143886755,0.2723404255319149,0.5864628526405072,0.22145328719723184,0.9514724180837827,64,117,225,2294,False
0.5275386571884155,0.6010870281565104,0.27176220806794055,0.5862554698118054,0.22145328719723184,0.9510576524263791,64,118,225,2293,False
0.5273032188415527,0.6006906229363856,0.2711864406779661,0.5860480869831037,0.22145328719723184,0.9506428867689756,64,119,225,2292,False
0.527065098285675,0.6045267426263125,0.27848101265822783,0.5895082945955604,0.22837370242214533,0.9506428867689756,66,119,223,2292,False
0.5263062715530396,0.6041250333956719,0.27789473684210525,0.5893009117668586,0.22837370242214533,0.950228121111572,66,120,223,2291,False
0.5262731313705444,0.6060284389954195,0.2815126050420168,0.591031015573087,0.23183391003460208,0.950228121111572,67,120,222,2291,False
0.5260419845581055,0.6056247341128855,0.2809224318658281,0.5908236327443852,0.23183391003460208,0.9498133554541683,67,121,222,2290,False
0.5259724855422974,0.6052222197664316,0.2803347280334728,0.5906162499156835,0.23183391003460208,0.9493985897967648,67,122,222,2289,False
0.5257688760757446,0.6071117815981018,0.2839248434237996,0.5923463537219118,0.23529411764705882,0.9493985897967648,68,122,221,2289,False
0.5257177352905273,0.6089939024390244,0.2875,0.5940764575281402,0.23875432525951557,0.9493985897967648,69,122,220,2289,False
0.5256335139274597,0.6085863335304278,0.2869022869022869,0.5938690746994384,0.23875432525951557,0.9489838241393612,69,123,220,2288,False
0.52503502368927,0.6104579839660895,0.29045643153526973,0.5955991785056668,0.2422145328719723,0.9489838241393612,70,123,219,2288,False
0.5249168276786804,0.6123223143940972,0.2939958592132505,0.5973292823118952,0.24567474048442905,0.9489838241393612,71,123,218,2288,False
0.5249046087265015,0.6141793704483253,0.2975206611570248,0.5990593861181235,0.2491349480968858,0.9489838241393612,72,123,217,2288,False
0.5248827934265137,0.6160291973864983,0.30103092783505153,0.6007894899243519,0.25259515570934254,0.9489838241393612,73,123,216,2288,False
0.5245204567909241,0.6156107267218378,0.3004115226337449,0.6005821070956501,0.25259515570934254,0.9485690584819577,73,124,216,2287,False
0.523841142654419,0.615193483658784,0.2997946611909651,0.6003747242669484,0.25259515570934254,0.9481542928245541,73,125,216,2286,False
0.523722231388092,0.6074890444215794,0.2885375494071146,0.5964344505216144,0.25259515570934254,0.9402737453338863,73,144,216,2267,False
0.5234555602073669,0.6092715472048585,0.29191321499013806,0.5981645543278428,0.2560553633217993,0.9402737453338863,74,144,215,2267,False
0.5234106183052063,0.6088745243721068,0.29133858267716534,0.5979571714991411,0.2560553633217993,0.9398589796764828,74,145,215,2266,False
0.5234028100967407,0.6084785856223631,0.2907662082514735,0.5977497886704393,0.2560553633217993,0.9394442140190792,74,146,215,2265,False
0.5228064656257629,0.6102490075784915,0.29411764705882354,0.5994798924766676,0.25951557093425603,0.9394442140190792,75,146,214,2265,False
0.5224759578704834,0.6120129096870286,0.2974559686888454,0.601209996282896,0.2629757785467128,0.9394442140190792,76,146,213,2265,False
0.522050142288208,0.6137703304009821,0.30078125,0.6029401000891244,0.2664359861591695,0.9394442140190792,77,146,212,2265,False
0.521411657333374,0.6133673656209278,0.3001949317738791,0.6027327172604227,0.2664359861591695,0.9390294483616757,77,147,212,2264,False
0.5208148956298828,0.6151156882763585,0.3035019455252918,0.604462821066651,0.2698961937716263,0.9390294483616757,78,147,211,2264,False
0.5206509828567505,0.6143077538426376,0.3023255813953488,0.6040480554092474,0.2698961937716263,0.9381999170468686,78,149,211,2262,False
0.5202951431274414,0.6139054256448081,0.30174081237911027,0.6038406725805456,0.2698961937716263,0.9377851513894649,78,150,211,2261,False
0.5201975107192993,0.6156395173191568,0.305019305019305,0.605570776386774,0.27335640138408307,0.9377851513894649,79,150,210,2261,False
0.5200503468513489,0.6152356725914925,0.3044315992292871,0.6053633935580722,0.27335640138408307,0.9373703857320614,79,151,210,2260,False
0.519768238067627,0.6148329129886507,0.3038461538461538,0.6051560107293704,0.27335640138408307,0.9369556200746578,79,152,210,2259,False
0.5197060108184814,0.614431231975024,0.30326295585412666,0.6049486279006686,0.27335640138408307,0.9365408544172542,79,153,210,2258,False
0.519267201423645,0.6140306230648513,0.30268199233716475,0.6047412450719669,0.27335640138408307,0.9361260887598507,79,154,210,2257,False
0.519253671169281,0.613631079821741,0.30210325047801145,0.6045338622432651,0.27335640138408307,0.9357113231024471,79,155,210,2256,False
0.5189276337623596,0.6132325958581994,0.3015267175572519,0.6043264794145633,0.27335640138408307,0.9352965574450436,79,156,210,2255,False
0.5186936259269714,0.614945054945055,0.3047619047619048,0.6060565832207917,0.2768166089965398,0.9352965574450436,80,156,209,2255,False
0.5185611248016357,0.6166514024130523,0.30798479087452474,0.6077866870270201,0.28027681660899656,0.9352965574450436,81,156,208,2255,False
0.5182527303695679,0.6162489276970925,0.30740037950664134,0.6075793041983183,0.28027681660899656,0.93488179178764,81,157,208,2254,False
0.5180723667144775,0.6179467084639498,0.3106060606060606,0.6093094080045467,0.2837370242214533,0.93488179178764,82,157,207,2254,False
0.5178143978118896,0.6196384683239682,0.31379962192816635,0.611039511810775,0.28719723183391005,0.93488179178764,83,157,206,2254,False
0.517734169960022,0.6192321103405525,0.3132075471698113,0.6108321289820733,0.28719723183391005,0.9344670261302365,83,158,206,2253,False
0.5176531076431274,0.6209154422131019,0.3163841807909605,0.6125622327883016,0.2906574394463668,0.9344670261302365,84,158,205,2253,False
0.5176119208335876,0.6205077195865588,0.3157894736842105,0.6123548499595999,0.2906574394463668,0.9340522604728329,84,159,205,2252,False
0.517246425151825,0.6201010673791523,0.3151969981238274,0.612147467130898,0.2906574394463668,0.9336374948154292,84,160,205,2251,False
0.5171865224838257,0.6234403665318746,0.32149532710280376,0.6156076747433548,0.2975778546712803,0.9336374948154292,86,160,203,2251,False
0.5171162486076355,0.6251012617831893,0.3246268656716418,0.6173377785495832,0.30103806228373703,0.9336374948154292,87,160,202,2251,False
0.5164906978607178,0.6246885328388918,0.3240223463687151,0.6171303957208814,0.30103806228373703,0.9332227291580257,87,161,202,2250,False
0.5161619186401367,0.6238663032679549,0.3228200371057514,0.6167156300634778,0.30103806228373703,0.9323931978432186,87,163,202,2248,False
0.5159698128700256,0.6255144032921811,0.32592592592592595,0.6184457338697062,0.3044982698961938,0.9323931978432186,88,163,201,2248,False
0.5155861377716064,0.6271568014687001,0.3290203327171904,0.6201758376759345,0.3079584775086505,0.9323931978432186,89,163,200,2248,True
0.5150200128555298,0.6267426651211757,0.3284132841328413,0.6199684548472327,0.3079584775086505,0.931978432185815,89,164,200,2247,False
0.5146514177322388,0.6190709840832009,0.3172905525846702,0.6160281811018988,0.3079584775086505,0.9240978846951472,89,183,200,2228,False
0.5144845247268677,0.620663225149653,0.3202846975088968,0.6177582849081272,0.31141868512110726,0.9240978846951472,90,183,199,2228,False
0.5140271186828613,0.620267248720362,0.3197158081705151,0.6175509020794254,0.31141868512110726,0.9236831190377437,90,184,199,2227,False
0.5139648914337158,0.6198722348344861,0.3191489361702128,0.6173435192507237,0.31141868512110726,0.9232683533803401,90,185,199,2226,False
0.5138239860534668,0.6214549148447438,0.32212389380530976,0.619073623056952,0.314878892733564,0.9232683533803401,91,185,198,2226,False
0.5136669874191284,0.6210587256637685,0.3215547703180212,0.6188662402282503,0.314878892733564,0.9228535877229366,91,186,198,2225,False
0.5133435726165771,0.6206634940340713,0.32098765432098764,0.6186588573995485,0.314878892733564,0.922438822065533,91,187,198,2224,False
0.5131267309188843,0.6198758821451529,0.31985940246045697,0.6182440917421449,0.314878892733564,0.9216092907507258,91,189,198,2222,False
0.5130957365036011,0.6194834913370382,0.3192982456140351,0.6180367089134431,0.314878892733564,0.9211945250933222,91,190,198,2221,False
0.5129982233047485,0.6190920369817641,0.318739054290718,0.6178293260847414,0.314878892733564,0.9207797594359187,91,191,198,2220,False
0.5129724144935608,0.6206568907480258,0.32167832167832167,0.6195594298909697,0.31833910034602075,0.9207797594359187,92,191,197,2220,False
0.5128502249717712,0.6202642856445583,0.32111692844677137,0.619352047062268,0.31833910034602075,0.9203649937785151,92,192,197,2219,False
0.5125942230224609,0.6194818652849741,0.32,0.6189372814048644,0.31833910034602075,0.919535462463708,92,194,197,2217,False
0.5125719308853149,0.619092039800995,0.3194444444444444,0.6187298985761627,0.31833910034602075,0.9191206968063045,92,195,197,2216,False
0.5123763084411621,0.6187031306876962,0.3188908145580589,0.6185225157474608,0.31833910034602075,0.9187059311489009,92,196,197,2215,False
0.5120217204093933,0.6183151329187591,0.31833910034602075,0.6183151329187591,0.31833910034602075,0.9182911654914973,92,197,197,2214,False
0.5119499564170837,0.6179280415023649,0.3177892918825561,0.6181077500900573,0.31833910034602075,0.9178763998340937,92,198,197,2213,False
0.5117405652999878,0.6175418514808986,0.31724137931034485,0.6179003672613554,0.31833910034602075,0.9174616341766901,92,199,197,2212,False
0.5112669467926025,0.6171565579306525,0.31669535283993117,0.6176929844326537,0.31833910034602075,0.9170468685192866,92,200,197,2211,False
0.5111690759658813,0.6186979240220307,0.31958762886597936,0.619423088238882,0.3217993079584775,0.9170468685192866,93,200,196,2211,False
0.5110514760017395,0.6183115046730936,0.3190394511149228,0.6192157054101802,0.3217993079584775,0.916632102861883,93,201,196,2210,False
0.5104489326477051,0.6179259773358212,0.3184931506849315,0.6190083225814785,0.3217993079584775,0.9162173372044795,93,202,196,2209,False
0.5102677345275879,0.6175413371675054,0.31794871794871793,0.6188009397527767,0.3217993079584775,0.9158025715470759,93,203,196,2208,False
0.5101015567779541,0.6190717914614796,0.32081911262798635,0.620531043559005,0.32525951557093424,0.9158025715470759,94,203,195,2208,False
0.5100616216659546,0.6186860472648077,0.3202725724020443,0.6203236607303033,0.32525951557093424,0.9153878058896724,94,204,195,2207,False
0.5099491477012634,0.6183011858109828,0.3197278911564626,0.6201162779016015,0.32525951557093424,0.9149730402322688,94,205,195,2206,False
0.5090765953063965,0.6179172023366091,0.31918505942275044,0.6199088950728997,0.32525951557093424,0.9145582745748652,94,206,195,2205,False
0.5090574026107788,0.6194369075725008,0.3220338983050847,0.6216389988791281,0.328719723183391,0.9145582745748652,95,206,194,2205,False
0.5090323686599731,0.6190518412494339,0.32148900169204736,0.6214316160504263,0.328719723183391,0.9141435089174617,95,207,194,2204,False
0.5089939832687378,0.6186676485137383,0.32094594594594594,0.6212242332217245,0.328719723183391,0.913728743260058,95,208,194,2203,False
0.5089298486709595,0.6182843246796847,0.32040472175379425,0.6210168503930228,0.328719723183391,0.9133139776026545,95,209,194,2202,False
0.508591890335083,0.6179018650928763,0.31986531986531985,0.620809467564321,0.328719723183391,0.9128992119452509,95,210,194,2201,False
0.508557915687561,0.6171395201984923,0.3187919463087248,0.6203947019069174,0.328719723183391,0.9120696806304438,95,212,194,2199,False
0.5083872079849243,0.6167596257364273,0.31825795644891125,0.6201873190782156,0.328719723183391,0.9116549149730402,95,213,194,2198,False
0.5082151889801025,0.6160023701239203,0.31719532554257096,0.6197725534208121,0.328719723183391,0.9108253836582331,95,215,194,2196,False
0.5076033473014832,0.615625,0.31666666666666665,0.6195651705921102,0.328719723183391,0.9104106180008296,95,216,194,2195,False
0.5072412490844727,0.6152484623980523,0.3161397670549085,0.6193577877634084,0.328719723183391,0.909995852343426,95,217,194,2194,False
0.506872296333313,0.6167423026482518,0.31893687707641194,0.6210878915696368,0.33217993079584773,0.909995852343426,96,217,193,2194,False
0.5065352320671082,0.6163647055529109,0.31840796019900497,0.620880508740935,0.33217993079584773,0.9095810866860224,96,218,193,2193,False
0.5063387155532837,0.6159879369673403,0.31788079470198677,0.6206731259122333,0.33217993079584773,0.9091663210286188,96,219,193,2192,False
0.5060532093048096,0.6174734356552538,0.32066115702479336,0.6224032297184616,0.3356401384083045,0.9091663210286188,97,219,192,2192,False
0.5057858228683472,0.6170956269594419,0.3201320132013201,0.6221958468897598,0.3356401384083045,0.9087515553712152,97,220,192,2191,False
0.5057321786880493,0.6167186427488467,0.31960461285008235,0.6219884640610581,0.3356401384083045,0.9083367897138117,97,221,192,2190,False
0.5056926608085632,0.6163424786925578,0.3190789473684211,0.6217810812323563,0.3356401384083045,0.9079220240564081,97,222,192,2189,False
0.5054242610931396,0.6155925938601595,0.3180327868852459,0.6213663155749527,0.3356401384083045,0.907092492741601,97,224,192,2187,False
0.5053552389144897,0.61521886456244,0.31751227495908346,0.621158932746251,0.3356401384083045,0.9066777270841975,97,225,192,2186,False
0.5053528547286987,0.6148459383753502,0.31699346405228757,0.6209515499175492,0.3356401384083045,0.9062629614267939,97,226,192,2185,False
0.5053192377090454,0.6144738111068211,0.3164763458401305,0.6207441670888474,0.3356401384083045,0.9058481957693902,97,227,192,2184,False
0.5051783919334412,0.6141024785918756,0.31596091205211724,0.6205367842601456,0.3356401384083045,0.9054334301119867,97,228,192,2183,False
0.5049702525138855,0.607192815535718,0.30647709320695105,0.6165965105148117,0.3356401384083045,0.8975528826213189,97,247,192,2164,False
0.5049344897270203,0.606836543285708,0.305993690851735,0.61638912768611,0.3356401384083045,0.8971381169639154,97,248,192,2163,False
0.5043572187423706,0.6082656509489305,0.30866141732283464,0.6181192314923383,0.3391003460207612,0.8971381169639154,98,248,191,2163,False
0.503801703453064,0.6096906040587424,0.3113207547169811,0.6198493352985667,0.34256055363321797,0.8971381169639154,99,248,190,2163,False
0.5037457942962646,0.6093316119710049,0.3108320251177394,0.6196419524698649,0.34256055363321797,0.8967233513065118,99,249,190,2162,False
0.5036366581916809,0.6089733377746238,0.3103448275862069,0.6194345696411631,0.34256055363321797,0.8963085856491082,99,250,190,2161,False
0.5034602880477905,0.6086157778428606,0.30985915492957744,0.6192271868124614,0.34256055363321797,0.8958938199917047,99,251,190,2160,False
0.5033650398254395,0.607902786378318,0.3088923556942278,0.6188124211550577,0.34256055363321797,0.8950642886768976,99,253,190,2158,False
0.5032426714897156,0.6093151524436954,0.3115264797507788,0.6205425249612861,0.3460207612456747,0.8950642886768976,100,253,189,2158,False
0.50323486328125,0.6107234619620885,0.3141524105754277,0.6222726287675145,0.3494809688581315,0.8950642886768976,101,253,188,2158,False
0.5030539631843567,0.6103646782880336,0.3136645962732919,0.6220652459388127,0.3494809688581315,0.894649523019494,101,254,188,2157,False
0.50254887342453,0.6117672951360869,0.31627906976744186,0.6237953497450411,0.35294117647058826,0.894649523019494,102,254,187,2157,False
0.5023623108863831,0.6114075681420632,0.3157894736842105,0.6235879669163393,0.35294117647058826,0.8942347573620905,102,255,187,2156,False
0.5023460388183594,0.61104854950473,0.31530139103554866,0.6233805840876375,0.35294117647058826,0.8938199917046868,102,256,187,2155,False
0.5023127794265747,0.6124438832772167,0.31790123456790126,0.6251106878938659,0.356401384083045,0.8938199917046868,103,256,186,2155,False
0.5018629431724548,0.6138352512924861,0.3204930662557781,0.6268407917000943,0.35986159169550175,0.8938199917046868,104,256,185,2155,False
0.5018142461776733,0.6152226720647773,0.3230769230769231,0.6285708955063227,0.3633217993079585,0.8938199917046868,105,256,184,2155,False
0.5016002655029297,0.6148594950380046,0.3225806451612903,0.6283635126776208,0.3633217993079585,0.8934052260472832,105,257,184,2154,False
0.5014331340789795,0.6162413880432704,0.32515337423312884,0.6300936164838492,0.36678200692041524,0.8934052260472832,106,257,183,2154,False
0.5010806322097778,0.6094428296848661,0.31594634873323396,0.6261533427385154,0.36678200692041524,0.8855246785566155,106,276,183,2135,False
0.5009727478027344,0.6090917331399565,0.31547619047619047,0.6259459599098136,0.36678200692041524,0.8851099128992119,106,277,183,2134,False
0.500478982925415,0.6087412861086026,0.3150074294205052,0.6257385770811118,0.36678200692041524,0.8846951472418084,106,278,183,2133,False
0.5004270076751709,0.6083914854501458,0.314540059347181,0.62553119425241,0.36678200692041524,0.8842803815844048,106,279,183,2132,False
0.49997925758361816,0.6097354497354498,0.31703703703703706,0.6272612980586384,0.370242214532872,0.8842803815844048,107,279,182,2132,False
0.4996473789215088,0.6093847857346848,0.3165680473372781,0.6270539152299366,0.370242214532872,0.8838656159270012,107,280,182,2131,False
0.4990708827972412,0.6107235999951212,0.3190546528803545,0.628784019036165,0.3737024221453287,0.8838656159270012,108,280,181,2131,False
0.4987860321998596,0.6103720862241513,0.3185840707964602,0.6285766362074632,0.3737024221453287,0.8834508502695977,108,281,181,2130,False
0.4986199736595154,0.6100212162683638,0.3181148748159057,0.6283692533787614,0.3737024221453287,0.8830360846121941,108,282,181,2129,False
0.4982489347457886,0.6093213954647676,0.31718061674008813,0.6279544877213579,0.3737024221453287,0.882206553297387,108,284,181,2127,False
0.49824321269989014,0.608972438492875,0.31671554252199413,0.6277471048926561,0.3737024221453287,0.8817917876399834,108,285,181,2126,False
0.49817484617233276,0.608624113087735,0.3162518301610542,0.6275397220639543,0.3737024221453287,0.8813770219825798,108,286,181,2125,False
0.498102605342865,0.6099504486406857,0.31871345029239767,0.6292698258701827,0.3771626297577855,0.8813770219825798,109,286,180,2125,False
0.4978395104408264,0.61127323110743,0.32116788321167883,0.630999929676411,0.3806228373702422,0.8813770219825798,110,286,179,2125,False
0.4977707266807556,0.6109226162129802,0.3206997084548105,0.6307925468477092,0.3806228373702422,0.8809622563251763,110,287,179,2124,False
0.4976651668548584,0.6105726333462123,0.32023289665211063,0.6305851640190074,0.3806228373702422,0.8805474906677727,110,288,179,2123,False
0.4970178008079529,0.6098745517007874,0.3193033381712627,0.6301703983616039,0.3806228373702422,0.8797179593529656,110,290,179,2121,False
0.49687838554382324,0.609526446967599,0.3188405797101449,0.6299630155329021,0.3806228373702422,0.879303193695562,110,291,179,2120,False
0.4968104958534241,0.6091789623527814,0.3183791606367583,0.6297556327042003,0.3806228373702422,0.8788884280381585,110,292,179,2119,False
0.4964812994003296,0.6088320949214472,0.3179190751445087,0.6295482498754985,0.3806228373702422,0.8784736623807549,110,293,179,2118,False
0.496101438999176,0.6081401999532144,0.3170028818443804,0.629133484218095,0.3806228373702422,0.8776441310659477,110,295,179,2116,False
0.4958650469779968,0.6094465554017997,0.3194244604316547,0.6308635880243234,0.38408304498269896,0.8776441310659477,111,295,178,2116,False
0.495491087436676,0.6107494722026742,0.3218390804597701,0.6325936918305517,0.3875432525951557,0.8776441310659477,112,295,177,2116,False
0.4953919053077698,0.6104016148915601,0.321377331420373,0.6323863090018499,0.3875432525951557,0.8772293654085441,112,296,177,2115,False
0.49538201093673706,0.6100543693532838,0.3209169054441261,0.6321789261731482,0.3875432525951557,0.8768145997511406,112,297,177,2114,False
0.49493294954299927,0.6097077327168998,0.32045779685264664,0.6319715433444464,0.3875432525951557,0.876399834093737,112,298,177,2113,False
0.4948936700820923,0.6093617021276596,0.32,0.6317641605157446,0.3875432525951557,0.8759850684363335,112,299,177,2112,False
0.4948629140853882,0.6090162747468958,0.3195435092724679,0.6315567776870428,0.3875432525951557,0.8755703027789299,112,300,177,2111,False
0.49481362104415894,0.6086714477519075,0.3190883190883191,0.6313493948583411,0.3875432525951557,0.8751555371215264,112,301,177,2110,False
0.49451589584350586,0.6083272183358465,0.3186344238975818,0.6311420120296393,0.3875432525951557,0.8747407714641228,112,302,177,2109,False
0.49433428049087524,0.6096169854421558,0.3210227272727273,0.6328721158358677,0.39100346020761245,0.8747407714641228,113,302,176,2109,False
0.4942639470100403,0.610903405614846,0.32340425531914896,0.634602219642096,0.3944636678200692,0.8747407714641228,114,302,175,2109,False
0.4942523241043091,0.6105570247594724,0.32294617563739375,0.6343948368133941,0.3944636678200692,0.8743260058067192,114,303,175,2108,False
0.4941728115081787,0.6102112418176158,0.32248939179632247,0.6341874539846925,0.3944636678200692,0.8739112401493156,114,304,175,2107,False
0.4938252568244934,0.6095214585803203,0.3215796897038082,0.6337726883272888,0.3944636678200692,0.8730817088345085,114,306,175,2105,False
0.49343419075012207,0.6091774527763596,0.3211267605633803,0.633565305498587,0.3944636678200692,0.8726669431771049,114,307,175,2104,False
0.4934152364730835,0.6088340338686558,0.3206751054852321,0.6333579226698853,0.3944636678200692,0.8722521775197014,114,308,175,2103,False
0.49314695596694946,0.6084911991410055,0.3202247191011236,0.6331505398411835,0.3944636678200692,0.8718374118622978,114,309,175,2102,False
0.4927186965942383,0.6097648265277329,0.3225806451612903,0.6348806436474119,0.39792387543252594,0.8718374118622978,115,309,174,2102,False
0.4926769733428955,0.6094212332820452,0.32212885154061627,0.63467326081871,0.39792387543252594,0.8714226462048942,115,310,174,2101,False
0.4925287365913391,0.6090782216716049,0.32167832167832167,0.6344658779900083,0.39792387543252594,0.8710078805474907,115,311,174,2100,False
0.4922955632209778,0.608735789016693,0.32122905027932963,0.6342584951613065,0.39792387543252594,0.8705931148900871,115,312,174,2099,False
0.4917749762535095,0.6083939326523337,0.3207810320781032,0.6340511123326047,0.39792387543252594,0.8701783492326836,115,313,174,2098,False
0.491393506526947,0.6080526499281905,0.3203342618384401,0.633843729503903,0.39792387543252594,0.8697635835752799,115,314,174,2097,False
0.49116939306259155,0.607711938208465,0.3198887343532684,0.6336363466752012,0.39792387543252594,0.8693488179178764,115,315,174,2096,False
0.4907352328300476,0.6070322173111542,0.31900138696255204,0.6332215810177977,0.39792387543252594,0.8685192866030693,115,317,174,2094,False
0.4905740022659302,0.6082920110519091,0.32132963988919666,0.634951684824026,0.4013840830449827,0.8685192866030693,116,317,173,2094,False
0.4895462393760681,0.6079516872982202,0.32088520055325037,0.6347443019953242,0.4013840830449827,0.8681045209456657,116,318,173,2093,False
0.48923879861831665,0.6076119268960106,0.32044198895027626,0.6345369191666224,0.4013840830449827,0.8676897552882621,116,319,173,2092,False
0.4889167547225952,0.6072727272727273,0.32,0.6343295363379207,0.4013840830449827,0.8672749896308586,116,320,173,2091,False
0.4888952970504761,0.6069340858697843,0.31955922865013775,0.6341221535092189,0.4013840830449827,0.866860223973455,116,321,173,2090,False
0.4887621998786926,0.6065960001424673,0.31911966987620355,0.633914770680517,0.4013840830449827,0.8664454583160515,116,322,173,2089,False
0.4886184334754944,0.6078461350293543,0.32142857142857145,0.6356448744867454,0.40484429065743943,0.8664454583160515,117,322,172,2089,False
0.4886118769645691,0.6090931436681811,0.32373113854595337,0.6373749782929738,0.4083044982698962,0.8664454583160515,118,322,171,2089,False
0.4882727265357971,0.6087530433252177,0.3232876712328767,0.637167595464272,0.4083044982698962,0.8660306926586478,118,323,171,2088,False
0.48812758922576904,0.609995666618518,0.32558139534883723,0.6388976992705004,0.4117647058823529,0.8660306926586478,119,323,170,2088,False
0.4878658056259155,0.6096548527118716,0.3251366120218579,0.6386903164417986,0.4117647058823529,0.8656159270012443,119,324,170,2087,False
0.48777395486831665,0.6089748905351602,0.3242506811989101,0.638275550784395,0.4117647058823529,0.8647863956864371,119,326,170,2085,False
0.4876375198364258,0.6086357372531006,0.3238095238095238,0.6380681679556932,0.4117647058823529,0.8643716300290336,119,327,170,2084,False
0.48699092864990234,0.6098702364083824,0.32608695652173914,0.6397982717619216,0.41522491349480967,0.8643716300290336,120,327,169,2084,False
0.4869604706764221,0.6091910726057068,0.3252032520325203,0.6393835061045181,0.41522491349480967,0.8635420987142265,120,329,169,2082,False
0.4869502782821655,0.6104200373989797,0.3274695534506089,0.6411136099107464,0.4186851211072664,0.8635420987142265,121,329,168,2082,False
0.48692548274993896,0.6100800371186637,0.327027027027027,0.6409062270820447,0.4186851211072664,0.8631273330568229,121,330,168,2081,False
0.4865919351577759,0.6097405830689457,0.3265856950067476,0.6406988442533429,0.4186851211072664,0.8627125673994194,121,331,168,2080,False
0.4865027070045471,0.609401672802436,0.3261455525606469,0.6404914614246411,0.4186851211072664,0.8622978017420158,121,332,168,2079,False
0.4863485097885132,0.6106239294181092,0.3283983849259758,0.6422215652308695,0.42214532871972316,0.8622978017420158,122,332,167,2079,False
0.4863194227218628,0.6118431992018624,0.33064516129032256,0.6439516690370979,0.42560553633217996,0.8622978017420158,123,332,166,2079,False
0.4861605167388916,0.6115023897231093,0.3302013422818792,0.6437442862083961,0.42560553633217996,0.8618830360846121,123,333,166,2078,False
0.4861134886741638,0.6127174755838617,0.3324396782841823,0.6454743900146245,0.4290657439446367,0.8618830360846121,124,333,165,2078,False
0.4859490394592285,0.6123760030450622,0.3319946452476573,0.6452670071859227,0.4290657439446367,0.8614682704272086,124,334,165,2077,False
0.4859310984611511,0.6135869340310188,0.3342245989304813,0.6469971109921511,0.43252595155709345,0.8614682704272086,125,334,164,2077,False
0.48593008518218994,0.60717723963708,0.3259452411994785,0.6430568372468172,0.43252595155709345,0.8535877229365408,125,353,164,2058,False
0.4857364892959595,0.6068450453367875,0.3255208333333333,0.6428494544181154,0.43252595155709345,0.8531729572791373,125,354,164,2057,False
0.48555541038513184,0.6065133511117901,0.3250975292587776,0.6426420715894136,0.43252595155709345,0.8527581916217337,125,355,164,2056,False
0.4855120778083801,0.6061821547782671,0.3246753246753247,0.6424346887607117,0.43252595155709345,0.8523434259643301,125,356,164,2055,False
0.4850686192512512,0.605851454163525,0.324254215304799,0.64222730593201,0.43252595155709345,0.8519286603069266,125,357,164,2054,False
0.4849621653556824,0.6055212471059243,0.3238341968911917,0.6420199231033082,0.43252595155709345,0.851513894649523,125,358,164,2053,False
0.4849180579185486,0.6067013152733366,0.3260025873221216,0.6437500269095366,0.4359861591695502,0.851513894649523,126,358,163,2053,False
0.48483186960220337,0.6078786233523361,0.3281653746770026,0.6454801307157649,0.43944636678200694,0.851513894649523,127,358,162,2053,False
0.4845304489135742,0.6075466434176111,0.327741935483871,0.6452727478870632,0.43944636678200694,0.8510991289921195,127,359,162,2052,False
0.4845060706138611,0.6072151571362323,0.327319587628866,0.6450653650583614,0.43944636678200694,0.8506843633347159,127,360,162,2051,False
0.48434722423553467,0.6068841623676147,0.3268983268983269,0.6448579822296596,0.43944636678200694,0.8502695976773124,127,361,162,2050,False
0.4841952323913574,0.6065536569819763,0.3264781491002571,0.6446505994009578,0.43944636678200694,0.8498548320199087,127,362,162,2049,False
0.4835023880004883,0.6062236388602681,0.32605905006418484,0.644443216572256,0.43944636678200694,0.8494400663625051,127,363,162,2048,False
0.48347169160842896,0.6058941058941059,0.32564102564102565,0.6442358337435543,0.43944636678200694,0.8490253007051016,127,364,162,2047,False
0.4834320545196533,0.6070619627941041,0.32778489116517284,0.6459659375497826,0.4429065743944637,0.8490253007051016,128,364,161,2047,False
0.48331397771835327,0.6067318033847316,0.3273657289002558,0.6457585547210809,0.4429065743944637,0.848610535047698,128,365,161,2046,False
0.4832295775413513,0.6064021270716169,0.3269476372924649,0.6455511718923791,0.4429065743944637,0.8481957693902945,128,366,161,2045,False
0.4831942319869995,0.6060729317723623,0.32653061224489793,0.6453437890636773,0.4429065743944637,0.8477810037328909,128,367,161,2044,False
0.4831545352935791,0.6057442154149788,0.32611464968152865,0.6451364062349756,0.4429065743944637,0.8473662380754874,128,368,161,2043,False
0.48304522037506104,0.6069049722550353,0.3282442748091603,0.6468665100412039,0.4463667820069204,0.8473662380754874,129,368,160,2043,False
0.48301005363464355,0.6080630646884626,0.3303684879288437,0.6485966138474323,0.44982698961937717,0.8473662380754874,130,368,159,2043,False
0.4830012321472168,0.6077326418392099,0.3299492385786802,0.6483892310187305,0.44982698961937717,0.8469514724180838,130,369,159,2042,False
0.48296278715133667,0.6088869977809718,0.3320659062103929,0.6501193348249589,0.4532871972318339,0.8469514724180838,131,369,158,2042,False
0.4826310873031616,0.6085559735303001,0.33164556962025316,0.6499119519962571,0.4532871972318339,0.8465367067606803,131,370,158,2041,False
0.4825727343559265,0.6097066175423833,0.33375474083438683,0.6516420558024855,0.45674740484429066,0.8465367067606803,132,370,157,2041,False
0.4825686812400818,0.609375,0.3333333333333333,0.6514346729737837,0.45674740484429066,0.8461219411032767,132,371,157,2040,False
0.4825294017791748,0.6090438613754878,0.3329129886506936,0.6512272901450818,0.45674740484429066,0.845707175445873,132,372,157,2039,False
0.48248493671417236,0.6083830127220208,0.3320754716981132,0.6508125244876783,0.45674740484429066,0.8448776441310659,132,374,157,2037,False
0.4824216365814209,0.6080532986391558,0.3316582914572864,0.6506051416589765,0.45674740484429066,0.8444628784736624,132,375,157,2036,False
0.4822154641151428,0.6077240553662155,0.3312421580928482,0.6503977588302747,0.45674740484429066,0.8440481128162588,132,376,157,2035,False
0.48176109790802,0.6073952809010793,0.3308270676691729,0.650190376001573,0.45674740484429066,0.8436333471588553,132,377,157,2034,False
0.48030489683151245,0.607066973251448,0.3304130162703379,0.6499829931728711,0.45674740484429066,0.8432185815014517,132,378,157,2033,False
0.48000746965408325,0.6082065217391304,0.3325,0.6517130969790995,0.4602076124567474,0.8432185815014517,133,378,156,2033,False
0.4793780446052551,0.6020351619565765,0.3247863247863248,0.6477728232337656,0.4602076124567474,0.8353380340107839,133,397,156,2014,False
0.4792739748954773,0.6017147726062414,0.32439024390243903,0.6475654404050639,0.4602076124567474,0.8349232683533804,133,398,156,2013,False
0.47916847467422485,0.6013948122538976,0.32399512789281365,0.6473580575763621,0.4602076124567474,0.8345085026959768,133,399,156,2012,False
0.4791066646575928,0.6010752791038065,0.3236009732360097,0.6471506747476603,0.4602076124567474,0.8340937370385733,133,400,156,2011,False
0.47901564836502075,0.6004374872700116,0.32281553398058255,0.6467359090902567,0.4602076124567474,0.833264205723766,133,402,156,2009,False
0.4790008068084717,0.6015499254843517,0.32484848484848483,0.6484660128964851,0.46366782006920415,0.833264205723766,134,402,155,2009,False
0.4789351224899292,0.6012306636838812,0.324455205811138,0.6482586300677833,0.46366782006920415,0.8328494400663625,134,403,155,2008,False
0.4788336157798767,0.602339688476947,0.3264812575574365,0.6499887338740117,0.4671280276816609,0.8328494400663625,135,403,154,2008,False
0.4784921407699585,0.6020198562136254,0.32608695652173914,0.6497813510453099,0.4671280276816609,0.8324346744089589,135,404,154,2007,False
0.47833287715911865,0.6017004459065505,0.32569360675512665,0.6495739682166082,0.4671280276816609,0.8320199087515554,135,405,154,2006,False
0.4779778718948364,0.6013814558013234,0.3253012048192771,0.6493665853879064,0.4671280276816609,0.8316051430941518,135,406,154,2005,False
0.477865993976593,0.6010628841517904,0.3249097472924188,0.6491592025592046,0.4671280276816609,0.8311903774367483,135,407,154,2004,False
0.47768646478652954,0.6007447292199919,0.3245192307692308,0.6489518197305028,0.4671280276816609,0.8307756117793447,135,408,154,2003,False
0.477520227432251,0.6029457642821354,0.328537170263789,0.6524120273429596,0.4740484429065744,0.8307756117793447,137,408,152,2003,False
0.47747254371643066,0.602626073154895,0.3281437125748503,0.6522046445142577,0.4740484429065744,0.830360846121941,137,409,152,2002,False
0.477411687374115,0.6023067987872637,0.3277511961722488,0.6519972616855559,0.4740484429065744,0.8299460804645376,137,410,152,2001,False
0.47722792625427246,0.603401836652457,0.32974910394265233,0.6537273654917843,0.47750865051903113,0.8299460804645376,138,410,151,2001,False
0.4766460657119751,0.603082012976346,0.32935560859188545,0.6535199826630825,0.47750865051903113,0.8295313148071339,138,411,151,2000,False
0.47647953033447266,0.5970823077600761,0.3220536756126021,0.6495797089177486,0.47750865051903113,0.8216507673164662,138,430,151,1981,False
0.47636210918426514,0.5964590117873141,0.3213038416763679,0.649164943260345,0.47750865051903113,0.820821236001659,138,432,151,1979,False
0.476223349571228,0.5961479356623297,0.3209302325581395,0.6489575604316433,0.47750865051903113,0.8204064703442555,138,433,151,1978,False
0.4759964942932129,0.5958372387047447,0.3205574912891986,0.6487501776029415,0.47750865051903113,0.8199917046868519,138,434,151,1977,False
0.4757639169692993,0.59690737356829,0.3225058004640371,0.6504802814091699,0.4809688581314879,0.8199917046868519,139,434,150,1977,False
0.4756474494934082,0.5965961346273245,0.32213209733487835,0.6502728985804681,0.4809688581314879,0.8195769390294484,139,435,150,1976,False
0.47556018829345703,0.5962852733686067,0.32175925925925924,0.6500655157517663,0.4809688581314879,0.8191621733720448,139,436,150,1975,False
0.4754146337509155,0.5959747882557628,0.3213872832369942,0.6498581329230646,0.4809688581314879,0.8187474077146413,139,437,150,1974,False
0.47532474994659424,0.5956646777593161,0.3210161662817552,0.6496507500943628,0.4809688581314879,0.8183326420572377,139,438,150,1973,False
0.47519248723983765,0.5953549403566465,0.3206459054209919,0.649443367265661,0.4809688581314879,0.817917876399834,139,439,150,1972,False
0.4749605059623718,0.5964183013979444,0.3225806451612903,0.6511734710718893,0.4844290657439446,0.817917876399834,140,439,149,1972,False
0.4748678207397461,0.5961080285942207,0.3222094361334868,0.6509660882431876,0.4844290657439446,0.8175031107424305,140,440,149,1971,False
0.47452813386917114,0.5957981274263531,0.3218390804597701,0.6507587054144858,0.4844290657439446,0.8170883450850269,140,441,149,1970,False
0.474520206451416,0.5954885963882711,0.3214695752009185,0.650551322585784,0.4844290657439446,0.8166735794276234,140,442,149,1969,False
0.47395777702331543,0.595179433980614,0.3211009174311927,0.6503439397570823,0.4844290657439446,0.8162588137702198,140,443,149,1968,False
0.4736896753311157,0.5948706387106912,0.3207331042382589,0.6501365569283805,0.4844290657439446,0.8158440481128163,140,444,149,1967,False
0.47355371713638306,0.5890713470024391,0.31390134529147984,0.6461962831830466,0.4844290657439446,0.8079635006221485,140,463,149,1948,False
0.4733985662460327,0.5887695909635156,0.3135498320268757,0.6459889003543448,0.4844290657439446,0.8075487349647449,140,464,149,1947,False
0.47334158420562744,0.5898086667441175,0.31543624161073824,0.6477190041605732,0.48788927335640137,0.8075487349647449,141,464,148,1947,False
0.4732204079627991,0.5895063833481111,0.31508379888268156,0.6475116213318713,0.48788927335640137,0.8071339693073414,141,465,148,1946,False
0.47321856021881104,0.5892044373255518,0.31473214285714285,0.6473042385031695,0.48788927335640137,0.8067192036499378,141,466,148,1945,False
0.47300904989242554,0.5902397286981477,0.3166109253065775,0.6490343423093979,0.4913494809688581,0.8067192036499378,142,466,147,1945,False
0.4728339910507202,0.591272970488741,0.3184855233853007,0.6507644461156263,0.49480968858131485,0.8067192036499378,143,466,146,1945,False
0.47266727685928345,0.5923041697074362,0.3203559510567297,0.6524945499218546,0.4982698961937716,0.8067192036499378,144,466,145,1945,False
0.4726420044898987,0.592,0.32,0.6522871670931529,0.4982698961937716,0.8063044379925343,144,467,145,1944,False
0.47263097763061523,0.5862836655990873,0.3133841131664853,0.648346893347819,0.4982698961937716,0.7984238905018665,144,486,145,1925,False
0.4726108908653259,0.5859860248447205,0.3130434782608696,0.6481395105191172,0.4982698961937716,0.7980091248444628,144,487,145,1924,False
0.47254830598831177,0.5856886970902212,0.3127035830618892,0.6479321276904155,0.4982698961937716,0.7975943591870593,144,488,145,1923,False
0.4723318815231323,0.5853916810940738,0.3123644251626898,0.6477247448617136,0.4982698961937716,0.7971795935296557,144,489,145,1922,False
0.472135066986084,0.5850949756199436,0.3120260021668472,0.6475173620330119,0.4982698961937716,0.7967648278722522,144,490,145,1921,False
0.47149592638015747,0.5861042442811879,0.31385281385281383,0.6492474658392403,0.5017301038062284,0.7967648278722522,145,490,144,1921,False
0.47144681215286255,0.5871115808545977,0.31567567567567567,0.6509775696454687,0.5051903114186851,0.7967648278722522,146,490,143,1921,False
0.4709426760673523,0.5881169917671674,0.3174946004319654,0.652707673451697,0.5086505190311419,0.7967648278722522,147,490,142,1921,False
0.47064125537872314,0.5875196625747949,0.3168103448275862,0.6522929077942934,0.5086505190311419,0.795935296557445,147,492,142,1919,False
0.47061944007873535,0.5872214647727407,0.31646932185145316,0.6520855249655917,0.5086505190311419,0.7955205309000415,147,493,142,1918,False
0.4705631136894226,0.5869235765317168,0.3161290322580645,0.6518781421368899,0.5086505190311419,0.7951057652426379,147,494,142,1917,False
0.4703798294067383,0.5866259966317673,0.3157894736842105,0.6516707593081881,0.5086505190311419,0.7946909995852344,147,495,142,1916,False
0.47022444009780884,0.5863287238579733,0.315450643776824,0.6514633764794864,0.5086505190311419,0.7942762339278308,147,496,142,1915,False
0.4702184200286865,0.5860317570004254,0.31511254019292606,0.6512559936507846,0.5086505190311419,0.7938614682704273,147,497,142,1914,False
0.4696241617202759,0.5870296726827776,0.3169164882226981,0.652986097457013,0.5121107266435986,0.7938614682704273,148,497,141,1914,False
0.46941810846328735,0.586435070306038,0.3162393162393162,0.6525713317996094,0.5121107266435986,0.79303193695562,148,499,141,1912,False
0.4692540168762207,0.5861382250980491,0.31590181430096054,0.6523639489709075,0.5121107266435986,0.7926171712982165,148,500,141,1911,False
0.4692424535751343,0.5858416822846133,0.31556503198294245,0.6521565661422057,0.5121107266435986,0.7922024056408129,148,501,141,1910,False
0.4690623879432678,0.5855454406775655,0.3152289669861555,0.651949183313504,0.5121107266435986,0.7917876399834094,148,502,141,1909,False
0.4687788486480713,0.5865375441274687,0.3170212765957447,0.6536792871197323,0.5155709342560554,0.7917876399834094,149,502,140,1909,False
0.46873390674591064,0.5862408211407322,0.31668437832093516,0.6534719042910306,0.5155709342560554,0.7913728743260058,149,503,140,1908,False
0.4683815836906433,0.5859443982477647,0.31634819532908703,0.6532645214623288,0.5155709342560554,0.7909581086686023,149,504,140,1907,False
0.46838098764419556,0.5856482742720531,0.31601272534464475,0.653057138633627,0.5155709342560554,0.7905433430111987,149,505,140,1906,False
0.46827471256256104,0.5853524480418708,0.3156779661016949,0.6528497558049253,0.5155709342560554,0.7901285773537952,149,506,140,1905,False
0.46821558475494385,0.5850569183902518,0.31534391534391537,0.6526423729762234,0.5155709342560554,0.7897138116963915,149,507,140,1904,False
0.46816498041152954,0.5847616841549654,0.3150105708245243,0.6524349901475217,0.5155709342560554,0.7892990460389879,149,508,140,1903,False
0.46802574396133423,0.5857472780947363,0.3167898627243928,0.65416509395375,0.5190311418685121,0.7892990460389879,150,508,139,1903,False
0.4677509665489197,0.5867310382476372,0.31856540084388185,0.6558951977599784,0.5224913494809689,0.7892990460389879,151,508,138,1903,False
0.46767914295196533,0.5864345611824245,0.31822971548998946,0.6556878149312766,0.5224913494809689,0.7888842803815844,151,509,138,1902,False
0.467571496963501,0.5861383796570077,0.3178947368421053,0.6554804321025749,0.5224913494809689,0.7884695147241808,151,510,138,1901,False
0.4675487279891968,0.5858424925177246,0.3175604626708728,0.6552730492738731,0.5224913494809689,0.7880547490667773,151,511,138,1900,False
0.4675031900405884,0.5855468986155613,0.3172268907563025,0.6550656664451713,0.5224913494809689,0.7876399834093737,151,512,138,1899,False
0.46750086545944214,0.5849565859496346,0.3165618448637317,0.6546509007877677,0.5224913494809689,0.7868104520945666,151,514,138,1897,False
0.46748828887939453,0.5846618649108652,0.3162303664921466,0.654443517959066,0.5224913494809689,0.786395686437163,151,515,138,1896,False
0.4674797058105469,0.5843674325591555,0.3158995815899582,0.6542361351303642,0.5224913494809689,0.7859809207797595,151,516,138,1895,False
0.4671180248260498,0.5788265971316819,0.30974358974358973,0.6502958613850303,0.5224913494809689,0.7781003732890917,151,535,138,1876,False
0.46710050106048584,0.5785377078824889,0.3094262295081967,0.6500884785563286,0.5224913494809689,0.7776856076316881,151,536,138,1875,False
0.46677201986312866,0.5782490845864562,0.3091095189355169,0.6498810957276266,0.5224913494809689,0.7772708419742845,151,537,138,1874,False
0.4659031629562378,0.5779607262072238,0.30879345603271985,0.649673712898925,0.5224913494809689,0.7768560763168809,151,538,138,1873,False
0.46560418605804443,0.5776726317124672,0.3084780388151175,0.6494663300702231,0.5224913494809689,0.7764413106594774,151,539,138,1872,False
0.4655049443244934,0.5786314525810324,0.31020408163265306,0.6511964338764515,0.5259515570934256,0.7764413106594774,152,539,137,1872,False
0.4654195308685303,0.5783428938009554,0.30988786952089703,0.6509890510477496,0.5259515570934256,0.7760265450020738,152,540,137,1871,False
0.4653322696685791,0.5780545979740351,0.3095723014256619,0.6507816682190479,0.5259515570934256,0.7756117793446703,152,541,137,1870,False
0.4651954174041748,0.5777665640774304,0.30925737538148523,0.6505742853903461,0.5259515570934256,0.7751970136872667,152,542,137,1869,False
0.4650918245315552,0.5723423548537305,0.3033932135728543,0.6466340116450122,0.5259515570934256,0.7673164661965989,152,561,137,1850,False
0.4650503993034363,0.5720593507174632,0.30309072781655033,0.6464266288163105,0.5259515570934256,0.7669017005391954,152,562,137,1849,False
0.4649878740310669,0.5714940655086342,0.3024875621890547,0.6460118631589069,0.5259515570934256,0.7660721692243883,152,564,137,1847,False
0.4648485779762268,0.5712117825590833,0.30218687872763417,0.6458044803302051,0.5259515570934256,0.7656574035669846,152,565,137,1846,False
0.4646851420402527,0.5721504216670423,0.3038728897715988,0.6475345841364335,0.5294117647058824,0.7656574035669846,153,565,136,1846,False
0.4646022915840149,0.571867681498829,0.30357142857142855,0.6473272013077318,0.5294117647058824,0.7652426379095811,153,566,136,1845,False
0.46455466747283936,0.5715851799755288,0.30327056491575816,0.6471198184790299,0.5294117647058824,0.7648278722521775,153,567,136,1844,False
0.46428602933883667,0.5734548131861892,0.3066271018793274,0.6505800260914867,0.5363321799307958,0.7648278722521775,155,567,134,1844,False
0.4640301465988159,0.5743872076558059,0.308300395256917,0.6523101298977151,0.5397923875432526,0.7648278722521775,156,567,133,1844,False
0.4637243151664734,0.5753179939563878,0.3099703849950642,0.6540402337039435,0.5432525951557093,0.7648278722521775,157,567,132,1844,False
0.46283847093582153,0.5762471770048325,0.3116370808678501,0.6557703375101718,0.5467128027681661,0.7648278722521775,158,567,131,1844,False
0.46255242824554443,0.5771747616988052,0.3133004926108374,0.6575004413164002,0.5501730103806228,0.7648278722521775,159,567,130,1844,False
0.4624521732330322,0.5768883987585494,0.31299212598425197,0.6572930584876984,0.5501730103806228,0.7644131065947739,159,568,130,1843,False
0.4623555541038513,0.576602278715633,0.31268436578171094,0.6570856756589967,0.5501730103806228,0.7639983409373704,159,569,130,1842,False
0.46210968494415283,0.5763164006352116,0.31237721021611004,0.6568782928302948,0.5501730103806228,0.7635835752799668,159,570,130,1841,False
0.4619460105895996,0.5772403762432969,0.3140333660451423,0.6586083966365233,0.5536332179930796,0.7635835752799668,160,570,129,1841,False
0.4617614150047302,0.5769540692989524,0.3137254901960784,0.6584010138078215,0.5536332179930796,0.7631688096225633,160,571,129,1840,False
0.4616222381591797,0.5778757980111202,0.31537708129285014,0.6601311176140499,0.5570934256055363,0.7631688096225633,161,571,128,1840,False
0.461506187915802,0.5775890661276495,0.3150684931506849,0.6599237347853479,0.5570934256055363,0.7627540439651597,161,572,128,1839,False
0.4614424705505371,0.5785085594721006,0.31671554252199413,0.6616538385915764,0.5605536332179931,0.7627540439651597,162,572,127,1839,False
0.4614213705062866,0.5794264882312614,0.318359375,0.6633839423978047,0.5640138408304498,0.7627540439651597,163,572,126,1839,False
0.46055102348327637,0.5791386759581881,0.3180487804878049,0.663176559569103,0.5640138408304498,0.7623392783077562,163,573,126,1838,False
0.46036142110824585,0.5788511058166679,0.31773879142300193,0.6629691767404011,0.5640138408304498,0.7619245126503525,163,574,126,1837,False
0.4601072669029236,0.5797661626814629,0.3193768257059396,0.6646992805466296,0.5674740484429066,0.7619245126503525,164,574,125,1837,False
0.4599806070327759,0.5794781791449657,0.31906614785992216,0.6644918977179277,0.5674740484429066,0.7615097469929489,164,575,125,1836,False
0.4597412943840027,0.5803910347352982,0.3206997084548105,0.6662220015241561,0.5709342560553633,0.7615097469929489,165,575,124,1836,False
0.45963960886001587,0.5801026415765035,0.32038834951456313,0.6660146186954543,0.5709342560553633,0.7610949813355454,165,576,124,1835,False
0.45961683988571167,0.5810133070955118,0.32201745877788557,0.6677447225016828,0.5743944636678201,0.7610949813355454,166,576,123,1835,False
0.45961230993270874,0.5819224380270892,0.3236434108527132,0.6694748263079111,0.5778546712802768,0.7610949813355454,167,576,122,1835,False
0.45954060554504395,0.5816329946215023,0.3233301064859632,0.6692674434792093,0.5778546712802768,0.7606802156781418,167,577,122,1834,False
0.45944344997406006,0.5813437933885103,0.3230174081237911,0.6690600606505075,0.5778546712802768,0.7602654500207383,167,578,122,1833,False
0.4593755602836609,0.5810548334080383,0.32270531400966185,0.6688526778218058,0.5778546712802768,0.7598506843633347,167,579,122,1832,False
0.4592299461364746,0.580766113763364,0.3223938223938224,0.668645294993104,0.5778546712802768,0.7594359187059312,167,580,122,1831,False
0.45909982919692993,0.5816711537870729,0.3240115718418515,0.6703753987993324,0.5813148788927336,0.7594359187059312,168,580,121,1831,False
0.4587128162384033,0.5813820356043922,0.3236994219653179,0.6701680159706306,0.5813148788927336,0.7590211530485276,168,581,121,1830,False
0.45816701650619507,0.5810931568396843,0.3233878729547642,0.6699606331419288,0.5813148788927336,0.758606387391124,168,582,121,1829,False
0.45781153440475464,0.5808045165843331,0.3230769230769231,0.6697532503132271,0.5813148788927336,0.7581916217337205,168,583,121,1828,False
0.45773452520370483,0.5753644837125165,0.31728045325779036,0.6658129765678931,0.5813148788927336,0.7503110742430527,168,602,121,1809,False
0.4574132561683655,0.5762542387618468,0.31886792452830187,0.6675430803741215,0.5847750865051903,0.7503110742430527,169,602,120,1809,False
0.45723992586135864,0.575969566948521,0.31856738925541944,0.6673356975454197,0.5847750865051903,0.7498963085856492,169,603,120,1808,False
0.45715588331222534,0.5768572567222261,0.32015065913371,0.6690658013516482,0.5882352941176471,0.7498963085856492,170,603,119,1808,False
0.45705753564834595,0.5714780483970426,0.3145235892691952,0.6651255276063142,0.5882352941176471,0.7420157610949814,170,622,119,1789,False
0.45683568716049194,0.571197043883704,0.3142329020332717,0.6649181447776125,0.5882352941176471,0.7416009954375777,170,623,119,1788,False
0.45650750398635864,0.5709162449300165,0.3139427516158818,0.6647107619489107,0.5882352941176471,0.7411862297801742,170,624,119,1787,False
0.4564754366874695,0.570635650749464,0.31365313653136534,0.6645033791202088,0.5882352941176471,0.7407714641227706,170,625,119,1786,False
0.4563649296760559,0.5715086692547164,0.3152073732718894,0.6662334829264371,0.5916955017301038,0.7407714641227706,171,625,118,1786,False
0.4563292860984802,0.5712276873189436,0.3149171270718232,0.6660261000977354,0.5916955017301038,0.7403566984653671,171,626,118,1785,False
0.45612114667892456,0.5709469093993023,0.31462741490340385,0.6658187172690336,0.5916955017301038,0.7399419328079635,171,627,118,1784,False
0.45588648319244385,0.5706663347157044,0.31433823529411764,0.6656113344403318,0.5916955017301038,0.7395271671505599,171,628,118,1783,False
0.455594003200531,0.5701057919495945,0.3137614678899083,0.6651965687829282,0.5916955017301038,0.7386976358357528,171,630,118,1781,False
0.4555181860923767,0.5698258223201753,0.31347387717690195,0.6649891859542265,0.5916955017301038,0.7382828701783493,171,631,118,1780,False
0.455496609210968,0.5695460528329609,0.3131868131868132,0.6647818031255247,0.5916955017301038,0.7378681045209456,171,632,118,1779,False
0.4552878737449646,0.5692664827210582,0.312900274473925,0.6645744202968229,0.5916955017301038,0.7374533388635421,171,633,118,1778,False
0.45523208379745483,0.5639915306560721,0.30755395683453235,0.6606341465514891,0.5916955017301038,0.7295727913728743,171,652,118,1759,False
0.45513617992401123,0.5648475268740133,0.3090745732255166,0.6623642503577174,0.5951557093425606,0.7295727913728743,172,652,117,1759,False
0.45491576194763184,0.5645712188906138,0.3087971274685817,0.6621568675290157,0.5951557093425606,0.7291580257154707,172,653,117,1758,False
0.45483165979385376,0.5642950955204045,0.30852017937219733,0.6619494847003139,0.5951557093425606,0.7287432600580672,172,654,117,1757,False
0.45475906133651733,0.5640191560495166,0.30824372759856633,0.6617421018716121,0.5951557093425606,0.7283284944006636,172,655,117,1756,False
0.4539613723754883,0.5637433997664352,0.3079677708146822,0.6615347190429104,0.5951557093425606,0.7279137287432601,172,656,117,1755,False
0.453796923160553,0.558537906614169,0.3028169014084507,0.6575944452975764,0.5951557093425606,0.7200331812525923,172,675,117,1736,False
0.453696608543396,0.5582656681997701,0.30255057167985927,0.6573870624688747,0.5951557093425606,0.7196184155951887,172,676,117,1735,False
0.4534839391708374,0.559946996659372,0.305531167690957,0.6608472700813314,0.6020761245674741,0.7196184155951887,174,676,115,1735,False
0.45347273349761963,0.5594008378195455,0.30499561787905344,0.6604325044239279,0.6020761245674741,0.7187888842803816,174,678,115,1733,False
0.45325762033462524,0.5591280120494316,0.30472854640980734,0.6602251215952261,0.6020761245674741,0.7183741186229781,174,679,115,1732,False
0.45324450731277466,0.5599651523474999,0.30621172353455817,0.6619552254014545,0.6055363321799307,0.7183741186229781,175,679,114,1732,False
0.45319169759750366,0.5594189214846135,0.3056768558951965,0.6615404597440508,0.6055363321799307,0.7175445873081708,175,681,114,1730,False
0.45314449071884155,0.5591460577910042,0.3054101221640489,0.661333076915349,0.6055363321799307,0.7171298216507673,175,682,114,1729,False
0.4530760645866394,0.5599803287735147,0.30688753269398433,0.6630631807215774,0.6089965397923875,0.7171298216507673,176,682,113,1729,False
0.45274412631988525,0.5608133577640037,0.3083623693379791,0.6647932845278057,0.6124567474048442,0.7171298216507673,177,682,112,1729,False
0.4526098370552063,0.5605395873678625,0.30809399477806787,0.664585901699104,0.6124567474048442,0.7167150559933637,177,683,112,1728,False
0.452608585357666,0.5602659846547314,0.30782608695652175,0.6643785188704022,0.6124567474048442,0.7163002903359602,177,684,112,1727,False
0.4519169330596924,0.5610967081946403,0.30929626411815814,0.6661086226766306,0.615916955017301,0.7163002903359602,178,684,111,1727,False
0.4517013430595398,0.5608227401129944,0.3090277777777778,0.6659012398479288,0.615916955017301,0.7158855246785566,178,685,111,1726,False
0.4514281749725342,0.5605489390909271,0.30875975715524717,0.665693857019227,0.615916955017301,0.7154707590211531,178,686,111,1725,False
0.45102930068969727,0.5602753044765958,0.30849220103986136,0.6654864741905253,0.615916955017301,0.7150559933637495,178,687,111,1724,False
0.4510282874107361,0.5600018356202102,0.30822510822510824,0.6652790913618234,0.615916955017301,0.7146412277063459,178,688,111,1723,False
0.4508472681045532,0.5597285318740236,0.3079584775086505,0.6650717085331217,0.615916955017301,0.7142264620489424,178,689,111,1722,False
0.4507824182510376,0.5545662847790507,0.3029787234042553,0.6611314347877878,0.615916955017301,0.7063459145582746,178,708,111,1703,False
0.45077288150787354,0.55538323283859,0.304421768707483,0.6628615385940162,0.6193771626297578,0.7063459145582746,179,708,110,1703,False
0.4506980776786804,0.5551125838979847,0.30416312659303313,0.6626541557653145,0.6193771626297578,0.705931148900871,179,709,110,1702,False
0.4504697322845459,0.5548420875694378,0.30390492359932086,0.6624467729366126,0.6193771626297578,0.7055163832434674,179,710,110,1701,False
0.4504656195640564,0.5497308581947373,0.29908103592314117,0.6585064991912788,0.6193771626297578,0.6976358357527996,179,729,110,1682,False
0.45031142234802246,0.5494632892040439,0.2988313856427379,0.658299116362577,0.6193771626297578,0.6972210700953961,179,730,110,1681,False
0.4502788186073303,0.5491958604716816,0.29858215179316094,0.6580917335338752,0.6193771626297578,0.6968063044379925,179,731,110,1680,False
0.4502052068710327,0.5489285714285714,0.29833333333333334,0.6578843507051735,0.6193771626297578,0.696391538780589,179,732,110,1679,False
0.450103759765625,0.5486614215073213,0.2980849292256453,0.6576769678764716,0.6193771626297578,0.6959767731231854,179,733,110,1678,False
0.449529767036438,0.5483944101422197,0.2978369384359401,0.6574695850477699,0.6193771626297578,0.6955620074657818,179,734,110,1677,False
0.449360728263855,0.5481275367692278,0.2975893599334996,0.6572622022190681,0.6193771626297578,0.6951472418083783,179,735,110,1676,False
0.4493406414985657,0.5478608008259725,0.2973421926910299,0.6570548193903663,0.6193771626297578,0.6947324761509747,179,736,110,1675,False
0.44929230213165283,0.5475942017517397,0.2970954356846473,0.6568474365616646,0.6193771626297578,0.6943177104935712,179,737,110,1674,False
0.44910913705825806,0.5473277389874661,0.296849087893864,0.6566400537329626,0.6193771626297578,0.6939029448361675,179,738,110,1673,False
0.44899094104766846,0.5470614119757334,0.29660314830157414,0.6564326709042609,0.6193771626297578,0.693488179178764,179,739,110,1672,False
0.44886380434036255,0.5467952201607603,0.29635761589403975,0.6562252880755591,0.6193771626297578,0.6930734135213604,179,740,110,1671,False
0.44872385263442993,0.5465291629883959,0.2961124896608768,0.6560179052468573,0.6193771626297578,0.6926586478639568,179,741,110,1670,False
0.44868266582489014,0.5462632399061126,0.2958677685950413,0.6558105224181556,0.6193771626297578,0.6922438822065533,179,742,110,1669,False
0.4486601948738098,0.5470619346528864,0.2972749793559042,0.6575406262243839,0.6228373702422145,0.6922438822065533,180,742,109,1669,False
0.44853144884109497,0.5467956537774121,0.297029702970297,0.6573332433956821,0.6228373702422145,0.6918291165491497,180,743,109,1668,False
0.44835132360458374,0.5475927432907297,0.29843363561417974,0.6590633472019105,0.6262975778546713,0.6918291165491497,181,743,108,1668,False
0.44809508323669434,0.5473261070281341,0.2981878088962109,0.6588559643732088,0.6262975778546713,0.6914143508917462,181,744,108,1667,False
0.4479728937149048,0.5470596044072746,0.2979423868312757,0.6586485815445069,0.6262975778546713,0.6909995852343426,181,745,108,1666,False
0.4479643702507019,0.5467932348797424,0.29769736842105265,0.6584411987158052,0.6262975778546713,0.6905848195769391,181,746,108,1665,False
0.4477420449256897,0.5475877534591926,0.2990961380443714,0.6601713025220335,0.629757785467128,0.6905848195769391,182,746,107,1665,False
0.4476017951965332,0.5473210310196408,0.2988505747126437,0.6599639196933318,0.629757785467128,0.6901700539195355,182,747,107,1664,False
0.44741541147232056,0.5470544411719174,0.29860541427399506,0.65975653686463,0.629757785467128,0.689755288262132,182,748,107,1663,False
0.44734495878219604,0.5467879833712448,0.2983606557377049,0.6595491540359282,0.629757785467128,0.6893405226047283,182,749,107,1662,False
0.447216272354126,0.5465216570744209,0.29811629811629814,0.6593417712072264,0.629757785467128,0.6889257569473247,182,750,107,1661,False
0.4471580386161804,0.5462554617398123,0.2978723404255319,0.6591343883785246,0.629757785467128,0.6885109912899212,182,751,107,1660,False
0.4468632936477661,0.5459893968273482,0.29762878168438267,0.6589270055498229,0.629757785467128,0.6880962256325176,182,752,107,1659,False
0.44680696725845337,0.5457234617985125,0.2973856209150327,0.6587196227211211,0.629757785467128,0.6876814599751141,182,753,107,1658,False
0.4468054175376892,0.5454576561163387,0.29714285714285715,0.6585122398924192,0.629757785467128,0.6872666943177105,182,754,107,1657,False
0.4465293884277344,0.5451919792454025,0.2969004893964111,0.6583048570637176,0.629757785467128,0.686851928660307,182,755,107,1656,False
0.4463932514190674,0.5449264306518151,0.29665851670741644,0.6580974742350156,0.629757785467128,0.6864371630029034,182,756,107,1655,False
0.44632530212402344,0.5446610098032174,0.2964169381107492,0.6578900914063139,0.629757785467128,0.6860223973454997,182,757,107,1654,False
0.44619834423065186,0.5454491364782091,0.2978030919446705,0.6596201952125422,0.6332179930795848,0.6860223973454997,183,757,106,1654,False
0.4461374878883362,0.5449177217866037,0.29731925264013,0.6592054295551387,0.6332179930795848,0.6851928660306926,183,759,106,1652,False
0.4457787871360779,0.5446522048009572,0.29707792207792205,0.6589980467264369,0.6332179930795848,0.6847781003732891,183,760,106,1651,False
0.44566792249679565,0.54412154891298,0.2965964343598055,0.6585832810690334,0.6332179930795848,0.683948569058482,183,762,106,1649,False
0.44545477628707886,0.5438564089603453,0.2963562753036437,0.6583758982403316,0.6332179930795848,0.6835338034010784,183,763,106,1648,False
0.4453897476196289,0.5435913936375592,0.2961165048543689,0.6581685154116298,0.6332179930795848,0.6831190377436748,183,764,106,1647,False
0.4451574683189392,0.5433265024231834,0.29587712206952305,0.657961132582928,0.6332179930795848,0.6827042720862713,183,765,106,1646,False
0.44515299797058105,0.5383164670585052,0.2914012738853503,0.6540208588375942,0.6332179930795848,0.6748237245956035,183,784,106,1627,False
0.4451436400413513,0.5390908666716209,0.29276054097056486,0.6557509626438225,0.6366782006920415,0.6748237245956035,184,784,105,1627,False
0.4449707865715027,0.5388278897240183,0.29252782193958665,0.6555435798151208,0.6366782006920415,0.6744089589382,184,785,105,1626,False
0.44458216428756714,0.5385650268081885,0.29229547259729943,0.6553361969864189,0.6366782006920415,0.6739941932807963,184,786,105,1625,False
0.44441932439804077,0.533591651803104,0.28794992175273865,0.6513959232410851,0.6366782006920415,0.6661136457901286,184,805,105,1606,False
0.444375216960907,0.5333309680825854,0.2877247849882721,0.6511885404123833,0.6366782006920415,0.665698880132725,184,806,105,1605,False
0.44420552253723145,0.5283972116273846,0.2835130970724191,0.6472482666670494,0.6366782006920415,0.6578183326420572,184,825,105,1586,False
0.4441167116165161,0.5278799249530957,0.28307692307692306,0.6468335010096458,0.6366782006920415,0.6569888013272501,184,827,105,1584,False
0.4440855383872986,0.5229840610131569,0.2789992418498863,0.642893227264312,0.6366782006920415,0.6491082538365823,184,846,105,1565,False
0.44397395849227905,0.5237299465240641,0.2803030303030303,0.6446233310705403,0.6401384083044983,0.6491082538365823,185,846,104,1565,False
0.44379955530166626,0.5234727307516073,0.2800908402725208,0.6444159482418386,0.6401384083044983,0.6486934881791787,185,847,104,1564,False
0.4436532258987427,0.5232156013708479,0.27987897125567324,0.6442085654131368,0.6401384083044983,0.6482787225217752,185,848,104,1563,False
0.4436417818069458,0.5229585579632884,0.2796674225245654,0.644001182584435,0.6401384083044983,0.6478639568643716,185,849,104,1562,False
0.4435514211654663,0.5180905190681467,0.2757078986587183,0.6400609088391012,0.6401384083044983,0.6399834093737039,185,868,104,1543,False
0.4433825612068176,0.5178351088206754,0.2755026061057334,0.6398535260103992,0.6401384083044983,0.6395686437163003,185,869,104,1542,False
0.4430719017982483,0.5175797759932376,0.27529761904761907,0.6396461431816975,0.6401384083044983,0.6391538780588967,185,870,104,1541,False
0.4430694580078125,0.5183146237377325,0.2765799256505576,0.6413762469879258,0.643598615916955,0.6391538780588967,186,870,103,1541,False
0.4427987337112427,0.5180589530198194,0.2763744427934621,0.6411688641592241,0.643598615916955,0.6387391124014932,186,871,103,1540,False
0.4427511692047119,0.5187924806997704,0.27765404602821087,0.6428989679654524,0.6470588235294118,0.6387391124014932,187,871,102,1540,False
0.4427306652069092,0.5185364739103817,0.2774480712166172,0.6426915851367507,0.6470588235294118,0.6383243467440896,187,872,102,1539,False
0.4425390362739563,0.5182805442615548,0.27724240177909565,0.6424842023080489,0.6470588235294118,0.637909581086686,187,873,102,1538,False
0.4424821138381958,0.5180246913580246,0.277037037037037,0.6422768194793471,0.6470588235294118,0.6374948154292824,187,874,102,1537,False
0.4423856735229492,0.517768914805476,0.2768319763138416,0.6420694366506454,0.6470588235294118,0.6370800497718789,187,875,102,1536,False
0.44237709045410156,0.5184998947540753,0.2781065088757396,0.6437995404568737,0.6505190311418685,0.6370800497718789,188,875,101,1536,False
0.44232356548309326,0.5182437840956347,0.2779009608277901,0.6435921576281719,0.6505190311418685,0.6366652841144753,188,876,101,1535,False
0.4421607255935669,0.51798774944855,0.2776957163958641,0.6433847747994701,0.6505190311418685,0.6362505184570717,188,877,101,1534,False
0.4421231150627136,0.5177317904205,0.2774907749077491,0.6431773919707684,0.6505190311418685,0.6358357527996682,188,878,101,1533,False
0.44202351570129395,0.5174759066200993,0.27728613569321536,0.6429700091420665,0.6505190311418685,0.6354209871422646,188,879,101,1532,False
0.4419493079185486,0.5172200976568944,0.27708179808400885,0.6427626263133648,0.6505190311418685,0.6350062214848611,188,880,101,1531,False
0.44155222177505493,0.5167087026848971,0.2766740250183959,0.6423478606559612,0.6505190311418685,0.634176690170054,188,882,101,1529,False
0.4413211941719055,0.5164531158998253,0.27647058823529413,0.6421404778272595,0.6505190311418685,0.6337619245126503,188,883,101,1528,False
0.4412226676940918,0.5171799422929887,0.2777369581190301,0.6438705816334878,0.6539792387543253,0.6337619245126503,189,883,100,1528,False
0.44117963314056396,0.5169240235384988,0.2775330396475771,0.6436631988047861,0.6539792387543253,0.6333471588552468,189,884,100,1527,False
0.4411746859550476,0.5166681781198166,0.2773294203961849,0.6434558159760843,0.6539792387543253,0.6329323931978432,189,885,100,1526,False
0.4408724308013916,0.5173933135504797,0.2785923753665689,0.6451859197823127,0.657439446366782,0.6329323931978432,190,885,99,1526,False
0.4407716393470764,0.5181175701621799,0.27985347985347986,0.646916023588541,0.6608996539792388,0.6329323931978432,191,885,98,1526,False
0.44065672159194946,0.5178609926895184,0.2796486090775988,0.6467086407598392,0.6608996539792388,0.6325176275404396,191,886,98,1525,False
0.4405898451805115,0.5176044886453401,0.2794440380395026,0.6465012579311374,0.6608996539792388,0.6321028618830361,191,887,98,1524,False
0.4402315020561218,0.5173480576441103,0.27923976608187134,0.6462938751024356,0.6608996539792388,0.6316880962256325,191,888,98,1523,False
0.4401612877845764,0.5170916993011974,0.27903579254930605,0.6460864922737339,0.6608996539792388,0.631273330568229,191,889,98,1522,False
0.4401453733444214,0.5168354132328703,0.27883211678832115,0.645879109445032,0.6608996539792388,0.6308585649108254,191,890,98,1521,False
0.4398496150970459,0.5165791990562948,0.2786287381473377,0.6456717266163303,0.6608996539792388,0.6304437992534219,191,891,98,1520,False
0.4398093819618225,0.5163230563895299,0.2784256559766764,0.6454643437876285,0.6608996539792388,0.6300290335960183,191,892,98,1519,False
0.43976885080337524,0.5160669848515239,0.27822286962855064,0.6452569609589267,0.6608996539792388,0.6296142679386146,191,893,98,1518,False
0.4397420883178711,0.5167871715942444,0.2794759825327511,0.646987064765155,0.6643598615916955,0.6296142679386146,192,893,97,1518,False
0.4396396279335022,0.5165307735742518,0.2792727272727273,0.6467796819364533,0.6643598615916955,0.6291995022812111,192,894,97,1517,False
0.43947094678878784,0.5162744463451847,0.27906976744186046,0.6465722991077515,0.6643598615916955,0.6287847366238075,192,895,97,1516,False
0.43945157527923584,0.5160181895278618,0.2788671023965142,0.6463649162790497,0.6643598615916955,0.628369970966404,192,896,97,1515,False
0.43944108486175537,0.5157620027439792,0.27866473149492016,0.646157533450348,0.6643598615916955,0.6279552053090004,192,897,97,1514,False
0.43943625688552856,0.5155058856161064,0.27846265409717186,0.6459501506216462,0.6643598615916955,0.6275404396515969,192,898,97,1513,False
0.4394311308860779,0.5152498377676833,0.2782608695652174,0.6457427677929444,0.6643598615916955,0.6271256739941933,192,899,97,1512,False
0.4393710494041443,0.5149938588230165,0.278059377262853,0.6455353849642426,0.6643598615916955,0.6267109083367897,192,900,97,1511,False
0.43920594453811646,0.5157104174485438,0.2793053545586107,0.647265488770471,0.6678200692041523,0.6267109083367897,193,900,96,1511,False
0.43907129764556885,0.5164261217374964,0.28054953000723065,0.6489955925766993,0.671280276816609,0.6267109083367897,194,900,95,1511,False
0.439023494720459,0.5161694263408793,0.28034682080924855,0.6487882097479976,0.671280276816609,0.6262961426793862,194,901,95,1510,False
0.4390106201171875,0.515912799924471,0.28014440433212995,0.6485808269192957,0.671280276816609,0.6258813770219825,194,902,95,1509,False
0.439001202583313,0.511049511049511,0.27635327635327633,0.6446405531739618,0.671280276816609,0.6180008295313149,194,921,95,1490,False
0.43893349170684814,0.5107941866835324,0.27615658362989326,0.6444331703452602,0.671280276816609,0.6175860638739112,194,922,95,1489,False
0.43874555826187134,0.5105389236058925,0.2759601706970128,0.6442257875165582,0.671280276816609,0.6171712982165076,194,923,95,1488,False
0.43866652250289917,0.5112448917802316,0.2771855010660981,0.6459558913227867,0.6747404844290658,0.6171712982165076,195,923,94,1488,False
0.4383906126022339,0.506398885885888,0.27349228611500703,0.6420156175774528,0.6747404844290658,0.6092907507258399,195,942,94,1469,False
0.43836510181427,0.5061444004211327,0.27330063069376315,0.641808234748751,0.6747404844290658,0.6088759850684363,195,943,94,1468,False
0.4382858872413635,0.506842011729163,0.27450980392156865,0.6435383385549793,0.6782006920415224,0.6088759850684363,196,943,93,1468,False
0.43823665380477905,0.5065872079222368,0.2743177046885934,0.6433309557262776,0.6782006920415224,0.6084612194110328,196,944,93,1467,False
0.4379810094833374,0.5017558771557027,0.27071823204419887,0.6393906819809437,0.6782006920415224,0.600580671920365,196,963,93,1448,False
0.4378112554550171,0.5015020963322439,0.27053140096618356,0.6391832991522419,0.6782006920415224,0.6001659062629614,196,964,93,1447,False
0.4376087784767151,0.5012483631601921,0.27034482758620687,0.6389759163235402,0.6782006920415224,0.5997511406055579,196,965,93,1446,False
0.43741387128829956,0.500994677311462,0.27015851137146796,0.6387685334948383,0.6782006920415224,0.5993363749481543,196,966,93,1445,False
0.4372800588607788,0.50074103845864,0.2699724517906336,0.6385611506661366,0.6782006920415224,0.5989216092907508,196,967,93,1444,False
0.4372493028640747,0.5004874462749811,0.2697866483138334,0.6383537678374348,0.6782006920415224,0.5985068436333472,196,968,93,1443,False
0.43718111515045166,0.5002339004344064,0.2696011004126547,0.638146385008733,0.6782006920415224,0.5980920779759435,196,969,93,1442,False
0.4370115399360657,0.49998040061150095,0.26941580756013744,0.6379390021800313,0.6782006920415224,0.59767731231854,196,970,93,1441,False
0.43698495626449585,0.4997269464815104,0.2692307692307692,0.6377316193513294,0.6782006920415224,0.5972625466611364,196,971,93,1440,False
0.43688249588012695,0.4994735377203391,0.26904598490048043,0.6375242365226277,0.6782006920415224,0.5968477810037329,196,972,93,1439,False
0.43679481744766235,0.49922017400454743,0.26886145404663925,0.6373168536939259,0.6782006920415224,0.5964330153463293,196,973,93,1438,False
0.4366729259490967,0.49896685501134885,0.2686771761480466,0.6371094708652241,0.6782006920415224,0.5960182496889258,196,974,93,1437,False
0.4366195797920227,0.4987135804186079,0.2684931506849315,0.6369020880365224,0.6782006920415224,0.5956034840315222,196,975,93,1436,False
0.4363461136817932,0.49846034990483723,0.2683093771389459,0.6366947052078205,0.6782006920415224,0.5951887183741186,196,976,93,1435,False
0.43628376722335815,0.49820716314919555,0.26812585499316005,0.6364873223791188,0.6782006920415224,0.5947739527167151,196,977,93,1434,False
0.43628114461898804,0.4979540198314847,0.2679425837320574,0.636279939550417,0.6782006920415224,0.5943591870593115,196,978,93,1433,False
0.4361504912376404,0.4986380447820872,0.2691256830601093,0.6380100433566454,0.6816608996539792,0.5943591870593115,197,978,92,1433,False
0.43584656715393066,0.4983845856950184,0.2689419795221843,0.6378026605279437,0.6816608996539792,0.593944421401908,197,979,92,1432,False
0.43583017587661743,0.49813116975803345,0.26875852660300137,0.6375952776992417,0.6816608996539792,0.5935296557445043,197,980,92,1431,False
0.43573904037475586,0.49881371874605157,0.26993865030674846,0.6393253815054701,0.6851211072664359,0.5935296557445043,198,980,91,1431,False
0.43554967641830444,0.49855998846882005,0.26975476839237056,0.6391179986767683,0.6851211072664359,0.5931148900871008,198,981,91,1430,False
0.4355195164680481,0.4983063010518926,0.269571136827774,0.6389106158480666,0.6851211072664359,0.5927001244296972,198,982,91,1429,False
0.435512900352478,0.4980526561769746,0.2693877551020408,0.6387032330193647,0.6851211072664359,0.5922853587722936,198,983,91,1428,False
0.43548572063446045,0.4977990535264023,0.26920462270564244,0.638495850190663,0.6851211072664359,0.5918705931148901,198,984,91,1427,False
0.4352916479110718,0.49729197363077804,0.26883910386965376,0.6380810845332594,0.6851211072664359,0.591041061800083,198,986,91,1425,False
0.4351245164871216,0.4970384957535299,0.26865671641791045,0.6378737017045577,0.6851211072664359,0.5906262961426794,198,987,91,1424,False
0.43511420488357544,0.49678505883623014,0.2684745762711864,0.6376663188758559,0.6851211072664359,0.5902115304852759,198,988,91,1423,False
0.43483662605285645,0.49627830662390493,0.26811103588354773,0.6372515532184524,0.6851211072664359,0.5893819991704687,198,990,91,1421,False
0.4348040819168091,0.4969565526411851,0.2692828146143437,0.6389816570246807,0.6885813148788927,0.5893819991704687,199,990,90,1421,False
0.43473684787750244,0.4967028839871437,0.2691007437457742,0.638774274195979,0.6885813148788927,0.5889672335130651,199,991,90,1420,False
0.4345526695251465,0.4964492553778268,0.2689189189189189,0.6385668913672771,0.6885813148788927,0.5885524678556615,199,992,90,1419,False
0.4345317482948303,0.496195666500518,0.2687373396353815,0.6383595085385754,0.6885813148788927,0.588137702198258,199,993,90,1418,False
0.43442976474761963,0.4959421170431084,0.26855600539811064,0.6381521257098736,0.6885813148788927,0.5877229365408544,199,994,90,1417,False
0.43434733152389526,0.49568860669409465,0.2683749157113958,0.6379447428811718,0.6885813148788927,0.5873081708834509,199,995,90,1416,False
0.4342878460884094,0.4954351351425763,0.26819407008086255,0.6377373600524701,0.6885813148788927,0.5868934052260473,199,996,90,1415,False
0.4342809319496155,0.4961105305932892,0.26936026936026936,0.6394674638586983,0.6920415224913494,0.5868934052260473,200,996,89,1415,False
0.4342429041862488,0.4967851884149868,0.27052489905787347,0.6411975676649267,0.6955017301038062,0.5868934052260473,201,996,88,1415,False
0.43422847986221313,0.4965310568757496,0.2703429724277068,0.6409901848362249,0.6955017301038062,0.5864786395686438,201,997,88,1414,False
0.4342283010482788,0.49627696417969525,0.2701612903225806,0.6407828020075232,0.6955017301038062,0.5860638739112402,201,998,88,1413,False
0.4342041015625,0.49695019077084335,0.2713230355943586,0.6425129058137515,0.698961937716263,0.5860638739112402,202,998,87,1413,False
0.4341799020767212,0.49669578949175236,0.27114093959731544,0.6423055229850498,0.698961937716263,0.5856491082538365,202,999,87,1412,False
0.4341049790382385,0.4964414267647327,0.27095908786049633,0.642098140156348,0.698961937716263,0.585234342596433,202,1000,87,1411,False
0.4339832663536072,0.49618710228005525,0.2707774798927614,0.6418907573276462,0.698961937716263,0.5848195769390294,202,1001,87,1410,False
0.4339694380760193,0.49593281572858305,0.27059611520428667,0.6416833744989445,0.698961937716263,0.5844048112816259,202,1002,87,1409,False
0.43352240324020386,0.49567856680176925,0.27041499330655955,0.6414759916702426,0.698961937716263,0.5839900456242223,202,1003,87,1408,False
0.4334809184074402,0.4963493334589477,0.27157190635451506,0.643206095476471,0.7024221453287197,0.5839900456242223,203,1003,86,1408,False
0.4334396719932556,0.4960947773297098,0.2713903743315508,0.6429987126477692,0.7024221453287197,0.5835752799668188,203,1004,86,1407,False
0.4334319829940796,0.495840258533978,0.2712090848363393,0.6427913298190675,0.7024221453287197,0.5831605143094152,203,1005,86,1406,False
0.4334167242050171,0.495585776764372,0.27102803738317754,0.6425839469903656,0.7024221453287197,0.5827457486520116,203,1006,86,1405,False
0.433385968208313,0.49533133171409327,0.27084723148765844,0.6423765641616639,0.7024221453287197,0.5823309829946081,203,1007,86,1404,False
0.43313366174697876,0.4950769230769231,0.27066666666666667,0.6421691813329621,0.7024221453287197,0.5819162173372044,203,1008,86,1403,False
0.4330384135246277,0.4957452490850333,0.27181878747501664,0.6438992851391905,0.7058823529411765,0.5819162173372044,204,1008,85,1403,False
0.43302464485168457,0.4954905345976188,0.27163781624500666,0.6436919023104888,0.7058823529411765,0.5815014516798009,204,1009,85,1402,False
0.4329092502593994,0.49523585623210853,0.2714570858283433,0.6434845194817869,0.7058823529411765,0.5810866860223973,204,1010,85,1401,False
0.4328998923301697,0.4904034280780629,0.2680683311432326,0.6395442457364531,0.7058823529411765,0.5732061385317295,204,1029,85,1382,False
0.4327564835548401,0.4910639390408035,0.2692055154300722,0.6412743495426814,0.7093425605536332,0.5732061385317295,205,1029,84,1382,False
0.4326963424682617,0.49080958533434094,0.2690288713910761,0.6410669667139797,0.7093425605536332,0.572791372874326,205,1030,84,1381,False
0.43239158391952515,0.49055526176626124,0.26885245901639343,0.6408595838852778,0.7093425605536332,0.5723766072169224,205,1031,84,1380,False
0.4319828152656555,0.4903009680424864,0.2686762778505898,0.640652201056576,0.7093425605536332,0.5719618415595189,205,1032,84,1379,False
0.4319012761116028,0.4909597804963789,0.26981008513425014,0.6423823048628045,0.71280276816609,0.5719618415595189,206,1032,83,1379,False
0.43171918392181396,0.4907051836787677,0.2696335078534031,0.6421749220341026,0.71280276816609,0.5715470759021153,206,1033,83,1378,False
0.43167608976364136,0.4913629698387787,0.2707652060170046,0.6439050258403309,0.7162629757785467,0.5715470759021153,207,1033,82,1378,False
0.43166059255599976,0.49110807113543087,0.27058823529411763,0.6436976430116292,0.7162629757785467,0.5711323102447118,207,1034,82,1377,False
0.43163615465164185,0.4908532019997167,0.27041149575440887,0.6434902601829274,0.7162629757785467,0.5707175445873082,207,1035,82,1376,False
0.4316321015357971,0.4915096351937704,0.27154046997389036,0.6452203639891558,0.7197231833910035,0.5707175445873082,208,1035,81,1376,False
0.4312806725502014,0.4912544653769135,0.2713633398564905,0.645012981160454,0.7197231833910035,0.5703027789299046,208,1036,81,1375,False
0.43113595247268677,0.49099932483975905,0.2711864406779661,0.6448055983317522,0.7197231833910035,0.569888013272501,208,1037,81,1374,False
0.4310908317565918,0.4907442132897337,0.2710097719869707,0.6445982155030505,0.7197231833910035,0.5694732476150974,208,1038,81,1373,False
0.4310693144798279,0.4904891304347826,0.2708333333333333,0.6443908326743487,0.7197231833910035,0.5690584819576939,208,1039,81,1372,False
0.4310627579689026,0.4902340759833672,0.27065712426805466,0.6441834498456469,0.7197231833910035,0.5686437163002903,208,1040,81,1371,False
0.4310184121131897,0.4899790496444635,0.270481144343303,0.6439760670169452,0.7197231833910035,0.5682289506428868,208,1041,81,1370,False
0.43095070123672485,0.4897240511275599,0.27030539311241064,0.6437686841882433,0.7197231833910035,0.5678141849854832,208,1042,81,1369,False
0.43068569898605347,0.4894690801426553,0.2701298701298701,0.6435613013595416,0.7197231833910035,0.5673994193280797,208,1043,81,1368,False
0.4302430748939514,0.4846294804762564,0.2668377164849262,0.6396210276142077,0.7197231833910035,0.5595188718374119,208,1062,81,1349,False
0.4302167296409607,0.484375,0.26666666666666666,0.6394136447855059,0.7197231833910035,0.5591041061800083,208,1063,81,1348,False
0.43016546964645386,0.484120541080208,0.26649583600256244,0.6392062619568042,0.7197231833910035,0.5586893405226048,208,1064,81,1347,False
0.4300549626350403,0.48386610343762326,0.26632522407170295,0.6389988791281023,0.7197231833910035,0.5582745748652012,208,1065,81,1346,False
0.430006742477417,0.48361168679345523,0.26615483045425464,0.6387914962994006,0.7197231833910035,0.5578598092077975,208,1066,81,1345,False
0.4298267364501953,0.47878139281691157,0.2629582806573957,0.6348512225540667,0.7197231833910035,0.5499792617171299,208,1085,81,1326,False
0.4298105239868164,0.4785273382982107,0.262792166771952,0.6346438397253649,0.7197231833910035,0.5495644960597262,208,1086,81,1325,False
0.4296901822090149,0.47801927473736006,0.26246056782334387,0.6342290740679613,0.7197231833910035,0.5487349647449191,208,1088,81,1323,False
0.429543137550354,0.477765265157702,0.26229508196721313,0.6340216912392596,0.7197231833910035,0.5483201990875155,208,1089,81,1322,False
0.42937684059143066,0.4775112700209263,0.26212980466288593,0.6338143084105577,0.7197231833910035,0.547905433430112,208,1090,81,1321,False
0.4289160370826721,0.4781493414670892,0.26322418136020154,0.6355444122167861,0.7231833910034602,0.547905433430112,209,1090,80,1321,False
0.4287617802619934,0.47789504694684115,0.263058527375708,0.6353370293880842,0.7231833910034602,0.5474906677727084,209,1091,80,1320,False
0.428725004196167,0.47764076660228794,0.2628930817610063,0.6351296465593825,0.7231833910034602,0.5470759021153049,209,1092,80,1319,False
0.4280679225921631,0.47738650016608586,0.26272784412319294,0.6349222637306807,0.7231833910034602,0.5466611364579013,209,1093,80,1318,False
0.428064227104187,0.4771322473713103,0.26256281407035176,0.6347148809019789,0.7231833910034602,0.5462463708004978,209,1094,80,1317,False
0.4280545115470886,0.4768780079514543,0.26239799121155055,0.6345074980732772,0.7231833910034602,0.5458316051430941,209,1095,80,1316,False
0.42804521322250366,0.4766237816404264,0.26223337515683814,0.6343001152445753,0.7231833910034602,0.5454168394856905,209,1096,80,1315,False
0.42780596017837524,0.4763695681725497,0.2620689655172414,0.6340927324158736,0.7231833910034602,0.545002073828287,209,1097,80,1314,False
0.42761850357055664,0.47611536728255976,0.2619047619047619,0.6338853495871718,0.7231833910034602,0.5445873081708834,209,1098,80,1313,False
0.4275607466697693,0.47586117870560285,0.2617407639323732,0.63367796675847,0.7231833910034602,0.5441725425134799,209,1099,80,1312,False
0.4275341033935547,0.47649580386845997,0.26282853566958697,0.6354080705646985,0.726643598615917,0.5441725425134799,210,1099,79,1312,False
0.42743194103240967,0.4716623582602964,0.2597402597402597,0.6314677968193645,0.726643598615917,0.5362919950228121,210,1118,79,1293,False
0.42738664150238037,0.4668315712619099,0.2567237163814181,0.6275275230740307,0.726643598615917,0.5284114475321443,210,1137,79,1274,False
0.42731767892837524,0.46657735975679343,0.2565668906536347,0.6273201402453289,0.726643598615917,0.5279966818747408,210,1138,79,1273,False
0.4270654320716858,0.46632315053367684,0.2564102564102564,0.6271127574166271,0.726643598615917,0.5275819162173372,210,1139,79,1272,False
0.4269130825996399,0.4660689433427656,0.25625381330079317,0.6269053745879254,0.726643598615917,0.5271671505599337,210,1140,79,1271,False
0.42690545320510864,0.46123906311752166,0.25331724969843183,0.6229651008425914,0.726643598615917,0.5192866030692659,210,1159,79,1252,False
0.4268607497215271,0.4618549256008272,0.2543701024713683,0.6246952046488198,0.7301038062283737,0.5192866030692659,211,1159,78,1252,False
0.42685991525650024,0.4616004123445654,0.25421686746987954,0.624487821820118,0.7301038062283737,0.5188718374118623,211,1160,78,1251,False
0.4266170859336853,0.4613458961861074,0.2540638169777243,0.6242804389914163,0.7301038062283737,0.5184570717544588,211,1161,78,1250,False
0.42654818296432495,0.46109137688255847,0.2539109506618532,0.6240730561627144,0.7301038062283737,0.5180423060970551,211,1162,78,1249,False
0.4260011315345764,0.460836854191343,0.25375826819001807,0.6238656733340127,0.7301038062283737,0.5176275404396516,211,1163,78,1248,False
0.4257656931877136,0.4605823278702026,0.2536057692307692,0.6236582905053109,0.7301038062283737,0.517212774782248,211,1164,78,1247,False
0.4256359934806824,0.4557453181580799,0.25074272133095665,0.619718016759977,0.7301038062283737,0.5093322272915802,211,1183,78,1228,False
0.42559170722961426,0.45090527544027675,0.24794359576968272,0.615777743014643,0.7301038062283737,0.5014516798009124,211,1202,78,1209,False
0.4255145788192749,0.4506504218319245,0.24779800352319437,0.6155703601859412,0.7301038062283737,0.5010369141435089,211,1203,78,1208,False
0.42536628246307373,0.45039555514907625,0.2476525821596244,0.6153629773572395,0.7301038062283737,0.5006221484861053,211,1204,78,1207,False
0.4248475432395935,0.4501406751614093,0.2475073313782991,0.6151555945285377,0.7301038062283737,0.5002073828287018,211,1205,78,1206,False
0.42479485273361206,0.45074265736840136,0.2485345838218054,0.6168856983347661,0.7335640138408305,0.5002073828287018,212,1205,77,1206,False
0.4245474934577942,0.4502322890685856,0.24824355971896955,0.6164709326773625,0.7335640138408305,0.49937785151389463,212,1207,77,1204,False
0.4244992136955261,0.4499770843601511,0.2480983031012288,0.6162635498486608,0.7335640138408305,0.4989630858564911,212,1208,77,1203,False
0.42446959018707275,0.44972186563970906,0.247953216374269,0.616056167019959,0.7335640138408305,0.4985483201990875,212,1209,77,1202,False
0.42425692081451416,0.45032216238619277,0.2489772063120982,0.6177862708261873,0.7370242214532872,0.4985483201990875,213,1209,76,1202,False
0.4240531325340271,0.4498111174919025,0.2486865148861646,0.6173715051687838,0.7370242214532872,0.4977187888842804,213,1211,76,1200,False
0.42389291524887085,0.44955557342393027,0.2485414235705951,0.617164122340082,0.7370242214532872,0.49730402322687683,213,1212,76,1199,False
0.4234989285469055,0.4501544754362299,0.24956268221574343,0.6188942261463104,0.740484429065744,0.49730402322687683,214,1212,75,1199,False
0.4233267903327942,0.4507528302316576,0.2505827505827506,0.6206243299525387,0.7439446366782007,0.49730402322687683,215,1212,74,1199,False
0.42329394817352295,0.4504967099223858,0.250436808386721,0.620416947123837,0.7439446366782007,0.4968892575694733,215,1213,74,1198,False
0.42303305864334106,0.45024057507845805,0.25029103608847497,0.6202095642951352,0.7439446366782007,0.49647449191206966,215,1214,74,1197,False
0.42288142442703247,0.44998442547054285,0.2501454333915067,0.6200021814664334,0.7439446366782007,0.4960597262546661,215,1215,74,1196,False
0.4228615164756775,0.44972826086956524,0.25,0.6197947986377316,0.7439446366782007,0.49564496059726254,215,1216,74,1195,False
0.4226413369178772,0.4494720810467059,0.24985473561882626,0.6195874158090298,0.7439446366782007,0.495230194939859,215,1217,74,1194,False
0.422579824924469,0.4489596748213353,0.24956471271038885,0.6191726501516263,0.7439446366782007,0.49440066362505186,215,1219,74,1192,False
0.4225374460220337,0.4487034479624529,0.2494199535962877,0.6189652673229245,0.7439446366782007,0.4939858979676483,215,1220,74,1191,False
0.42253679037094116,0.44844720496894414,0.2492753623188406,0.6187578844942226,0.7439446366782007,0.4935711323102447,215,1221,74,1190,False
0.42242538928985596,0.44904250279594604,0.25028968713789107,0.620487988300451,0.7474048442906575,0.4935711323102447,216,1221,73,1190,False
0.4223211407661438,0.44878596547427974,0.2501447596988998,0.6202806054717493,0.7474048442906575,0.4931563666528411,216,1222,73,1189,False
0.4223121404647827,0.4485294117647059,0.25,0.6200732226430475,0.7474048442906575,0.49274160099543757,216,1223,73,1188,False
0.422277569770813,0.4491236157783348,0.25101214574898784,0.6218033264492758,0.7508650519031141,0.49274160099543757,217,1223,72,1188,False
0.4222262501716614,0.4488667685183727,0.2508670520231214,0.621595943620574,0.7508650519031141,0.492326835338034,217,1224,72,1187,False
0.42215073108673096,0.448609904615607,0.2507221259387637,0.6213885607918723,0.7508650519031141,0.49191206968063045,217,1225,72,1186,False
0.4221253991127014,0.44835302384268416,0.25057736720554274,0.6211811779631705,0.7508650519031141,0.4914973040232269,217,1226,72,1185,False
0.4220885634422302,0.44809612597249593,0.2504327755337565,0.6209737951344687,0.7508650519031141,0.49108253836582333,217,1227,72,1184,False
0.4216570258140564,0.4478392107781786,0.2502883506343714,0.620766412305767,0.7508650519031141,0.49066777270841977,217,1228,72,1183,False
0.42165011167526245,0.4475822780331117,0.2501440922190202,0.6205590294770651,0.7508650519031141,0.49025300705101615,217,1229,72,1182,False
0.4215894341468811,0.447325327510917,0.25,0.6203516466483634,0.7508650519031141,0.4898382413936126,217,1230,72,1181,False
0.4214216470718384,0.4470683589854574,0.24985607369027057,0.6201442638196616,0.7508650519031141,0.48942347573620903,217,1231,72,1180,False
0.4213796854019165,0.44218223734712914,0.24715261958997722,0.6162039900743277,0.7508650519031141,0.4815429282455413,217,1250,72,1161,False
0.4211633801460266,0.43728800388538125,0.24450704225352113,0.6122637163289938,0.7508650519031141,0.4736623807548735,217,1269,72,1142,False
0.4211249351501465,0.43703015929837125,0.24436936936936937,0.612056333500292,0.7508650519031141,0.47324761509746993,217,1270,72,1141,False
0.42101436853408813,0.43761104840254167,0.2453573438379291,0.6137864373065205,0.754325259515571,0.47324761509746993,218,1270,71,1141,False
0.4208717346191406,0.4373529095721124,0.2452193475815523,0.6135790544778187,0.754325259515571,0.47283284944006637,218,1271,71,1140,False
0.420712947845459,0.43709474384248154,0.2450815064643058,0.6133716716491169,0.754325259515571,0.4724180837826628,218,1272,71,1139,False
0.4207044243812561,0.43683655099633745,0.2449438202247191,0.6131642888204151,0.754325259515571,0.47200331812525925,218,1273,71,1138,False
0.4206722378730774,0.43657833081656655,0.24480628860190903,0.6129569059917133,0.754325259515571,0.47158855246785564,218,1274,71,1137,False
0.42055022716522217,0.43166666666666664,0.24222222222222223,0.6090166322463795,0.754325259515571,0.4637080049771879,218,1293,71,1118,False
0.4202347993850708,0.4314078545169327,0.24208772903942255,0.6088092494176777,0.754325259515571,0.46329323931978433,218,1294,71,1117,False
0.4202147126197815,0.43089013445758323,0.2418191902384914,0.608394483760274,0.754325259515571,0.4624637080049772,218,1296,71,1115,False
0.42011159658432007,0.430631226122151,0.24168514412416853,0.6081871009315722,0.754325259515571,0.4620489423475736,218,1297,71,1114,False
0.4200524687767029,0.4303722852992961,0.24155124653739612,0.6079797181028705,0.754325259515571,0.46163417669017004,218,1298,71,1113,False
0.42001497745513916,0.430113311776549,0.24141749723145073,0.6077723352741687,0.754325259515571,0.4612194110327665,218,1299,71,1112,False
0.41994160413742065,0.4298543053416138,0.24128389596015495,0.6075649524454669,0.754325259515571,0.4608046453753629,218,1300,71,1111,False
0.41968047618865967,0.4295952657823679,0.2411504424778761,0.6073575696167651,0.754325259515571,0.46038987971795936,218,1301,71,1110,False
0.41966426372528076,0.4293361928868606,0.2410171365395246,0.6071501867880633,0.754325259515571,0.4599751140605558,218,1302,71,1109,False
0.41944563388824463,0.42907708644331244,0.2408839779005525,0.6069428039593616,0.754325259515571,0.45956034840315224,218,1303,71,1108,False
0.419364869594574,0.4288179462401143,0.24075096631695195,0.6067354211306598,0.754325259515571,0.4591455827457486,218,1304,71,1107,False
0.4193388819694519,0.4285587720658265,0.24061810154525387,0.606528038301958,0.754325259515571,0.45873081708834507,218,1305,71,1106,False
0.41931772232055664,0.4282995637091778,0.2404853833425262,0.6063206554732562,0.754325259515571,0.4583160514309415,218,1306,71,1105,False
0.4190988540649414,0.42804032095906475,0.24035281146637266,0.6061132726445544,0.754325259515571,0.45790128577353795,218,1307,71,1104,False
0.4189080595970154,0.4277810436045506,0.24022038567493112,0.6059058898158527,0.754325259515571,0.4574865201161344,218,1308,71,1103,False
0.41884058713912964,0.42752173143486466,0.24008810572687225,0.6056985069871509,0.754325259515571,0.45707175445873083,218,1309,71,1102,False
0.4188113808631897,0.42726238423940116,0.2399559713813979,0.6054911241584491,0.754325259515571,0.45665698880132727,218,1310,71,1101,False
0.41866326332092285,0.42700300180771844,0.23982398239823982,0.6052837413297474,0.754325259515571,0.4562422231439237,218,1311,71,1100,False
0.41863954067230225,0.4267435839295383,0.23969213853765806,0.6050763585010455,0.754325259515571,0.4558274574865201,218,1312,71,1099,False
0.4185459613800049,0.42731291055313403,0.24065934065934066,0.6068064623072739,0.7577854671280276,0.4558274574865201,219,1312,70,1099,False
0.41851115226745605,0.4278817539435836,0.24162548050521693,0.6085365661135023,0.7612456747404844,0.4558274574865201,220,1312,69,1099,False
0.41829782724380493,0.4276217818489501,0.2414928649835346,0.6083291832848005,0.7612456747404844,0.45541269182911653,220,1313,69,1098,False
0.41810184717178345,0.42736177421697197,0.24136039495337355,0.6081218004560986,0.7612456747404844,0.454997926171713,220,1314,69,1097,False
0.4177953004837036,0.4279296185093607,0.24232456140350878,0.609851904262327,0.7647058823529411,0.454997926171713,221,1314,68,1097,False
0.41737043857574463,0.4276693169843855,0.2421917808219178,0.6096445214336252,0.7647058823529411,0.4545831605143094,221,1315,68,1096,False
0.41724735498428345,0.42880305079558095,0.2441160372194855,0.613104729046082,0.7716262975778547,0.4545831605143094,223,1315,66,1096,False
0.41709595918655396,0.4285421991124746,0.2439824945295405,0.6128973462173803,0.7716262975778547,0.45416839485690585,223,1316,66,1095,False
0.4167943596839905,0.42828131174538103,0.24384909786768727,0.6126899633886785,0.7716262975778547,0.4537536291995023,223,1317,66,1094,False
0.4167667627334595,0.4288469486155118,0.2448087431693989,0.6144200671949068,0.7750865051903114,0.4537536291995023,224,1317,65,1094,False
0.4164850115776062,0.42941210946436476,0.24576734025122884,0.6161501710011352,0.7785467128027682,0.4537536291995023,225,1317,64,1094,False
0.41643470525741577,0.4291506746039517,0.24563318777292575,0.6159427881724335,0.7785467128027682,0.45333886354209874,225,1318,64,1093,False
0.41628485918045044,0.4288892039549664,0.24549918166939444,0.6157354053437316,0.7785467128027682,0.4529240978846951,225,1319,64,1092,False
0.41618406772613525,0.42945337982435594,0.24645583424209377,0.61746550914996,0.7820069204152249,0.4529240978846951,226,1319,63,1092,False
0.4158169627189636,0.4291916184827512,0.24632152588555858,0.6172581263212582,0.7820069204152249,0.45250933222729156,226,1320,63,1091,False
0.4156898856163025,0.4289298210866838,0.24618736383442266,0.6170507434925565,0.7820069204152249,0.452094566569888,226,1321,63,1090,False
0.41566580533981323,0.4286679874247372,0.24605334784975502,0.6168433606638547,0.7820069204152249,0.45167980091248444,226,1322,63,1089,False
0.4156380295753479,0.42979339802729677,0.24796084828711257,0.6203035682763114,0.7889273356401384,0.45167980091248444,228,1322,61,1089,False
0.4156075119972229,0.42953102100635077,0.24782608695652175,0.6200961854476097,0.7889273356401384,0.4512650352550809,228,1323,61,1088,False
0.4154723882675171,0.4292686076061805,0.24769147202607278,0.6198888026189079,0.7889273356401384,0.4508502695976773,228,1324,61,1087,False
0.41542476415634155,0.42900615761517374,0.247557003257329,0.6196814197902061,0.7889273356401384,0.45043550394027376,228,1325,61,1086,False
0.4154207110404968,0.4287436708218729,0.24742268041237114,0.6194740369615043,0.7889273356401384,0.4500207382828702,228,1326,61,1085,False
0.41539984941482544,0.42930466121235933,0.24837310195227766,0.6212041407677327,0.7923875432525952,0.4500207382828702,229,1326,60,1085,False
0.4152854084968567,0.4290418853555624,0.24823848238482385,0.6209967579390309,0.7923875432525952,0.4496059726254666,229,1327,60,1084,False
0.415233850479126,0.42960215733603385,0.24918743228602383,0.6227268617452593,0.7958477508650519,0.4496059726254666,230,1327,59,1084,False
0.415229856967926,0.42933909302264983,0.24905251759610178,0.6225194789165575,0.7958477508650519,0.44919120696806303,230,1328,59,1083,False
0.415107786655426,0.42907599157599163,0.24891774891774893,0.6223120960878556,0.7958477508650519,0.44877644131065947,230,1329,59,1082,False
0.415105938911438,0.4288128527845583,0.24878312601406166,0.622104713259154,0.7958477508650519,0.4483616756532559,230,1330,59,1081,False
0.4150514602661133,0.42854967643700037,0.24864864864864866,0.6218973304304521,0.7958477508650519,0.44794690999585235,230,1331,59,1080,False
0.4149289131164551,0.42802321022886375,0.24838012958963282,0.6214825647730485,0.7958477508650519,0.44711737868104523,230,1333,59,1078,False
0.41483962535858154,0.4277599199463347,0.248246087425796,0.6212751819443467,0.7958477508650519,0.4467026130236416,230,1334,59,1077,False
0.41478031873703003,0.4283179734857819,0.24919093851132687,0.6230052857505751,0.7993079584775087,0.4467026130236416,231,1334,58,1077,False
0.4147055149078369,0.42779077800264653,0.24892241379310345,0.6225905200931716,0.7993079584775087,0.4458730817088345,231,1336,58,1075,False
0.41467076539993286,0.4275271223559892,0.24878836833602586,0.6223831372644698,0.7993079584775087,0.44545831605143094,231,1337,58,1074,False
0.41461652517318726,0.4286403536289488,0.2506724045185584,0.6258433448769265,0.8062283737024222,0.44545831605143094,233,1337,56,1074,False
0.4145241379737854,0.4283761618370694,0.25053763440860216,0.6256359620482248,0.8062283737024222,0.4450435503940274,233,1338,56,1073,False
0.4143689274787903,0.4281119312416386,0.25040300913487373,0.625428579219523,0.8062283737024222,0.4446287847366238,233,1339,56,1072,False
0.4143000841140747,0.4275833527963188,0.25013419216317767,0.6250138135621195,0.8062283737024222,0.4437992534218167,233,1341,56,1070,False
0.4140934348106384,0.4270546166068158,0.24986595174262735,0.6245990479047159,0.8062283737024222,0.4429697221070095,233,1343,56,1068,False
0.4138404130935669,0.42679018883168923,0.2497320471596999,0.6243916650760141,0.8062283737024222,0.44255495644960596,233,1344,56,1067,False
0.4134926199913025,0.42652572098923136,0.2495982860203535,0.6241842822473123,0.8062283737024222,0.4421401907922024,233,1345,56,1066,False
0.4133617877960205,0.4259966642619168,0.24933119315141786,0.6237695165899088,0.8062283737024222,0.4413106594773953,233,1347,56,1064,False
0.4130427837371826,0.4257320749572041,0.24919786096256685,0.623562133761207,0.8062283737024222,0.4408958938199917,233,1348,56,1063,False
0.41298431158065796,0.42546744474544657,0.24906467129877072,0.6233547509325051,0.8062283737024222,0.44048112816258816,233,1349,56,1062,False
0.4127880334854126,0.42520277341705914,0.24893162393162394,0.6231473681038033,0.8062283737024222,0.44006636250518455,233,1350,56,1061,False
0.412761390209198,0.4249380607625925,0.24879871863320877,0.6229399852751016,0.8062283737024222,0.439651596847781,233,1351,56,1060,False
0.41271859407424927,0.42467330657273217,0.2486659551760939,0.6227326024463998,0.8062283737024222,0.43923683119037743,233,1352,56,1059,False
0.41261887550354004,0.4244085106382979,0.24853333333333333,0.622525219617698,0.8062283737024222,0.43882206553297387,233,1353,56,1058,False
0.4126121401786804,0.4241436727502426,0.2484008528784648,0.6223178367889962,0.8062283737024222,0.4384072998755703,233,1354,56,1057,False
0.41217344999313354,0.42387879269965195,0.2482685135855088,0.6221104539602944,0.8062283737024222,0.43799253421816675,233,1355,56,1056,False
0.4121575355529785,0.423613870277743,0.24813631522896698,0.6219030711315927,0.8062283737024222,0.4375777685607632,233,1356,56,1055,False
0.4119150638580322,0.423348905275864,0.2480042575838212,0.6216956883028909,0.8062283737024222,0.4371630029033596,233,1357,56,1054,False
0.41185325384140015,0.42308389748549324,0.2478723404255319,0.6214883054741891,0.8062283737024222,0.436748237245956,233,1358,56,1053,False
0.4114925265312195,0.4228188466982382,0.2477405635300372,0.6212809226454873,0.8062283737024222,0.43633347158855246,233,1359,56,1052,False
0.4112051725387573,0.4225537527058353,0.24760892667375134,0.6210735398167855,0.8062283737024222,0.4359187059311489,233,1360,56,1051,False
0.41109341382980347,0.4231040159842694,0.24853956452469464,0.6228036436230139,0.8096885813148789,0.4359187059311489,234,1360,55,1051,False
0.4109908938407898,0.42283863394274035,0.2484076433121019,0.6225962607943121,0.8096885813148789,0.43550394027374534,234,1361,55,1050,False
0.4108457565307617,0.42257320841712853,0.2482758620689655,0.6223888779656104,0.8096885813148789,0.4350891746163418,234,1362,55,1049,False
0.4105719327926636,0.42230773919924003,0.24814422057264052,0.6221814951369086,0.8096885813148789,0.4346744089589382,234,1363,55,1048,False
0.41048598289489746,0.4217766688544844,0.2478813559322034,0.621766729479505,0.8096885813148789,0.43384487764413104,234,1365,55,1046,False
0.41025853157043457,0.42151106731185467,0.24775013234515617,0.6215593466508031,0.8096885813148789,0.4334301119867275,234,1366,55,1045,False
0.4100358486175537,0.42124542124542125,0.24761904761904763,0.6213519638221014,0.8096885813148789,0.4330153463293239,234,1367,55,1044,False
0.40988290309906006,0.42097973044761083,0.2474881015335801,0.6211445809933996,0.8096885813148789,0.43260058067192037,234,1368,55,1043,False
0.4098667502403259,0.42152759865098444,0.24841437632135308,0.622874684799628,0.8131487889273357,0.43260058067192037,235,1368,54,1043,False
0.40945571660995483,0.4220750258595329,0.24933967247754887,0.6246047886058563,0.8166089965397924,0.43260058067192037,236,1368,53,1043,False
0.40941160917282104,0.42180880445710506,0.249208025343189,0.6243974057771546,0.8166089965397924,0.4321858150145168,236,1369,53,1042,False
0.40936607122421265,0.42154253817576853,0.24907651715039578,0.6241900229484528,0.8166089965397924,0.43177104935711325,236,1370,53,1041,False
0.4092896580696106,0.4220890410958904,0.25,0.6259201267546812,0.8200692041522492,0.43177104935711325,237,1370,52,1041,False
0.40928107500076294,0.4218224878713042,0.24986821296784398,0.6257127439259794,0.8200692041522492,0.4313562836997097,237,1371,52,1040,False
0.4092252254486084,0.42155588948419664,0.24973656480505796,0.6255053610972776,0.8200692041522492,0.43094151804230607,237,1372,52,1039,False
0.40911829471588135,0.421289245726678,0.24960505529225907,0.6252979782685758,0.8200692041522492,0.4305267523849025,237,1373,52,1038,False
0.4091109037399292,0.4210225563909774,0.24947368421052632,0.625090595439874,0.8200692041522492,0.43011198672749895,237,1374,52,1037,False
0.40898680686950684,0.4207558212694421,0.24934245134139926,0.6248832126111723,0.8200692041522492,0.4296972210700954,237,1375,52,1036,False
0.40894055366516113,0.4213006801543198,0.2502628811777077,0.6266133164174006,0.8235294117647058,0.4296972210700954,238,1375,51,1036,False
0.4087798595428467,0.4218451037756107,0.2511823436678928,0.628343420223629,0.8269896193771626,0.4296972210700954,239,1375,50,1036,False
0.40874892473220825,0.42157784166298096,0.2510504201680672,0.6281360373949272,0.8269896193771626,0.42928245541269183,239,1376,50,1035,False
0.40827107429504395,0.4213105336081917,0.2509186351706037,0.6279286545662255,0.8269896193771626,0.4288676897552883,239,1377,50,1034,False
0.4081990718841553,0.42104317940333635,0.25078698845750264,0.6277212717375237,0.8269896193771626,0.4284529240978847,239,1378,50,1033,False
0.4081727862358093,0.4207757788406238,0.2506554798112218,0.6275138889088219,0.8269896193771626,0.42803815844048115,239,1379,50,1032,False
0.4080005884170532,0.4205083317123776,0.25052410901467503,0.6273065060801201,0.8269896193771626,0.42762339278307754,239,1380,50,1031,False
0.40786212682724,0.42024083781103516,0.250392875851231,0.6270991232514183,0.8269896193771626,0.427208627125674,239,1381,50,1030,False
0.40776026248931885,0.41997329692914687,0.25026178010471206,0.6268917404227166,0.8269896193771626,0.4267938614682704,239,1382,50,1029,False
0.40765535831451416,0.4197057088593755,0.250130821559393,0.6266843575940148,0.8269896193771626,0.42637909581086686,239,1383,50,1028,False
0.4076215624809265,0.4191703903273918,0.24986931521170935,0.6262695919366112,0.8269896193771626,0.42554956449605974,239,1385,50,1026,False
0.4075775742530823,0.41890265945106,0.2497387669801463,0.6260622091079094,0.8269896193771626,0.4251347988386562,239,1386,50,1025,False
0.4075232744216919,0.41863488055860437,0.24960835509138382,0.6258548262792076,0.8269896193771626,0.42472003318125257,239,1387,50,1024,False
0.40748369693756104,0.41836705344323827,0.24947807933194155,0.6256474434505058,0.8269896193771626,0.424305267523849,239,1388,50,1023,False
0.4071098566055298,0.4180991778982826,0.24934793948878456,0.625440060621804,0.8269896193771626,0.42389050186644545,239,1389,50,1022,False
0.40706610679626465,0.41783125371716545,0.2492179353493222,0.6252326777931023,0.8269896193771626,0.4234757362090419,239,1390,50,1021,False
0.4070513844490051,0.4175632806934211,0.24908806670140698,0.6250252949644005,0.8269896193771626,0.4230609705516383,239,1391,50,1020,False
0.40702688694000244,0.41810344827586204,0.25,0.6267553987706288,0.8304498269896193,0.4230609705516383,240,1391,49,1020,False
0.40691614151000977,0.41864318954554275,0.2509109838625716,0.6284855025768572,0.8339100346020761,0.4230609705516383,241,1391,48,1020,False
0.40690839290618896,0.4183746923579102,0.25078043704474506,0.6282781197481555,0.8339100346020761,0.42264620489423477,241,1392,48,1019,False
0.4068683981895447,0.41783755074894313,0.2505197505197505,0.6278633540907519,0.8339100346020761,0.42181667357942765,241,1394,48,1017,False
0.40680956840515137,0.4175689059142296,0.2503896103896104,0.6276559712620501,0.8339100346020761,0.42140190792202403,241,1395,48,1016,False
0.40661585330963135,0.4173002114506158,0.2502596053997923,0.6274485884333483,0.8339100346020761,0.4209871422646205,241,1396,48,1015,False
0.4064638018608093,0.4170314671516694,0.25012973533990657,0.6272412056046466,0.8339100346020761,0.4205723766072169,241,1397,48,1014,False
0.40644752979278564,0.4167626728110599,0.25,0.6270338227759448,0.8339100346020761,0.42015761094981335,241,1398,48,1013,False
0.40638500452041626,0.41649382822255765,0.2498703991705547,0.626826439947243,0.8339100346020761,0.4197428452924098,241,1399,48,1012,False
0.40634584426879883,0.4162249331800332,0.24974093264248703,0.6266190571185412,0.8339100346020761,0.41932807963500623,241,1400,48,1011,False
0.40620630979537964,0.41595598747745627,0.24961160020714657,0.6264116742898393,0.8339100346020761,0.4189133139776027,241,1401,48,1010,False
0.4060499668121338,0.41649293988695224,0.2505175983436853,0.6281417780960677,0.8373702422145328,0.4189133139776027,242,1401,47,1010,False
0.40604621171951294,0.4162237076471964,0.25038799793067773,0.6279343952673659,0.8373702422145328,0.4184985483201991,242,1402,47,1009,False
0.40566474199295044,0.41595442445478636,0.250258531540848,0.6277270124386641,0.8373702422145328,0.4180837826627955,242,1403,47,1008,False
0.4056588411331177,0.41568509010369475,0.2501291989664083,0.6275196296099623,0.8373702422145328,0.41766901700539194,242,1404,47,1007,False
0.4055449366569519,0.41541570438799075,0.25,0.6273122467812606,0.8373702422145328,0.4172542513479884,242,1405,47,1006,False
0.40549832582473755,0.41514626710183966,0.24987093443469283,0.6271048639525588,0.8373702422145328,0.4168394856905848,242,1406,47,1005,False
0.405494749546051,0.41460723699533253,0.24961320268179474,0.6266900982951553,0.8373702422145328,0.4160099543757777,242,1408,47,1003,False
0.4052942395210266,0.41433764376378046,0.24948453608247423,0.6264827154664535,0.8373702422145328,0.41559518871837414,242,1409,47,1002,False
0.4052402377128601,0.41406799813938777,0.24935600206079342,0.6262753326377517,0.8373702422145328,0.4151804230609705,242,1410,47,1001,False
0.4051847457885742,0.41379829991678874,0.24922760041194644,0.6260679498090499,0.8373702422145328,0.41476565740356697,242,1411,47,1000,False
0.40504276752471924,0.4135285488907095,0.24909933093154915,0.6258605669803481,0.8373702422145328,0.4143508917461634,242,1412,47,999,False
0.40499740839004517,0.4132587448559671,0.24897119341563786,0.6256531841516464,0.8373702422145328,0.41393612608875985,242,1413,47,998,False
0.4049060344696045,0.41298888760746877,0.24884318766066837,0.6254458013229446,0.8373702422145328,0.4135213604313563,242,1414,47,997,False
0.40489107370376587,0.4135223709526051,0.249743062692703,0.627175905129173,0.8408304498269896,0.4135213604313563,243,1414,46,997,False
0.404815673828125,0.4132522265759392,0.24961479198767333,0.6269685223004712,0.8408304498269896,0.41310659477395273,243,1415,46,996,False
0.40474873781204224,0.41298202869032863,0.24948665297741274,0.6267611394717694,0.8408304498269896,0.41269182911654917,243,1416,46,995,False
0.404471218585968,0.4127117770906597,0.24935864545920985,0.6265537566430677,0.8408304498269896,0.4122770634591456,243,1417,46,994,False
0.4044301509857178,0.41244147157190636,0.24923076923076923,0.6263463738143658,0.8408304498269896,0.411862297801742,243,1418,46,993,False
0.40401315689086914,0.4121711119291294,0.24910302409021015,0.6261389909856641,0.8408304498269896,0.41144753214433843,243,1419,46,992,False
0.4039553999900818,0.41190069795747597,0.2489754098360656,0.6259316081569622,0.8408304498269896,0.4110327664869349,243,1420,46,991,False
0.4039419889450073,0.40675223816201056,0.2465753424657534,0.6219913344116283,0.8408304498269896,0.40315221899626713,243,1439,46,972,False
0.40369588136672974,0.40648069472024917,0.24645030425963488,0.6217839515829265,0.8408304498269896,0.4027374533388635,243,1440,46,971,False
0.40366464853286743,0.40620909266637395,0.24632539280283833,0.6215765687542247,0.8408304498269896,0.40232268768145996,243,1441,46,970,False
0.40301549434661865,0.4010372475818768,0.24397590361445784,0.617636295008891,0.8408304498269896,0.3944421401907922,243,1460,46,951,False
0.4029567241668701,0.4015597002187433,0.24485699949824385,0.6193663988151192,0.8442906574394463,0.3944421401907922,244,1460,45,951,False
0.40294474363327026,0.40208175907640714,0.24573721163490472,0.6210965026213476,0.8477508650519031,0.3944421401907922,245,1460,44,951,False
0.40258103609085083,0.40180848597264085,0.24561403508771928,0.6208891197926458,0.8477508650519031,0.39402737453338865,245,1461,44,950,False
0.4025646448135376,0.40153515020640573,0.24549098196392785,0.6206817369639441,0.8477508650519031,0.3936126088759851,245,1462,44,949,False
0.40255820751190186,0.40098828987717877,0.24524524524524524,0.6202669713065405,0.8477508650519031,0.3927830775611779,245,1464,44,947,False
0.40233832597732544,0.40071476490965274,0.24512256128064033,0.6200595884778387,0.8477508650519031,0.39236831190377436,245,1465,44,946,False
0.40231674909591675,0.40044117647058824,0.245,0.6198522056491369,0.8477508650519031,0.3919535462463708,245,1466,44,945,False
0.4021998643875122,0.39523066801499335,0.24269440316988608,0.6159119319038031,0.8477508650519031,0.38407299875570305,245,1485,44,926,False
0.40218812227249146,0.39495576776612573,0.24257425742574257,0.6157045490751013,0.8477508650519031,0.38365823309829944,245,1486,44,925,False
0.4021793007850647,0.3946807998115086,0.24245423057892132,0.6154971662463995,0.8477508650519031,0.3832434674408959,245,1487,44,924,False
0.4020022749900818,0.3944057639500134,0.2423343224530168,0.6152897834176977,0.8477508650519031,0.3828287017834923,245,1488,44,923,False
0.40197134017944336,0.3941306599805523,0.2422145328719723,0.6150824005889959,0.8477508650519031,0.38241393612608876,245,1489,44,922,False
0.4018516540527344,0.3946457673791282,0.24308300395256918,0.6168125043952244,0.8512110726643599,0.38241393612608876,246,1489,43,922,False
0.40169864892959595,0.39437037037037037,0.24296296296296296,0.6166051215665226,0.8512110726643599,0.3819991704686852,246,1490,43,921,False
0.4016910195350647,0.38912459852260983,0.24070450097847357,0.6126648478211887,0.8512110726643599,0.3741186229780174,246,1509,43,902,False
0.40149569511413574,0.3888477949562562,0.24058679706601466,0.6124574649924869,0.8512110726643599,0.37370385732061384,246,1510,43,901,False
0.4014294147491455,0.383574535720261,0.23837209302325582,0.608517191247153,0.8512110726643599,0.3658233098299461,246,1529,43,882,False
0.40127092599868774,0.38301787851529406,0.23814133591481124,0.6081024255897494,0.8512110726643599,0.3649937785151389,246,1531,43,880,False
0.40102481842041016,0.38273943504655256,0.23802612481857766,0.6078950427610477,0.8512110726643599,0.36457901285773536,246,1532,43,879,False
0.40100669860839844,0.38246091473339816,0.2379110251450677,0.6076876599323459,0.8512110726643599,0.3641642472003318,246,1533,43,878,False
0.4008569121360779,0.38218231737566705,0.23779603673272112,0.607480277103644,0.8512110726643599,0.36374948154292824,246,1534,43,877,False
0.40084272623062134,0.381903642773208,0.23768115942028986,0.6072728942749424,0.8512110726643599,0.3633347158855247,246,1535,43,876,False
0.40059661865234375,0.3765938827000646,0.23551938726663477,0.6033326205296083,0.8512110726643599,0.3554541683948569,246,1554,43,857,False
0.40054333209991455,0.3763136211856199,0.23540669856459331,0.6031252377009066,0.8512110726643599,0.3550394027374533,246,1555,43,856,False
0.40050452947616577,0.3760332782251613,0.23529411764705882,0.6029178548722048,0.8512110726643599,0.35462463708004976,246,1556,43,855,False
0.40019023418426514,0.3757528536186682,0.23518164435946462,0.602710472043503,0.8512110726643599,0.3542098714226462,246,1557,43,854,False
0.40018516778945923,0.37547234716611927,0.23506927854753942,0.6025030892148013,0.8512110726643599,0.35379510576524265,246,1558,43,853,False
0.4001256823539734,0.37519175866749177,0.2349570200573066,0.6022957063860995,0.8512110726643599,0.3533803401078391,246,1559,43,852,False
0.40007299184799194,0.3749110879227612,0.23484486873508353,0.6020883235573977,0.8512110726643599,0.3529655744504355,246,1560,43,851,False
0.3998066782951355,0.37541009740679815,0.23568702290076335,0.603818427363626,0.8546712802768166,0.3529655744504355,247,1560,42,851,False
0.39975637197494507,0.37512912568753337,0.23557463042441584,0.6036110445349243,0.8546712802768166,0.3525508087930319,247,1561,42,850,False
0.3996155858039856,0.3748480713944635,0.23546234509056244,0.6034036617062225,0.8546712802768166,0.35213604313562835,247,1562,42,849,False
0.3995402455329895,0.3694920843710266,0.23334907888521492,0.5994633879608886,0.8546712802768166,0.3442554956449606,247,1581,42,830,False
0.39935725927352905,0.3692093365304442,0.2332389046270066,0.5992560051321868,0.8546712802768166,0.34384072998755705,247,1582,42,829,False
0.3992961049079895,0.36892650190817927,0.2331288343558282,0.599048622303485,0.8546712802768166,0.3434259643301535,247,1583,42,828,False
0.3991859555244446,0.3694201564657156,0.2339622641509434,0.6007787261097135,0.8581314878892734,0.3434259643301535,248,1583,41,828,False
0.39903414249420166,0.36913701826332157,0.23385195662423386,0.6005713432810116,0.8581314878892734,0.3430111986727499,248,1584,41,827,False
0.3990054130554199,0.36885379294402065,0.23374175306314798,0.6003639604523099,0.8581314878892734,0.3425964330153463,248,1585,41,826,False
0.39874351024627686,0.3685704803070143,0.2336316533207725,0.6001565776236081,0.8581314878892734,0.34218166735794275,248,1586,41,825,False
0.39865249395370483,0.3682870801514869,0.2335216572504708,0.5999491947949063,0.8581314878892734,0.3417669017005392,248,1587,41,824,False
0.39862632751464844,0.3680035922766053,0.23341176470588235,0.5997418119662046,0.8581314878892734,0.34135213604313563,248,1588,41,823,False
0.3985627293586731,0.36772001648151775,0.2333019755409219,0.5995344291375028,0.8581314878892734,0.3409373703857321,248,1589,41,822,False
0.39853107929229736,0.3623151042505881,0.23123543123543125,0.5955941553921689,0.8581314878892734,0.3330568228950643,248,1608,41,803,False
0.398379385471344,0.3620297278394474,0.23112767940354148,0.5953867725634671,0.8581314878892734,0.3326420572376607,248,1609,41,802,False
0.39828938245773315,0.36174425928500525,0.23102002794597112,0.5951793897347653,0.8581314878892734,0.33222729158025716,248,1610,41,801,False
0.39824557304382324,0.36145869838586653,0.2309124767225326,0.5949720069060636,0.8581314878892734,0.3318125259228536,248,1611,41,800,False
0.3981975317001343,0.3611730449406053,0.2308050255932992,0.5947646240773617,0.8581314878892734,0.33139776026545004,248,1612,41,799,False
0.39802223443984985,0.35572777757480545,0.22878228782287824,0.5908243503320278,0.8581314878892734,0.32351721277478224,248,1631,41,780,False
0.3980175852775574,0.35544023085487964,0.22867680958967265,0.590616967503326,0.8581314878892734,0.3231024471173787,248,1632,41,779,False
0.3978332281112671,0.35515258735072974,0.22857142857142856,0.5904095846746242,0.8581314878892734,0.3226876814599751,248,1633,41,778,False
0.39781874418258667,0.3548648468601069,0.2284661446338093,0.5902022018459225,0.8581314878892734,0.32227291580257156,248,1634,41,777,False
0.3978077173233032,0.35457700918071844,0.2283609576427256,0.5899948190172207,0.8581314878892734,0.321858150145168,248,1635,41,776,False
0.3978008031845093,0.3542890741102276,0.22825586746433502,0.5897874361885189,0.8581314878892734,0.32144338448776444,248,1636,41,775,False
0.39776521921157837,0.3540010414462529,0.2281508739650414,0.5895800533598171,0.8581314878892734,0.3210286188303608,248,1637,41,774,False
0.3977375030517578,0.35371291098636726,0.22804597701149426,0.5893726705311153,0.8581314878892734,0.32061385317295726,248,1638,41,773,False
0.3976741433143616,0.354194415048898,0.22886029411764705,0.5911027743373437,0.8615916955017301,0.32061385317295726,249,1638,40,773,False
0.3976556062698364,0.3539059735299982,0.22875516766192008,0.5908953915086419,0.8615916955017301,0.3201990875155537,249,1639,40,772,False
0.3974045515060425,0.3536174338612124,0.22865013774104684,0.5906880086799401,0.8615916955017301,0.31978432185815014,249,1640,40,771,False
0.39735108613967896,0.3533287958397158,0.22854520422212024,0.5904806258512383,0.8615916955017301,0.3193695562007466,249,1641,40,770,False
0.3970687985420227,0.35275122392705277,0.22833562585969738,0.5900658601938348,0.8615916955017301,0.31854002488593947,249,1643,40,768,False
0.39678674936294556,0.35246228962999715,0.22823098075160403,0.589858477365133,0.8615916955017301,0.31812525922853585,249,1644,40,767,False
0.3967238664627075,0.3521732561684512,0.22812643151626202,0.5896510945364312,0.8615916955017301,0.3177104935711323,249,1645,40,766,False
0.39667534828186035,0.3518841233393472,0.22802197802197802,0.5894437117077294,0.8615916955017301,0.31729572791372873,249,1646,40,765,False
0.3964371085166931,0.3515948909395675,0.22791762013729977,0.5892363288790277,0.8615916955017301,0.31688096225632517,249,1647,40,764,False
0.39642369747161865,0.3520741540754624,0.22872827081427263,0.5909664326852561,0.8650519031141869,0.31688096225632517,250,1647,39,764,False
0.3962526321411133,0.35178460959143604,0.22862368541380887,0.5907590498565543,0.8650519031141869,0.3164661965989216,250,1648,39,763,False
0.3962364196777344,0.3514949651785694,0.22851919561243145,0.5905516670278524,0.8650519031141869,0.31605143094151805,250,1649,39,762,False
0.39618754386901855,0.34597246383577807,0.22655188038060717,0.5866113932825185,0.8650519031141869,0.30817088345085025,250,1668,39,743,False
0.39582693576812744,0.34644695979078133,0.22735507246376813,0.588341497088747,0.8685121107266436,0.30817088345085025,251,1668,38,743,False
0.3956061005592346,0.3461550629252514,0.2272521502942508,0.5881341142600451,0.8685121107266436,0.3077561177934467,251,1669,38,742,False
0.39539408683776855,0.3458630618874027,0.22714932126696832,0.5879267314313433,0.8685121107266436,0.30734135213604313,251,1670,38,741,False
0.39539194107055664,0.34029497638635464,0.22521310004486317,0.5839864576860094,0.8685121107266436,0.2994608046453754,251,1689,38,722,False
0.39534205198287964,0.34000084876434056,0.22511210762331837,0.5837790748573077,0.8685121107266436,0.2990460389879718,251,1690,38,721,False
0.39528775215148926,0.3394122678396872,0.224910394265233,0.5833643091999041,0.8685121107266436,0.29821650767316465,251,1692,38,719,False
0.39508235454559326,0.3391178141240748,0.22480967308553515,0.5831569263712023,0.8685121107266436,0.2978017420157611,251,1693,38,718,False
0.39499837160110474,0.33882325129749785,0.22470904207699194,0.5829495435425005,0.8685121107266436,0.29738697635835754,251,1694,38,717,False
0.3949470520019531,0.33852857915328094,0.22460850111856823,0.5827421607137988,0.8685121107266436,0.296972210700954,251,1695,38,716,False
0.39487266540527344,0.33823379748467214,0.22450805008944544,0.582534777885097,0.8685121107266436,0.2965574450435504,251,1696,38,715,False
0.39478176832199097,0.33793890608484245,0.22440768886902102,0.5823273950563952,0.8685121107266436,0.2961426793861468,251,1697,38,714,False
0.3947305679321289,0.3376439047468853,0.22430741733690795,0.5821200122276934,0.8685121107266436,0.29572791372874324,251,1698,38,713,False
0.39458250999450684,0.3373487932638161,0.22420723537293435,0.5819126293989916,0.8685121107266436,0.2953131480713397,251,1699,38,712,False
0.3944927453994751,0.33705357142857145,0.22410714285714287,0.5817052465702899,0.8685121107266436,0.2948983824139361,251,1700,38,711,False
0.39447033405303955,0.33675823903400876,0.22400713966979027,0.5814978637415881,0.8685121107266436,0.29448361675653256,251,1701,38,710,False
0.394420862197876,0.33646279587290595,0.22390722569134702,0.5812904809128863,0.8685121107266436,0.294068851099129,251,1702,38,709,False
0.3941143751144409,0.3361672417379604,0.22380740080249667,0.5810830980841846,0.8685121107266436,0.29365408544172544,251,1703,38,708,False
0.39393872022628784,0.3358715764217889,0.22370766488413546,0.5808757152554828,0.8685121107266436,0.2932393197843219,251,1704,38,707,False
0.3937361240386963,0.33557579971692686,0.22360801781737194,0.580668332426781,0.8685121107266436,0.29282455412691827,251,1705,38,706,False
0.39367741346359253,0.3352799114158278,0.22350845948352627,0.5804609495980791,0.8685121107266436,0.2924097884695147,251,1706,38,705,False
0.39362698793411255,0.33574610740105104,0.22429906542056074,0.5821910534043075,0.8719723183391004,0.2924097884695147,252,1706,37,705,False
0.39356231689453125,0.3354498979352205,0.22419928825622776,0.5819836705756057,0.8719723183391004,0.29199502281211115,252,1707,37,704,False
0.39327508211135864,0.3359155781214656,0.2249888839484215,0.5837137743818341,0.8754325259515571,0.29199502281211115,253,1707,36,704,False
0.39302366971969604,0.3356190476190476,0.2248888888888889,0.5835063915531323,0.8754325259515571,0.2915802571547076,253,1708,36,703,False
0.39302223920822144,0.335322404960556,0.22478898267436695,0.5832990087244305,0.8754325259515571,0.29116549149730403,253,1709,36,702,False
0.3926568627357483,0.32966460711320034,0.22290748898678414,0.5793587349790966,0.8754325259515571,0.28328494400663623,253,1728,36,683,False
0.39246082305908203,0.3293656774546546,0.22280933509467196,0.5791513521503948,0.8754325259515571,0.28287017834923267,253,1729,36,682,False
0.39243894815444946,0.32906663124527213,0.2227112676056338,0.5789439693216931,0.8754325259515571,0.2824554126918291,253,1730,36,681,False
0.39240074157714844,0.3287674682747696,0.22261328640563133,0.5787365864929913,0.8754325259515571,0.28204064703442555,253,1731,36,680,False
0.3923720121383667,0.32816879120879117,0.22241758241758242,0.5783218208355878,0.8754325259515571,0.28121111571961843,253,1733,36,678,False
0.3923124074935913,0.3278692766922674,0.22231985940246046,0.578114438006886,0.8754325259515571,0.2807963500622149,253,1734,36,677,False
0.3922710418701172,0.3275696445725264,0.2222222222222222,0.5779070551781842,0.8754325259515571,0.28038158440481126,253,1735,36,676,False
0.39213502407073975,0.3280291836967703,0.22300263388937663,0.5796371589844126,0.8788927335640139,0.28038158440481126,254,1735,35,676,False
0.3921041488647461,0.32772922574770214,0.22290478279947346,0.5794297761557108,0.8788927335640139,0.2799668187474077,254,1736,35,675,False
0.39207690954208374,0.3274291497975709,0.22280701754385965,0.579222393327009,0.8788927335640139,0.27955205309000414,254,1737,35,674,False
0.3918425440788269,0.3278879754257503,0.2235861464270057,0.5809524971332374,0.8823529411764706,0.27955205309000414,255,1737,34,674,False
0.3918082118034363,0.32758757355301465,0.22348816827344434,0.5807451143045356,0.8823529411764706,0.2791372874326006,255,1738,34,673,False
0.39176732301712036,0.327287053279523,0.2233902759526938,0.5805377314758338,0.8823529411764706,0.278722521775197,255,1739,34,672,False
0.39165759086608887,0.3277451670267463,0.22416812609457093,0.5822678352820622,0.8858131487889274,0.278722521775197,256,1739,33,672,False
0.39163345098495483,0.3274443207322513,0.22407002188183808,0.5820604524533604,0.8858131487889274,0.27830775611779346,256,1740,33,671,False
0.3915231227874756,0.3271433556354589,0.22397200349956256,0.5818530696246587,0.8858131487889274,0.2778929904603899,256,1741,33,670,False
0.3914415240287781,0.3276007591056083,0.22474857892435504,0.583583173430887,0.889273356401384,0.2778929904603899,257,1741,32,670,False
0.39113032817840576,0.3272994678843008,0.22465034965034966,0.5833757906021853,0.889273356401384,0.27747822480298634,257,1742,32,669,False
0.3908407688140869,0.32699805745730387,0.22455220620358235,0.5831684077734833,0.889273356401384,0.2770634591455827,257,1743,32,668,False
0.39068281650543213,0.3212483268725015,0.22270363951473138,0.5792281340281495,0.889273356401384,0.269182911654915,257,1762,32,649,False
0.3906385898590088,0.3154540195173427,0.22088525999140524,0.5752878602828156,0.889273356401384,0.2613023641642472,257,1781,32,630,False
0.39032405614852905,0.3151477931701031,0.22079037800687284,0.5750804774541138,0.889273356401384,0.2608875985068436,257,1782,32,629,False
0.3902125358581543,0.31453495687184574,0.2206008583690987,0.5746657117967102,0.889273356401384,0.2600580671920365,257,1784,32,627,False
0.39014798402786255,0.314228346486411,0.2205062205062205,0.5744583289680085,0.889273356401384,0.25964330153463294,257,1785,32,626,False
0.38995206356048584,0.3139216076536192,0.22041166380789023,0.5742509461393067,0.889273356401384,0.2592285358772294,257,1786,32,625,False
0.38957393169403076,0.3136147401559485,0.22031718816973853,0.5740435633106049,0.889273356401384,0.2588137702198258,257,1787,32,624,False
0.38954073190689087,0.31330774377575094,0.22022279348757498,0.5738361804819031,0.889273356401384,0.2583990045624222,257,1788,32,623,False
0.38937485218048096,0.3130006182952517,0.22012847965738758,0.5736287976532013,0.889273356401384,0.25798423890501865,257,1789,32,622,False
0.38924646377563477,0.31238597916161126,0.21994009413778348,0.5732140319957978,0.889273356401384,0.25715470759021153,257,1791,32,620,False
0.3890950679779053,0.31283276500093027,0.22070145423438836,0.5749441358020262,0.8927335640138409,0.25715470759021153,258,1791,31,620,False
0.389011025428772,0.3125250447680685,0.22060709705002138,0.5747367529733244,0.8927335640138409,0.25673994193280797,258,1792,31,619,False
0.38895177841186523,0.3129713423831071,0.22136752136752136,0.5764668567795528,0.8961937716262975,0.25673994193280797,259,1792,30,619,False
0.3889075517654419,0.3123551000050825,0.22117847993168233,0.5760520911221492,0.8961937716262975,0.25591041061800085,259,1794,30,617,False
0.3885641098022461,0.3120467833318046,0.22108408023900983,0.5758447082934475,0.8961937716262975,0.2554956449605973,259,1795,30,616,False
0.38855135440826416,0.3117383360434573,0.22098976109215018,0.5756373254647456,0.8961937716262975,0.2550808793031937,259,1796,30,615,False
0.38814783096313477,0.31142975792070743,0.2208955223880597,0.5754299426360439,0.8961937716262975,0.2546661136457901,259,1797,30,614,False
0.38796287775039673,0.31112104874408975,0.2208013640238704,0.575222559807342,0.8961937716262975,0.25425134798838656,259,1798,30,613,False
0.38752299547195435,0.3052303812811073,0.21902748414376322,0.5712822860620081,0.8961937716262975,0.24637080049771878,259,1817,30,594,False
0.3871105909347534,0.30460749248757957,0.21884241656104775,0.5708675204046046,0.8961937716262975,0.24554126918291166,259,1819,30,592,False
0.38688570261001587,0.30398406002752754,0.21865766146053187,0.570452754747201,0.8961937716262975,0.24471173786810452,259,1821,30,590,False
0.38675832748413086,0.3036721393658353,0.21856540084388185,0.5702453719184992,0.8961937716262975,0.24429697221070096,259,1822,30,589,False
0.3866193890571594,0.3033600821191577,0.2184732180514551,0.5700379890897975,0.8961937716262975,0.2438822065532974,259,1823,30,588,False
0.3865630030632019,0.29740474568731845,0.21673640167364017,0.5660977153444636,0.8961937716262975,0.23600165906262963,259,1842,30,569,False
0.3863142728805542,0.2970899096937544,0.21664575491426183,0.5658903325157618,0.8961937716262975,0.23558689340522604,259,1843,30,568,False
0.3862675428390503,0.29677493239877606,0.2165551839464883,0.56568294968706,0.8961937716262975,0.23517212774782248,259,1844,30,567,False
0.38608306646347046,0.2961445529992646,0.21637426900584794,0.5652681840296565,0.8961937716262975,0.23434259643301536,259,1846,30,565,False
0.38607555627822876,0.29657946567828847,0.21711899791231734,0.5669982878358848,0.8996539792387543,0.23434259643301536,260,1846,29,565,False
0.38603711128234863,0.2962638574277146,0.21702838063439064,0.5667909050071831,0.8996539792387543,0.23392783077561177,260,1847,29,564,False
0.3857216238975525,0.2959481069618742,0.2169378389653734,0.5665835221784813,0.8996539792387543,0.2335130651182082,260,1848,29,563,False
0.38565295934677124,0.2956322140535723,0.21684737281067556,0.5663761393497795,0.8996539792387543,0.23309829946080465,260,1849,29,562,False
0.3855518102645874,0.2953161784754533,0.21675698207586494,0.5661687565210777,0.8996539792387543,0.23268353380340107,260,1850,29,561,False
0.38547760248184204,0.29500000000000004,0.21666666666666667,0.5659613736923759,0.8996539792387543,0.2322687681459975,260,1851,29,560,False
0.3854624032974243,0.29468367839953313,0.21657642648896294,0.5657539908636742,0.8996539792387543,0.23185400248859395,260,1852,29,559,False
0.385379433631897,0.29436721344621086,0.21648626144879268,0.5655466080349724,0.8996539792387543,0.2314392368311904,260,1853,29,558,False
0.3851165175437927,0.29405060491202817,0.21639617145235124,0.5653392252062706,0.8996539792387543,0.2310244711737868,260,1854,29,557,False
0.3850352168083191,0.2937338525688161,0.21630615640599002,0.5651318423775687,0.8996539792387543,0.23060970551638324,260,1855,29,556,False
0.38490724563598633,0.2941666464204027,0.21704781704781706,0.5668619461837971,0.903114186851211,0.23060970551638324,261,1855,28,556,False
0.38461238145828247,0.2938495444754846,0.2169576059850374,0.5666545633550953,0.903114186851211,0.23019493985897968,261,1856,28,555,False
0.3846074342727661,0.29353229825415933,0.21686746987951808,0.5664471805263935,0.903114186851211,0.22978017420157612,261,1857,28,554,False
0.3845101594924927,0.293214907527493,0.21677740863787376,0.5662397976976918,0.903114186851211,0.22936540854417253,261,1858,28,553,False
0.3844527006149292,0.2871567219936162,0.21508034610630408,0.5622995239523579,0.903114186851211,0.22148486105350476,261,1877,28,534,False
0.38445019721984863,0.28683639282396267,0.21499176276771004,0.5620921411236561,0.903114186851211,0.2210700953961012,261,1878,28,533,False
0.3844130039215088,0.2865159143020933,0.21490325236722932,0.5618847582949543,0.903114186851211,0.22065532973869764,261,1879,28,532,False
0.3843657374382019,0.2861952861952862,0.21481481481481482,0.5616773754662525,0.903114186851211,0.22024056408129408,261,1880,28,531,False
0.3843558430671692,0.28587450827064087,0.21472645002056767,0.5614699926375508,0.903114186851211,0.2198257984238905,261,1881,28,530,False
0.38413751125335693,0.2855535802950773,0.21463815789473684,0.561262609808849,0.903114186851211,0.21941103276648694,261,1882,28,529,False
0.38408321142196655,0.28598055802483296,0.21537196876284423,0.5629927136150774,0.9065743944636678,0.21941103276648694,262,1882,27,529,False
0.38385313749313354,0.2853378394756069,0.21519507186858317,0.5625779479576738,0.9065743944636678,0.2185815014516798,262,1884,27,527,False
0.38383448123931885,0.2850162541632596,0.21510673234811165,0.562370565128972,0.9065743944636678,0.21816673579427623,262,1885,27,526,False
0.38356298208236694,0.2846945178470456,0.21501846532622076,0.5621631823002703,0.9065743944636678,0.21775197013687267,262,1886,27,525,False
0.38337647914886475,0.284372630292704,0.21493027071369974,0.5619557994715685,0.9065743944636678,0.2173372044794691,262,1887,27,524,False
0.38337135314941406,0.2840505912657911,0.21484214842148422,0.5617484166428667,0.9065743944636678,0.21692243882206552,262,1888,27,523,False
0.38316214084625244,0.2844760744350908,0.2155737704918033,0.5634785204490951,0.9100346020761245,0.21692243882206552,263,1888,26,523,False
0.38249510526657104,0.28490129821475224,0.21630479311757475,0.5652086242553234,0.9134948096885813,0.21692243882206552,264,1888,25,523,False
0.38247138261795044,0.2787456445993031,0.2146341463414634,0.5612683505099896,0.9134948096885813,0.20904189133139775,264,1907,25,504,False
0.38240915536880493,0.2784201145906077,0.21454693214140594,0.5610609676812878,0.9134948096885813,0.2086271256739942,264,1908,25,503,False
0.3822019100189209,0.27809442809119306,0.21445978878960195,0.560853584852586,0.9134948096885813,0.20821236001659063,264,1909,25,502,False
0.3813875913619995,0.2777685848618803,0.2143727161997564,0.5606462020238842,0.9134948096885813,0.20779759435918707,264,1910,25,501,False
0.38135480880737305,0.2774425846632931,0.21428571428571427,0.5604388191951823,0.9134948096885813,0.20738282870178348,264,1911,25,500,False
0.3810110092163086,0.2778628222715979,0.2150101419878296,0.5621689230014107,0.916955017301038,0.20738282870178348,265,1911,24,500,False
0.380995512008667,0.2775364590330333,0.21492295214922952,0.5619615401727089,0.916955017301038,0.20696806304437992,265,1912,24,499,False
0.3809533715248108,0.277209938318432,0.21483583299554115,0.5617541573440072,0.916955017301038,0.20655329738697636,265,1913,24,498,False
0.38093292713165283,0.2768832598875428,0.21474878444084278,0.5615467745153054,0.916955017301038,0.2061385317295728,265,1914,24,497,False
0.3808172345161438,0.2765564234999148,0.21466180639935195,0.5613393916866036,0.916955017301038,0.20572376607216922,265,1915,24,496,False
0.3808004856109619,0.27031619907423765,0.21302250803858522,0.5573991179412697,0.916955017301038,0.19784321858150145,265,1934,24,477,False
0.38071131706237793,0.2699861527443527,0.2129369224588188,0.5571917351125679,0.916955017301038,0.19742845292409789,265,1935,24,476,False
0.3806003928184509,0.2696559433610732,0.21285140562248997,0.5569843522838662,0.916955017301038,0.19701368726669433,265,1936,24,475,False
0.3804939389228821,0.2700707766246559,0.21356884785226818,0.5587144560900945,0.9204152249134948,0.19701368726669433,266,1936,23,475,False
0.3804665803909302,0.2697401975178894,0.21348314606741572,0.5585070732613928,0.9204152249134948,0.19659892160929074,266,1937,23,474,False
0.3802797198295593,0.2694094548326646,0.2133975130365022,0.558299690432691,0.9204152249134948,0.19618415595188718,266,1938,23,473,False
0.380268394947052,0.2690785483232711,0.21331194867682438,0.5580923076039892,0.9204152249134948,0.19576939029448362,266,1939,23,472,False
0.38015103340148926,0.26275986966837217,0.2116991643454039,0.5541520338586553,0.9204152249134948,0.18788884280381585,266,1958,23,453,False
0.37981969118118286,0.26242563474067054,0.21161495624502785,0.5539446510299535,0.9204152249134948,0.1874740771464123,266,1959,23,452,False
0.3797842264175415,0.2560427677296587,0.21002763521515988,0.5500043772846197,0.9204152249134948,0.17959352965574452,266,1978,23,433,False
0.3796229362487793,0.255705104232129,0.20994475138121546,0.5497969944559179,0.9204152249134948,0.17917876399834093,266,1979,23,432,False
0.3795069456100464,0.25536726664394804,0.20986193293885602,0.5495896116272161,0.9204152249134948,0.17876399834093737,266,1980,23,431,False
0.37915539741516113,0.25469106817425535,0.20969649191959006,0.5491748459698125,0.9204152249134948,0.17793446702613025,266,1982,23,429,False
0.3789694905281067,0.2543527067814503,0.20961386918833727,0.5489674631411108,0.9204152249134948,0.17751970136872666,266,1983,23,428,False
0.3789368271827698,0.25401417027540585,0.20953131153997637,0.548760080312409,0.9204152249134948,0.1771049357113231,266,1984,23,427,False
0.3789103627204895,0.2536754583998679,0.2094488188976378,0.5485526974837072,0.9204152249134948,0.17669017005391954,266,1985,23,426,False
0.37886297702789307,0.2533365708983376,0.209366391184573,0.5483453146550054,0.9204152249134948,0.17627540439651596,266,1986,23,425,False
0.37851130962371826,0.2529975075140715,0.20928402832415421,0.5481379318263035,0.9204152249134948,0.1758606387391124,266,1987,23,424,False
0.37848973274230957,0.2526582679900806,0.20920173023987415,0.5479305489976019,0.9204152249134948,0.17544587308170884,266,1988,23,423,False
0.37845945358276367,0.2523188520691295,0.20911949685534592,0.5477231661689,0.9204152249134948,0.17503110742430528,266,1989,23,422,False
0.3781088590621948,0.25197925949373623,0.20903732809430256,0.5475157833401982,0.9204152249134948,0.1746163417669017,266,1990,23,421,False
0.37784039974212646,0.251639490006171,0.208955223880597,0.5473084005114964,0.9204152249134948,0.17420157610949813,266,1991,23,420,False
0.37758535146713257,0.25129954334845594,0.2088731841382018,0.5471010176827947,0.9204152249134948,0.17378681045209457,266,1992,23,419,False
0.3771268129348755,0.2509594192623646,0.2087912087912088,0.5468936348540929,0.9204152249134948,0.173372044794691,266,1993,23,418,False
0.37709927558898926,0.2506191174894206,0.20870929776382896,0.5466862520253911,0.9204152249134948,0.17295727913728742,266,1994,23,417,False
0.37699347734451294,0.2502786377708978,0.20862745098039215,0.5464788691966893,0.9204152249134948,0.17254251347988386,266,1995,23,416,False
0.3769201636314392,0.24993797984781913,0.2085456683653469,0.5462714863679876,0.9204152249134948,0.1721277478224803,266,1996,23,415,False
0.37685686349868774,0.2503401165862421,0.20924764890282133,0.5480015901742159,0.9238754325259516,0.1721277478224803,267,1996,22,415,False
0.37677890062332153,0.24999907132128693,0.209165687426557,0.5477942073455142,0.9238754325259516,0.17171298216507674,267,1997,22,414,False
0.37644827365875244,0.2496578472801954,0.2090837901331245,0.5475868245168124,0.9238754325259516,0.17129821650767316,267,1998,22,413,False
0.37643641233444214,0.24931644420293092,0.20900195694716242,0.5473794416881106,0.9238754325259516,0.1708834508502696,267,1999,22,412,False
0.37627071142196655,0.24971771557615735,0.20970266040688576,0.549109545494339,0.9273356401384083,0.1708834508502696,268,1999,21,412,False
0.37608540058135986,0.24937592431774674,0.20962064919827925,0.5489021626656372,0.9273356401384083,0.17046868519286604,268,2000,21,411,False
0.3760775327682495,0.24903395344819335,0.20953870211102424,0.5486947798369354,0.9273356401384083,0.17005391953546245,268,2001,21,410,False
0.37603825330734253,0.24869180270639313,0.2094568190699492,0.5484873970082336,0.9273356401384083,0.1696391538780589,268,2002,21,409,False
0.37592363357543945,0.24834947183098594,0.209375,0.5482800141795319,0.9273356401384083,0.16922438822065533,268,2003,21,408,False
0.3757935166358948,0.24800696056035482,0.20929324482623976,0.5480726313508301,0.9273356401384083,0.16880962256325177,268,2004,21,407,False
0.37558358907699585,0.24766426863262547,0.20921155347384857,0.5478652485221283,0.9273356401384083,0.16839485690584818,268,2005,21,406,False
0.3753283619880676,0.24111844695848822,0.20767144517628827,0.5439249747767944,0.9273356401384083,0.1605143094151804,268,2024,21,387,False
0.3753066658973694,0.2407720864927744,0.20759101471727343,0.5437175919480925,0.9273356401384083,0.16009954375777685,268,2025,21,386,False
0.37518954277038574,0.24042553980993941,0.20751064653503679,0.5435102091193909,0.9273356401384083,0.1596847781003733,268,2026,21,385,False
0.3751075863838196,0.24007880664227413,0.20743034055727555,0.543302826290689,0.9273356401384083,0.15927001244296973,268,2027,21,384,False
0.3750225901603699,0.2397318867217964,0.20735009671179883,0.5430954434619872,0.9273356401384083,0.15885524678556615,268,2028,21,383,False
0.3745275139808655,0.23903748554910514,0.20718979512949362,0.5426806778045836,0.9273356401384083,0.15802571547075903,268,2030,21,381,False
0.3744894862174988,0.23869000375955554,0.2071097372488408,0.5424732949758819,0.9273356401384083,0.15761094981335547,268,2031,21,380,False
0.37445104122161865,0.23834233414251987,0.20702974121282347,0.5422659121471801,0.9273356401384083,0.15719618415595188,268,2032,21,379,False
0.37407004833221436,0.23799447642864013,0.20694980694980694,0.5420585293184783,0.9273356401384083,0.15678141849854832,268,2033,21,378,False
0.37397319078445435,0.23729819563152899,0.20679012345679013,0.5416437636610747,0.9273356401384083,0.15595188718374117,268,2035,21,376,False
0.37395262718200684,0.23769167791776138,0.20748168145005785,0.5433738674673031,0.9307958477508651,0.15595188718374117,269,2035,20,376,False
0.37395113706588745,0.23734304340682016,0.20740169622205087,0.5431664846386014,0.9307958477508651,0.1555371215263376,269,2036,20,375,False
0.3739330768585205,0.23699421965317918,0.2073217726396917,0.5429591018098996,0.9307958477508651,0.15512235586893405,269,2037,20,374,False
0.37386345863342285,0.23664520638577072,0.20724191063174113,0.5427517189811978,0.9307958477508651,0.1547075902115305,269,2038,20,373,False
0.37384235858917236,0.23629600333324588,0.2071621101270697,0.542544336152496,0.9307958477508651,0.1542928245541269,269,2039,20,372,False
0.37377864122390747,0.23594661022397398,0.20708237105465743,0.5423369533237943,0.9307958477508651,0.15387805889672335,269,2040,20,371,False
0.3737475275993347,0.23524725274725275,0.20692307692307693,0.5419221876663907,0.9307958477508651,0.15304852758191623,269,2042,20,369,False
0.3737064599990845,0.23489728783512648,0.20684352172241446,0.5417148048376889,0.9307958477508651,0.15263376192451264,269,2043,20,368,False
0.37319833040237427,0.23454713177689784,0.20676402767102228,0.541507422008987,0.9307958477508651,0.15221899626710908,269,2044,20,367,False
0.373147189617157,0.23419678429951635,0.2066845946984249,0.5413000391802854,0.9307958477508651,0.15180423060970552,269,2045,20,366,False
0.3728780150413513,0.23458792349834853,0.2073732718894009,0.5430301429865136,0.9342560553633218,0.15180423060970552,270,2045,19,366,False
0.37275171279907227,0.2342371729061012,0.2072936660268714,0.5428227601578118,0.9342560553633218,0.15138946495230196,270,2046,19,365,False
0.3727198839187622,0.2346278699394767,0.20798158096699923,0.5445528639640402,0.9377162629757786,0.15138946495230196,271,2046,18,365,False
0.3726377487182617,0.23427671595559668,0.2079018028385117,0.5443454811353385,0.9377162629757786,0.15097469929489837,271,2047,18,364,False
0.3721975088119507,0.23392536959234972,0.20782208588957055,0.5441380983066367,0.9377162629757786,0.1505599336374948,271,2048,18,363,False
0.3721081018447876,0.23357383057489584,0.2077424300498275,0.5439307154779349,0.9377162629757786,0.15014516798009125,271,2049,18,362,False
0.37203657627105713,0.232870173476558,0.2075833014170816,0.5435159498205313,0.9377162629757786,0.1493156366652841,271,2051,18,360,False
0.37198030948638916,0.2325180548445427,0.20750382848392038,0.5433085669918296,0.9377162629757786,0.14890087100788055,271,2052,18,359,False
0.37187886238098145,0.23216574245605623,0.20742441637964026,0.5431011841631278,0.9377162629757786,0.148486105350477,271,2053,18,358,False
0.37175554037094116,0.23181323603480292,0.20734506503442998,0.542893801334426,0.9377162629757786,0.1480713396930734,271,2054,18,357,False
0.3717392086982727,0.2314605353041938,0.2072657743785851,0.5426864185057242,0.9377162629757786,0.14765657403566984,271,2055,18,356,False
0.3715825080871582,0.23075454980708107,0.20710737485670616,0.5422716528483207,0.9377162629757786,0.14682704272086272,271,2057,18,354,False
0.3715687394142151,0.2304012644859264,0.20702826585179526,0.5420642700196189,0.9377162629757786,0.14641227706345913,271,2058,18,353,False
0.37150537967681885,0.23004778374611223,0.2069492172584956,0.5418568871909171,0.9377162629757786,0.14599751140605557,271,2059,18,352,False
0.37143152952194214,0.22969410730957218,0.20687022900763358,0.5416495043622153,0.9377162629757786,0.14558274574865201,271,2060,18,351,False
0.3714216351509094,0.22898616623255952,0.20671243325705568,0.5412347387048118,0.9377162629757786,0.14475321443384487,271,2062,18,349,False
0.37106508016586304,0.22863190103446274,0.20663362561951965,0.54102735587611,0.9377162629757786,0.1443384487764413,271,2063,18,348,False
0.3707273006439209,0.22827743902439024,0.20655487804878048,0.5408199730474081,0.9377162629757786,0.14392368311903775,271,2064,18,347,False
0.37032854557037354,0.22756792344976828,0.2063975628332064,0.5404052073900046,0.9377162629757786,0.1430941518042306,271,2066,18,345,False
0.37009763717651367,0.22721286932518986,0.20631899505138943,0.5401978245613028,0.9377162629757786,0.14267938614682704,271,2067,18,344,False
0.3700343370437622,0.22042891230566303,0.20483749055177627,0.5362575508159689,0.9377162629757786,0.13479883865615927,271,2086,18,325,False
0.3699250817298889,0.22006984584320627,0.20476010578012846,0.5360501679872671,0.9377162629757786,0.1343840729987557,271,2087,18,324,False
0.36965274810791016,0.21971057577460829,0.20468277945619334,0.5358427851585653,0.9377162629757786,0.13396930734135212,271,2088,18,323,False
0.36957234144210815,0.21935110181286904,0.2046055115137788,0.5356354023298636,0.9377162629757786,0.13355454168394856,271,2089,18,322,False
0.36949992179870605,0.21899142367066893,0.20452830188679244,0.5354280195011618,0.9377162629757786,0.133139776026545,271,2090,18,321,False
0.36938053369522095,0.21863154106036842,0.20445115050924179,0.53522063667246,0.9377162629757786,0.13272501036914144,271,2091,18,320,False
0.36934417486190796,0.218271453694007,0.20437405731523378,0.5350132538437582,0.9377162629757786,0.13231024471173786,271,2092,18,319,False
0.36912786960601807,0.21791116128330246,0.20429702223897475,0.5348058710150565,0.9377162629757786,0.1318954790543343,271,2093,18,318,False
0.36895573139190674,0.2175506635396502,0.20422004521477016,0.5345984881863547,0.9377162629757786,0.13148071339693074,271,2094,18,317,False
0.3689243197441101,0.21793090673335186,0.20489642184557438,0.536328591992583,0.9411764705882353,0.13148071339693074,272,2094,17,317,False
0.3687719702720642,0.21756998840844427,0.20481927710843373,0.5361212091638812,0.9411764705882353,0.13106594773952718,272,2095,17,316,False
0.3687514066696167,0.21720886408637802,0.20474219044034625,0.5359138263351795,0.9411764705882353,0.1306511820821236,272,2096,17,315,False
0.3685916066169739,0.21684753347723645,0.20466516177577126,0.5357064435064777,0.9411764705882353,0.13023641642472003,272,2097,17,314,False
0.36830317974090576,0.21648599629077708,0.20458819104926665,0.5354990606777759,0.9411764705882353,0.12982165076731647,272,2098,17,313,False
0.3682207465171814,0.2161242522364305,0.20451127819548873,0.535291677849074,0.9411764705882353,0.1294068851099129,272,2099,17,312,False
0.36806368827819824,0.2157623010232999,0.20443442314919202,0.5350842950203722,0.9411764705882353,0.12899211945250932,272,2100,17,311,False
0.3680441975593567,0.21540014236016022,0.20435762584522915,0.5348769121916706,0.9411764705882353,0.12857735379510576,272,2101,17,310,False
0.36761248111724854,0.2150377759554572,0.2042808862185505,0.5346695293629687,0.9411764705882353,0.1281625881377022,272,2102,17,309,False
0.3675345778465271,0.2146752015173068,0.2042042042042042,0.5344621465342669,0.9411764705882353,0.12774782248029865,272,2103,17,308,False
0.3674468994140625,0.21431241875349424,0.20412757973733583,0.5342547637055651,0.9411764705882353,0.12733305682289506,272,2104,17,307,False
0.3673284649848938,0.21394942737147343,0.2040510127531883,0.5340473808768634,0.9411764705882353,0.1269182911654915,272,2105,17,306,False
0.36731457710266113,0.21322281758096062,0.20389805097451275,0.5336326152194598,0.9411764705882353,0.12608875985068435,272,2107,17,304,False
0.36729896068573,0.21285919858571206,0.20382165605095542,0.533425232390758,0.9411764705882353,0.1256739941932808,272,2108,17,303,False
0.3672689199447632,0.21249536979874056,0.20374531835205992,0.5332178495620563,0.9411764705882353,0.12525922853587723,272,2109,17,302,False
0.3671337366104126,0.21213133092583109,0.20366903781355297,0.5330104667333545,0.9411764705882353,0.12484446287847366,272,2110,17,301,False
0.3669607639312744,0.21176708167243224,0.20359281437125748,0.5328030839046527,0.9411764705882353,0.1244296972210701,272,2111,17,300,False
0.36695635318756104,0.21140262174365584,0.2035166479610924,0.5325957010759509,0.9411764705882353,0.12401493156366653,272,2112,17,299,False
0.36670851707458496,0.21103795084427582,0.20344053851907254,0.5323883182472491,0.9411764705882353,0.12360016590626297,272,2113,17,298,False
0.366349458694458,0.2106730686787276,0.2033644859813084,0.5321809354185474,0.9411764705882353,0.12318540024885939,272,2114,17,297,False
0.3661796450614929,0.21030797495110726,0.20328849028400597,0.5319735525898456,0.9411764705882353,0.12277063459145583,272,2115,17,296,False
0.36598026752471924,0.20994266936517064,0.20321255136346655,0.5317661697611438,0.9411764705882353,0.12235586893405226,272,2116,17,295,False
0.36594873666763306,0.20957715162433282,0.20313666915608664,0.531558786932442,0.9411764705882353,0.1219411032766487,272,2117,17,294,False
0.36565303802490234,0.20921142143166688,0.2030608435983576,0.5313514041037402,0.9411764705882353,0.12152633761924513,272,2118,17,293,False
0.3655738830566406,0.20222178448383238,0.2016308376575241,0.5274111303584064,0.9411764705882353,0.11364579012857735,272,2137,17,274,False
0.3655042052268982,0.20185174236649414,0.20155613190070396,0.5272037475297046,0.9411764705882353,0.11323102447117378,272,2138,17,273,False
0.3654242157936096,0.20148148148148148,0.20148148148148148,0.5269963647010028,0.9411764705882353,0.11281625881377022,272,2139,17,272,False
0.3652568459510803,0.20185174236649414,0.20214735283228433,0.5287264685072312,0.9446366782006921,0.11281625881377022,273,2139,16,272,False
0.3650861978530884,0.20222178448383238,0.20281273131014063,0.5304565723134596,0.9480968858131488,0.11281625881377022,274,2139,15,272,False
0.3650525212287903,0.2018508664825512,0.20273769885312615,0.5302491894847577,0.9480968858131488,0.11240149315636665,274,2140,15,271,False
0.36482006311416626,0.20147972889926782,0.20266272189349113,0.5300418066560559,0.9480968858131488,0.11198672749896309,274,2141,15,270,False
0.3644542098045349,0.20110837142788557,0.20258780036968577,0.5298344238273541,0.9480968858131488,0.11157196184155951,274,2142,15,269,False
0.36415332555770874,0.2007367937619445,0.2025129342202513,0.5296270409986523,0.9480968858131488,0.11115719618415595,274,2143,15,268,False
0.3639029860496521,0.19999297661872478,0.20236336779911374,0.5292122753412488,0.9480968858131488,0.11032766486934882,274,2145,15,266,False
0.3638070225715637,0.19962073652670215,0.20228866740494647,0.529004892512547,0.9480968858131488,0.10991289921194525,274,2146,15,265,False
0.3632328510284424,0.19887559176222266,0.20213943194393214,0.5285901268551434,0.9480968858131488,0.10908336789713811,274,2148,15,263,False
0.3629649877548218,0.1985026864728192,0.20206489675516223,0.5283827440264417,0.9480968858131488,0.10866860223973455,274,2149,15,262,False
0.362850546836853,0.19887031674671196,0.2027276078142278,0.5301128478326701,0.9515570934256056,0.10866860223973455,275,2149,14,262,False
0.36280572414398193,0.19849696919148993,0.20265291083271925,0.5299054650039683,0.9515570934256056,0.10825383658233098,275,2150,14,261,False
0.36245352029800415,0.1981233988703355,0.20257826887661143,0.5296980821752665,0.9515570934256056,0.10783907092492742,275,2151,14,260,False
0.36238229274749756,0.19774960547311402,0.2025036818851252,0.5294906993465647,0.9515570934256056,0.10742430526752385,275,2152,14,259,False
0.3622930645942688,0.19737558868931843,0.20242914979757085,0.529283316517863,0.9515570934256056,0.10700953961012029,275,2153,14,258,False
0.3621702790260315,0.1970013482080685,0.20235467255334805,0.5290759336891612,0.9515570934256056,0.10659477395271671,275,2154,14,257,False
0.3620942234992981,0.19662688371811005,0.20228025009194556,0.5288685508604594,0.9515570934256056,0.10618000829531314,275,2155,14,256,False
0.3619135022163391,0.19625219490781387,0.20220588235294118,0.5286611680317576,0.9515570934256056,0.10576524263790958,275,2156,14,255,False
0.36184507608413696,0.19587728146517508,0.20213156927600148,0.5284537852030557,0.9515570934256056,0.10535047698050601,275,2157,14,254,False
0.3617513179779053,0.18871082816530377,0.20072992700729927,0.524513511457722,0.9515570934256056,0.09746992948983824,275,2176,14,235,False
0.36150622367858887,0.18943349254881428,0.20204230488694383,0.5279737190701786,0.9584775086505191,0.09746992948983824,277,2176,12,235,False
0.3611099123954773,0.18905357476814078,0.2019686474662778,0.5277663362414768,0.9584775086505191,0.09705516383243468,277,2177,12,234,False
0.3610677123069763,0.18867342548034705,0.2018950437317784,0.527558953412775,0.9584775086505191,0.0966403981750311,277,2178,12,233,False
0.3608286380767822,0.18903399092340467,0.20255009107468125,0.5292890572190034,0.9619377162629758,0.0966403981750311,278,2178,11,233,False
0.36076003313064575,0.1886533869090123,0.202476329206118,0.5290816743903016,0.9619377162629758,0.09622563251762754,278,2179,11,232,False
0.36044788360595703,0.18827255062610881,0.2024026210411358,0.5288742915615998,0.9619377162629758,0.09581086686022397,278,2180,11,231,False
0.36043351888656616,0.1878914817522575,0.20232896652110627,0.5286669087328981,0.9619377162629758,0.09539610120282041,278,2181,11,230,False
0.36031341552734375,0.1875101799646221,0.20225536558748636,0.5284595259041963,0.9619377162629758,0.09498133554541684,278,2182,11,229,False
0.3602273464202881,0.1871286449399657,0.20218181818181818,0.5282521430754945,0.9619377162629758,0.09456656988801328,278,2183,11,228,False
0.3602176308631897,0.18674687635464998,0.20210832424572883,0.5280447602467927,0.9619377162629758,0.0941518042306097,278,2184,11,227,False
0.35902029275894165,0.1863648738846343,0.20203488372093023,0.5278373774180909,0.9619377162629758,0.09373703857320614,278,2185,11,226,False
0.35901862382888794,0.18708224030352882,0.20334059549745825,0.5312975850305477,0.9688581314878892,0.09373703857320614,280,2185,9,226,False
0.3590167760848999,0.18669955640028957,0.20326678765880218,0.5310902022018459,0.9688581314878892,0.09332227291580257,280,2186,9,225,False
0.3589239716529846,0.18631663771960064,0.20319303338171263,0.5308828193731441,0.9688581314878892,0.09290750725839901,280,2187,9,224,False
0.35875850915908813,0.18593348393543296,0.20311933260790715,0.5306754365444424,0.9688581314878892,0.09249274160099544,280,2188,9,223,False
0.3585914373397827,0.18555009472135015,0.20304568527918782,0.5304680537157406,0.9688581314878892,0.09207797594359186,280,2189,9,222,False
0.3583831191062927,0.18516646975050777,0.2029720913374411,0.5302606708870388,0.9688581314878892,0.0916632102861883,280,2190,9,221,False
0.35822170972824097,0.18439851122911982,0.2028250633828323,0.5298459052296352,0.9688581314878892,0.09083367897138117,280,2192,9,219,False
0.3580828309059143,0.18401417702283618,0.20275162925416365,0.5296385224009335,0.9688581314878892,0.0904189133139776,280,2193,9,218,False
0.3580285906791687,0.18362960574831483,0.20267824828085415,0.5294311395722316,0.9688581314878892,0.09000414765657404,280,2194,9,217,False
0.3577538728713989,0.18324479707665653,0.20260492040520983,0.5292237567435298,0.9688581314878892,0.08958938199917046,280,2195,9,216,False
0.3567963242530823,0.18285975067854826,0.20253164556962025,0.529016373914828,0.9688581314878892,0.0891746163417669,280,2196,9,215,False
0.3566024899482727,0.1824744662242624,0.2024584237165582,0.5288089910861263,0.9688581314878892,0.08875985068436333,280,2197,9,214,False
0.3555663824081421,0.18208894338365558,0.2023852547885797,0.5286016082574245,0.9688581314878892,0.08834508502695977,280,2198,9,213,False
0.355562686920166,0.18170318182616793,0.2023121387283237,0.5283942254287227,0.9688581314878892,0.0879303193695562,280,2199,9,212,False
0.35553884506225586,0.181317181220822,0.2022390754785121,0.5281868426000209,0.9688581314878892,0.08751555371215264,280,2200,9,211,False
0.35548388957977295,0.1816721802034289,0.20288808664259927,0.5299169464062493,0.972318339100346,0.08751555371215264,281,2200,8,211,False
0.3554304242134094,0.18089900966613295,0.20274170274170275,0.5295021807488458,0.972318339100346,0.0866860223973455,281,2202,8,209,False
0.3552027940750122,0.1805120643059927,0.2026685899747566,0.529294797920144,0.972318339100346,0.08627125673994193,281,2203,8,208,False
0.35514724254608154,0.17973745173745176,0.20252252252252254,0.5288800322627404,0.972318339100346,0.0854417254251348,281,2205,8,206,False
0.35499095916748047,0.17934978386167147,0.20244956772334294,0.5286726494340386,0.972318339100346,0.08502695976773122,281,2206,8,205,False
0.3549323081970215,0.17896187447925754,0.20237666546633057,0.5284652666053369,0.972318339100346,0.08461219411032767,281,2207,8,204,False
0.35470908880233765,0.17857372325545764,0.20230381569474443,0.5282578837766351,0.972318339100346,0.08419742845292409,281,2208,8,203,False
0.3543855547904968,0.17818532985509267,0.20223101835192514,0.5280505009479333,0.972318339100346,0.08378266279552053,281,2209,8,202,False
0.3541696071624756,0.17779669394255587,0.20215827338129497,0.5278431181192315,0.972318339100346,0.08336789713811696,281,2210,8,201,False
0.3540208339691162,0.17740781518181178,0.20208558072635743,0.5276357352905298,0.972318339100346,0.0829531314807134,281,2211,8,200,False
0.3537536859512329,0.17701869323639527,0.20201294033069733,0.527428352461828,0.972318339100346,0.08253836582330983,281,2212,8,199,False
0.35340768098831177,0.17662932776941062,0.2019403521379806,0.5272209696331261,0.972318339100346,0.08212360016590627,281,2213,8,198,False
0.3533477783203125,0.17584986492099508,0.20179533213644524,0.5268062039757226,0.972318339100346,0.08129406885109913,281,2215,8,196,False
0.35303789377212524,0.1762012598790213,0.2024407753050969,0.5285363077819509,0.9757785467128027,0.08129406885109913,282,2215,7,196,False
0.3527926802635193,0.17581093456292274,0.2023681377825619,0.5283289249532491,0.9757785467128027,0.08087930319369556,282,2216,7,195,False
0.35252463817596436,0.17542036423877436,0.20229555236728838,0.5281215421245473,0.9757785467128027,0.080464537536292,282,2217,7,194,False
0.3522435426712036,0.17502954856710562,0.20222301900322695,0.5279141592958456,0.9757785467128027,0.08004977187888843,282,2218,7,193,False
0.35217851400375366,0.1753800519095291,0.2028673835125448,0.529644263102074,0.9792387543252595,0.08004977187888843,283,2218,6,193,False
0.35193389654159546,0.17498876295556037,0.20279469724113222,0.5294368802733722,0.9792387543252595,0.07963500622148487,283,2219,6,192,False
0.3518902063369751,0.17459722783764303,0.2027220630372493,0.5292294974446704,0.9792387543252595,0.07922024056408129,283,2220,6,191,False
0.35133832693099976,0.17420544621458298,0.20264948084496956,0.5290221146159686,0.9792387543252595,0.07880547490667773,283,2221,6,190,False
0.3508373498916626,0.1738134177447452,0.20257695060844666,0.5288147317872669,0.9792387543252595,0.07839070924927416,283,2222,6,189,False
0.3502565026283264,0.17342114208605303,0.20250447227191412,0.5286073489585651,0.9792387543252595,0.07797594359187059,283,2223,6,188,False
0.35023993253707886,0.16592048046146463,0.20113717128642503,0.5246670752132312,0.9792387543252595,0.07009539610120281,283,2242,6,169,False
0.3502298593521118,0.15832807480318153,0.19978821037769148,0.5207268014678973,0.9792387543252595,0.06221484861053505,283,2261,6,150,False
0.35012876987457275,0.15792588713709654,0.19971771347918138,0.5205194186391955,0.9792387543252595,0.06180008295313148,283,2262,6,149,False
0.34994518756866455,0.1575234382251926,0.19964726631393298,0.5203120358104937,0.9792387543252595,0.061385317295727916,283,2263,6,148,False
0.34994012117385864,0.1571207277064002,0.1995768688293371,0.520104652981792,0.9792387543252595,0.06097055163832435,283,2264,6,147,False
0.3495712876319885,0.1567177552191644,0.19950652097285865,0.5198972701530902,0.9792387543252595,0.06055578598092078,283,2265,6,146,False
0.3493492603302002,0.15631452040144378,0.19943622269203665,0.5196898873243884,0.9792387543252595,0.06014102032351721,283,2266,6,145,False
0.3491453528404236,0.15591102289070938,0.19936597393448396,0.5194825044956866,0.9792387543252595,0.05972625466611364,283,2267,6,144,False
0.34908199310302734,0.15550726232394368,0.19929577464788734,0.5192751216669848,0.9792387543252595,0.059311489008710076,283,2268,6,143,False
0.3490694761276245,0.1551032383376393,0.19922562478000705,0.519067738838283,0.9792387543252595,0.05889672335130651,283,2269,6,142,False
0.3490617871284485,0.15469895056779823,0.199155524278677,0.5188603560095812,0.9792387543252595,0.05848195769390294,283,2270,6,141,False
0.3488399386405945,0.1542943986499304,0.19908547309180444,0.5186529731808794,0.9792387543252595,0.05806719203649938,283,2271,6,140,False
0.3483729362487793,0.15388958221905272,0.1990154711673699,0.5184455903521776,0.9792387543252595,0.05765242637909581,283,2272,6,139,False
0.34833019971847534,0.1534845009096881,0.19894551845342706,0.5182382075234759,0.9792387543252595,0.05723766072169224,283,2273,6,138,False
0.3481941819190979,0.15307915435586414,0.1988756148981026,0.5180308246947741,0.9792387543252595,0.05682289506428868,283,2274,6,137,False
0.3481029272079468,0.15267354219111218,0.19880576044959605,0.5178234418660723,0.9792387543252595,0.05640812940688511,283,2275,6,136,False
0.3478655219078064,0.14491595391303536,0.19748778785764132,0.5138831681207384,0.9792387543252595,0.04852758191621734,283,2294,6,117,False
0.3474990725517273,0.14409367625770886,0.19735006973500696,0.5134684024633349,0.9792387543252595,0.047698050601410205,283,2296,6,115,False
0.34722959995269775,0.14368212691726806,0.1972812826768909,0.5132610196346331,0.9792387543252595,0.04728328494400664,283,2297,6,114,False
0.34657883644104004,0.14401399237030202,0.19790940766550522,0.5149911234408614,0.9826989619377162,0.04728328494400664,284,2297,5,114,False
0.34619975090026855,0.14360192921979645,0.19784047370254268,0.5147837406121596,0.9826989619377162,0.04686851928660307,284,2298,5,113,False
0.3460840582847595,0.14318959134022075,0.1977715877437326,0.5145763577834579,0.9826989619377162,0.046453753629199505,284,2299,5,112,False
0.34557437896728516,0.1427769783518646,0.19770274973894883,0.5143689749547561,0.9826989619377162,0.04603898797179593,284,2300,5,111,False
0.34548628330230713,0.14236408987449112,0.19763395963813501,0.5141615921260543,0.9826989619377162,0.045624222314392365,284,2301,5,110,False
0.34508633613586426,0.13446635628329168,0.19633598340822675,0.5102213183807204,0.9826989619377162,0.03774367482372459,284,2320,5,91,False
0.34391462802886963,0.13404787735419788,0.1962681409813407,0.5100139355520186,0.9826989619377162,0.03732890916632103,284,2321,5,90,False
0.34357190132141113,0.13362911482734013,0.19620034542314335,0.5098065527233169,0.9826989619377162,0.03691414350891746,284,2322,5,89,False
0.34356582164764404,0.13321006831059257,0.19613259668508287,0.5095991698946151,0.9826989619377162,0.036499377851513894,284,2323,5,88,False
0.3435171842575073,0.13279073741127492,0.1960648947186745,0.5093917870659133,0.9826989619377162,0.03608461219411033,284,2324,5,87,False
0.3434341549873352,0.13195122089142958,0.19592963090720938,0.5089770214085098,0.9826989619377162,0.035255080879303194,284,2326,5,85,False
0.34316104650497437,0.13153103448275863,0.19586206896551725,0.508769638579808,0.9826989619377162,0.03484031522189963,284,2327,5,84,False
0.34309619665145874,0.1311105621152287,0.19579455360220613,0.5085622557511061,0.9826989619377162,0.03442554956449606,284,2328,5,83,False
0.34131860733032227,0.1306898033933694,0.19572708476912473,0.5083548729224043,0.9826989619377162,0.034010783907092494,284,2329,5,82,False
0.3412604331970215,0.1302687579211485,0.19565966241818808,0.5081474900937025,0.9826989619377162,0.03359601824968893,284,2330,5,81,False
0.34124690294265747,0.12984742530197074,0.19559228650137742,0.5079401072650008,0.9826989619377162,0.03318125259228536,284,2331,5,80,False
0.34072017669677734,0.12942580513867666,0.1955249569707401,0.507732724436299,0.9826989619377162,0.032766486934881794,284,2332,5,79,False
0.3398641347885132,0.12974897496593338,0.1961459050240881,0.5094628282425274,0.986159169550173,0.032766486934881794,285,2332,4,79,False
0.3397181034088135,0.12932682098110002,0.19607843137254902,0.5092554454138256,0.986159169550173,0.03235172127747823,285,2333,4,78,False
0.33954089879989624,0.12890437846776812,0.19601100412654746,0.5090480625851238,0.986159169550173,0.03193695562007466,285,2334,4,77,False
0.33933883905410767,0.12848164702658,0.1959436232382262,0.508840679756422,0.986159169550173,0.03152218996267109,285,2335,4,76,False
0.338858962059021,0.12805862625760775,0.1958762886597938,0.5086332969277203,0.986159169550173,0.031107424305267525,285,2336,4,75,False
0.33864545822143555,0.12763531576035209,0.19580900034352455,0.5084259140990185,0.986159169550173,0.030692658647863958,285,2337,4,74,False
0.3385358452796936,0.12678782397612798,0.1956745623069001,0.5080111484416149,0.986159169550173,0.02986312733305682,285,2339,4,72,False
0.3383222818374634,0.126363641885292,0.19560741249142072,0.5078037656129132,0.986159169550173,0.029448361675653255,285,2340,4,71,False
0.33831679821014404,0.125939168458435,0.1955403087478559,0.5075963827842114,0.986159169550173,0.02903359601824969,285,2341,4,70,False
0.33781862258911133,0.12551440329218105,0.19547325102880658,0.5073889999555096,0.986159169550173,0.02861883036084612,285,2342,4,69,False
0.3376919627189636,0.12508934598257523,0.19540623928693865,0.5071816171268078,0.986159169550173,0.028204064703442555,285,2343,4,68,False
0.33766043186187744,0.12466399612508208,0.19533927347498287,0.506974234298106,0.986159169550173,0.02778929904603899,285,2344,4,67,False
0.33728456497192383,0.12423835331458447,0.19527235354573483,0.5067668514694043,0.986159169550173,0.027374533388635422,285,2345,4,66,False
0.3367840051651001,0.12381241714538224,0.1952054794520548,0.5065594686407024,0.986159169550173,0.026959767731231855,285,2346,4,65,False
0.3358651399612427,0.12338618721119092,0.19513865114686751,0.5063520858120006,0.986159169550173,0.026545002073828285,285,2347,4,64,False
0.33577239513397217,0.12295966310514043,0.19507186858316222,0.5061447029832988,0.986159169550173,0.02613023641642472,285,2348,4,63,False
0.33569765090942383,0.12253284441977379,0.19500513171399247,0.5059373201545971,0.986159169550173,0.025715470759021152,285,2349,4,62,False
0.33566874265670776,0.12210573074704578,0.19493844049247605,0.5057299373258953,0.986159169550173,0.025300705101617586,285,2350,4,61,False
0.3351154327392578,0.12167832167832168,0.19487179487179487,0.5055225544971935,0.986159169550173,0.02488593944421402,285,2351,4,60,False
0.3341270685195923,0.1212506168043759,0.19480519480519481,0.5053151716684917,0.986159169550173,0.024471173786810452,285,2352,4,59,False
0.3302146792411804,0.12082261571539071,0.19473864024598564,0.5051077888397899,0.986159169550173,0.024056408129406886,285,2353,4,58,False
0.32994943857192993,0.12114037879993633,0.1953551912568306,0.5068378926460183,0.9896193771626297,0.024056408129406886,286,2353,3,58,False
0.3297584652900696,0.12071183115743858,0.19528849436667806,0.5066305098173165,0.9896193771626297,0.02364164247200332,286,2354,3,57,False
0.3295179009437561,0.12028298627903442,0.19522184300341297,0.5064231269886147,0.9896193771626297,0.023226876814599753,286,2355,3,56,False
0.3273162841796875,0.11985384375260393,0.1951552371204367,0.506215744159913,0.9896193771626297,0.022812111157196183,286,2356,3,55,False
0.3273068070411682,0.11942440316542881,0.19508867667121418,0.5060083613312112,0.9896193771626297,0.022397345499792616,286,2357,3,54,False
0.3272463083267212,0.118994664104191,0.19502216160927377,0.5058009785025094,0.9896193771626297,0.02198257984238905,286,2358,3,53,False
0.32621312141418457,0.1185646261549714,0.19495569188820722,0.5055935956738076,0.9896193771626297,0.021567814184985483,286,2359,3,52,False
0.32605618238449097,0.11813428890324855,0.1948892674616695,0.5053862128451058,0.9896193771626297,0.021153048527581916,286,2360,3,51,False
0.3251911401748657,0.11770365193389716,0.19482288828337874,0.5051788300164041,0.9896193771626297,0.02073828287017835,286,2361,3,50,False
0.3244704604148865,0.11727271483118697,0.1947565543071161,0.5049714471877023,0.9896193771626297,0.020323517212774783,286,2362,3,49,False
0.3243148922920227,0.11684147717878118,0.19469026548672566,0.5047640643590005,0.9896193771626297,0.019908751555371217,286,2363,3,48,False
0.32385510206222534,0.10859029913132025,0.19343929658437606,0.5008237906136666,0.9896193771626297,0.012028204064703443,286,2382,3,29,False
0.3235548138618469,0.10815296210833736,0.1933739012846518,0.5006164077849647,0.9896193771626297,0.011613438407299876,286,2383,3,28,False
0.3235211968421936,0.10771531565008552,0.19330855018587362,0.500409024956263,0.9896193771626297,0.011198672749896308,286,2384,3,27,False
0.3230397701263428,0.10727735932653965,0.19324324324324324,0.5002016421275612,0.9896193771626297,0.010783907092492741,286,2385,3,26,False
0.32178550958633423,0.1068390927070365,0.19317798041202297,0.49999425929885943,0.9896193771626297,0.010369141435089175,286,2386,3,25,False
0.32154977321624756,0.10640051536027305,0.19311276164753544,0.4997868764701577,0.9896193771626297,0.009954375777685608,286,2387,3,24,False
0.3204287886619568,0.10596162685430527,0.1930475869051637,0.4995794936414559,0.9896193771626297,0.00953961012028204,286,2388,3,23,False
0.3186870813369751,0.10552242675654654,0.19298245614035087,0.49937211081275407,0.9896193771626297,0.009124844462878473,286,2389,3,22,False
0.31737184524536133,0.10583086037999799,0.19359190556492412,0.5011022146189825,0.9930795847750865,0.009124844462878473,287,2389,2,22,False
0.31711506843566895,0.10539109081227896,0.1935266351989211,0.5008948317902807,0.9930795847750865,0.008710078805474907,287,2390,2,21,False
0.31674808263778687,0.10569906455598514,0.19413549039433772,0.502624935596509,0.9965397923875432,0.008710078805474907,288,2390,1,21,False
0.31556713581085205,0.10525872464179316,0.1940700808625337,0.5024175527678073,0.9965397923875432,0.00829531314807134,288,2391,1,20,False
0.31471991539001465,0.10556623848879114,0.19467834287638935,0.5041476565740357,1.0,0.00829531314807134,289,2391,0,20,False
0.31417757272720337,0.10512532734754958,0.19461279461279463,0.5039402737453339,1.0,0.007880547490667772,289,2392,0,19,False
0.31298595666885376,0.10424256265507173,0.19448183041722747,0.5035255080879303,1.0,0.007051016175860639,289,2394,0,17,False
0.31244564056396484,0.10380070822819466,0.19441641439623275,0.5033181252592286,1.0,0.006636250518457071,289,2395,0,16,False
0.3122820258140564,0.1033585384960396,0.19435104236718226,0.5031107424305268,1.0,0.006221484861053505,289,2396,0,15,False
0.31217795610427856,0.1029160530191458,0.19428571428571428,0.502903359601825,1.0,0.005806719203649938,289,2397,0,14,False
0.3114163279533386,0.1024732513573938,0.19422043010752688,0.5026959767731232,1.0,0.005391953546246371,289,2398,0,13,False
0.3108628988265991,0.10203013307000389,0.19415518978837756,0.5024885939444214,1.0,0.004977187888842804,289,2399,0,12,False
0.31041014194488525,0.10158669771553462,0.19408999328408327,0.5022812111157197,1.0,0.004562422231439237,289,2400,0,11,False
0.30773788690567017,0.10114294485188138,0.1940248405505203,0.5020738282870179,1.0,0.00414765657403567,289,2401,0,10,False
0.30764615535736084,0.1006988740362749,0.19395973154362417,0.501866445458316,1.0,0.0037328909166321027,289,2402,0,9,False
0.3059312701225281,0.10025448482527968,0.19389466621938947,0.5016590626296142,1.0,0.0033181252592285357,289,2403,0,8,False
0.3055310845375061,0.09980977677479268,0.1938296445338699,0.5014516798009124,1.0,0.002903359601824969,289,2404,0,7,False
0.3023044466972351,0.09936474944004163,0.193764666443178,0.5012442969722107,1.0,0.002488593944421402,289,2405,0,6,False
0.30116915702819824,0.09891940237558368,0.19369973190348524,0.5010369141435089,1.0,0.002073828287017835,289,2406,0,5,False
0.29705965518951416,0.09847373513530386,0.19363484087102178,0.5008295313148071,1.0,0.0016590626296142678,289,2407,0,4,False
0.29660964012145996,0.09802774727241349,0.19356999330207636,0.5006221484861053,1.0,0.001244296972210701,289,2408,0,3,False
0.295032799243927,0.09758143833944884,0.1935051891529963,0.5004147656574036,1.0,0.0008295313148071339,289,2409,0,2,False
0.2848907709121704,0.09713480788826949,0.1934404283801874,0.5002073828287018,1.0,0.00041476565740356696,289,2410,0,1,False
0.2769470810890198,0.09668785547005687,0.19337571094011374,0.5,1.0,0.0,289,2411,0,0,False
