patient,dataset,channel,soz,score_ez
sub-hupHUP140,hup,LA01-LA02,1,0.4020265936851501
sub-hupHUP140,hup,LA02-LA03,1,0.1092138290405273
sub-hupHUP140,hup,LA03-LA04,0,0.0287338495254516
sub-hupHUP140,hup,LA04-LA05,0,0.015847623348236
sub-hupHUP140,hup,LA05-LA06,0,0.3176334500312805
sub-hupHUP140,hup,LA06-LA07,0,0.0801893472671508
sub-hupHUP140,hup,LA07-LA08,0,0.0671201944351196
sub-hupHUP140,hup,LA08-LA09,0,0.4546491503715515
sub-hupHUP140,hup,LA09-LA10,0,0.1491114497184753
sub-hupHUP140,hup,LA10-LA11,0,0.0824221968650817
sub-hupHUP140,hup,LA11-LA12,0,0.0620118379592895
sub-hupHUP140,hup,LB01-LB02,1,0.5440713167190552
sub-hupHUP140,hup,LB02-LB03,1,0.4270833134651184
sub-hupHUP140,hup,LB03-LB04,0,0.023030400276184
sub-hupHUP140,hup,LB04-LB05,0,0.0386078357696533
sub-hupHUP140,hup,LB05-LB06,0,0.0226815342903137
sub-hupHUP140,hup,LB06-LB07,0,0.6891295909881592
sub-hupHUP140,hup,LB07-LB08,0,0.2796986699104309
sub-hupHUP140,hup,LB10-LB11,0,0.1043581962585449
sub-hupHUP140,hup,LB11-LB12,0,0.191912829875946
sub-hupHUP140,hup,LC01-LC02,0,0.6504037380218506
sub-hupHUP140,hup,LC02-LC03,0,0.0219435691833496
sub-hupHUP140,hup,LC03-LC04,0,0.0143131613731384
sub-hupHUP140,hup,LC04-LC05,0,0.0144184231758117
sub-hupHUP140,hup,LC05-LC06,0,0.0266822576522827
sub-hupHUP140,hup,LC06-LC07,0,0.0330109000205993
sub-hupHUP140,hup,LC07-LC08,0,0.0191341638565063
sub-hupHUP140,hup,LD01-LD02,0,0.0143066644668579
sub-hupHUP140,hup,LD02-LD03,0,0.0243434906005859
sub-hupHUP140,hup,LD03-LD04,0,0.0476622581481933
sub-hupHUP140,hup,LD04-LD05,0,0.438646137714386
sub-hupHUP140,hup,LD05-LD06,0,0.6033189296722412
sub-hupHUP140,hup,LE01-LE02,0,0.0211622714996337
sub-hupHUP140,hup,LE02-LE03,0,0.0079402923583984
sub-hupHUP140,hup,LE03-LE04,0,0.0094674825668334
sub-hupHUP140,hup,LE04-LE05,0,0.0151895880699157
sub-hupHUP140,hup,LE05-LE06,0,0.028836965560913
sub-hupHUP140,hup,LE06-LE07,0,0.209854245185852
sub-hupHUP140,hup,LE07-LE08,0,0.3075248599052429
sub-hupHUP140,hup,LF01-LF02,0,0.1087180972099304
sub-hupHUP140,hup,LF02-LF03,0,0.0208430290222167
sub-hupHUP140,hup,LF03-LF04,0,0.0299490094184875
sub-hupHUP140,hup,LF04-LF05,0,0.0164687633514404
sub-hupHUP140,hup,LF05-LF06,0,0.0260890126228332
sub-hupHUP140,hup,LF06-LF07,0,0.1749820113182068
sub-hupHUP140,hup,LF07-LF08,0,0.2158697843551635
sub-hupHUP140,hup,LG01-LG02,0,0.0274798274040222
sub-hupHUP140,hup,LG02-LG03,0,0.0137845277786254
sub-hupHUP140,hup,LG03-LG04,0,0.1379655599594116
sub-hupHUP140,hup,LG04-LG05,0,0.1379930973052978
sub-hupHUP140,hup,LG05-LG06,0,0.0138548612594604
sub-hupHUP140,hup,LG06-LG07,0,0.0177847743034362
sub-hupHUP140,hup,LG07-LG08,0,0.2703365683555603
sub-hupHUP140,hup,LH01-LH02,0,0.039754033088684
sub-hupHUP140,hup,LH04-LH05,0,0.0259259343147277
sub-hupHUP140,hup,LH05-LH06,0,0.0222999453544616
sub-hupHUP140,hup,LH06-LH07,0,0.0299001932144165
sub-hupHUP140,hup,LH07-LH08,0,0.0179710388183593
sub-hupHUP140,hup,RA01-RA02,0,0.3902019262313843
sub-hupHUP140,hup,RA02-RA03,0,0.4621765613555908
sub-hupHUP140,hup,RA03-RA04,0,0.4533582329750061
sub-hupHUP140,hup,RA04-RA05,0,0.3739172220230102
sub-hupHUP140,hup,RA05-RA06,0,0.0888993144035339
sub-hupHUP140,hup,RA06-RA07,0,0.1760191321372985
sub-hupHUP140,hup,RA07-RA08,0,0.0588052868843078
sub-hupHUP140,hup,RB02-RB03,0,0.0668264031410217
sub-hupHUP140,hup,RB03-RB04,0,0.1843129396438598
sub-hupHUP140,hup,RB04-RB05,0,0.0193555951118469
sub-hupHUP140,hup,RB05-RB06,0,0.0288067460060119
sub-hupHUP140,hup,RB06-RB07,0,0.2660917639732361
sub-hupHUP140,hup,RB07-RB08,0,0.1697685718536377
sub-hupHUP140,hup,RB08-RB09,0,0.2482015490531921
sub-hupHUP140,hup,RB11-RB12,0,0.0977033376693725
sub-hupHUP146,hup,LG1-LG2,0,0.053876519203186
sub-hupHUP146,hup,LG2-LG3,0,0.1454392075538635
sub-hupHUP146,hup,LG3-LG4,0,0.2018921971321106
sub-hupHUP146,hup,LG4-LG5,0,0.1182106733322143
sub-hupHUP146,hup,LG5-LG6,0,0.122139573097229
sub-hupHUP146,hup,LG6-LG7,0,0.237837016582489
sub-hupHUP146,hup,LG7-LG8,0,0.3098652958869934
sub-hupHUP146,hup,LH1-LH2,0,0.0154370665550231
sub-hupHUP146,hup,LH2-LH3,0,0.009022831916809
sub-hupHUP146,hup,LH3-LH4,0,0.0107366442680358
sub-hupHUP146,hup,LH4-LH5,0,0.0408179759979248
sub-hupHUP146,hup,LH5-LH6,0,0.2593209743499756
sub-hupHUP146,hup,LH6-LH7,0,0.3487356305122375
sub-hupHUP146,hup,LH7-LH8,0,0.3150382041931152
sub-hupHUP146,hup,RA1-RA2,1,0.4129313826560974
sub-hupHUP146,hup,RA10-RA11,0,0.016227900981903
sub-hupHUP146,hup,RA11-RA12,0,0.0282853841781616
sub-hupHUP146,hup,RA2-RA3,1,0.3058444261550903
sub-hupHUP146,hup,RA3-RA4,1,0.272745132446289
sub-hupHUP146,hup,RA4-RA5,1,0.3353100419044494
sub-hupHUP146,hup,RA5-RA6,1,0.0391011238098144
sub-hupHUP146,hup,RA6-RA7,0,0.0099195837974548
sub-hupHUP146,hup,RA7-RA8,0,0.0087395310401916
sub-hupHUP146,hup,RA8-RA9,0,0.0527694821357727
sub-hupHUP146,hup,RA9-RA10,0,0.2373862266540527
sub-hupHUP146,hup,RB1-RB2,1,0.2913748621940613
sub-hupHUP146,hup,RB10-RB11,0,0.041477084159851
sub-hupHUP146,hup,RB2-RB3,1,0.2823427319526672
sub-hupHUP146,hup,RB3-RB4,1,0.4781376719474792
sub-hupHUP146,hup,RB4-RB5,1,0.2578815817832947
sub-hupHUP146,hup,RB5-RB6,0,0.447370707988739
sub-hupHUP146,hup,RB6-RB7,0,0.0152946710586547
sub-hupHUP146,hup,RB7-RB8,0,0.0146582126617431
sub-hupHUP146,hup,RB8-RB9,0,0.1346380710601806
sub-hupHUP146,hup,RB9-RB10,0,0.1950833201408386
sub-hupHUP146,hup,RC1-RC2,0,0.0081691145896911
sub-hupHUP146,hup,RC2-RC3,0,0.0106673240661621
sub-hupHUP146,hup,RC3-RC4,0,0.0094170570373535
sub-hupHUP146,hup,RC4-RC5,0,0.0643706917762756
sub-hupHUP146,hup,RD1-RD2,0,0.0181105136871337
sub-hupHUP146,hup,RD2-RD3,0,0.0261375308036804
sub-hupHUP146,hup,RD3-RD4,0,0.0971268415451049
sub-hupHUP146,hup,RD4-RD5,0,0.0628515481948852
sub-hupHUP146,hup,RD5-RD6,0,0.1192923784255981
sub-hupHUP146,hup,RD6-RD7,0,0.3655282258987427
sub-hupHUP146,hup,RD7-RD8,0,0.3712344169616699
sub-hupHUP146,hup,RF1-RF2,1,0.0241901278495788
sub-hupHUP146,hup,RF10-RF11,0,0.0271942615509033
sub-hupHUP146,hup,RF11-RF12,0,0.0140191316604614
sub-hupHUP146,hup,RF2-RF3,1,0.119531512260437
sub-hupHUP146,hup,RF3-RF4,0,0.1317481994628906
sub-hupHUP146,hup,RF4-RF5,0,0.009025752544403
sub-hupHUP146,hup,RF5-RF6,0,0.0122180581092834
sub-hupHUP146,hup,RF6-RF7,0,0.0078309178352355
sub-hupHUP146,hup,RF7-RF8,0,0.1510714292526245
sub-hupHUP146,hup,RF8-RF9,0,0.134694218635559
sub-hupHUP146,hup,RF9-RF10,0,0.0188329815864563
sub-hupHUP146,hup,RG1-RG2,0,0.022543728351593
sub-hupHUP146,hup,RG2-RG3,0,0.0147379040718078
sub-hupHUP146,hup,RG3-RG4,0,0.00853031873703
sub-hupHUP146,hup,RG4-RG5,0,0.0085994601249694
sub-hupHUP146,hup,RG5-RG6,0,0.0077887773513793
sub-hupHUP146,hup,RG6-RG7,0,0.0158539414405822
sub-hupHUP146,hup,RG7-RG8,0,0.0195395350456237
sub-hupHUP146,hup,RH1-RH2,0,0.0141543745994567
sub-hupHUP146,hup,RH2-RH3,0,0.0159267783164978
sub-hupHUP146,hup,RH3-RH4,0,0.0138689279556274
sub-hupHUP146,hup,RH4-RH5,0,0.0279011130332946
sub-hupHUP146,hup,RH5-RH6,0,0.037002682685852
sub-hupHUP146,hup,RH6-RH7,0,0.2030909657478332
sub-hupHUP146,hup,RH7-RH8,0,0.1913112998008728
sub-hupHUP146,hup,RI1-RI2,0,0.2036106586456298
sub-hupHUP146,hup,RI10-RI11,0,0.1347900032997131
sub-hupHUP146,hup,RI2-RI3,0,0.1288881301879882
sub-hupHUP146,hup,RI3-RI4,0,0.0160121917724609
sub-hupHUP146,hup,RI4-RI5,0,0.0162727832794189
sub-hupHUP146,hup,RI5-RI6,0,0.0209911465644836
sub-hupHUP146,hup,RI6-RI7,0,0.0081176161766052
sub-hupHUP146,hup,RI7-RI8,0,0.0094413757324218
sub-hupHUP146,hup,RI8-RI9,0,0.0131733417510986
sub-hupHUP146,hup,RI9-RI10,0,0.018953263759613
sub-hupHUP146,hup,RJ1-RJ2,0,0.2787163257598877
sub-hupHUP146,hup,RJ2-RJ3,0,0.2791169285774231
sub-hupHUP146,hup,RJ3-RJ4,0,0.0236439704895019
sub-hupHUP146,hup,RJ4-RJ5,0,0.0751266479492187
sub-hupHUP146,hup,RK1-RK2,0,0.4105933904647827
sub-hupHUP146,hup,RK2-RK3,0,0.0625749826431274
sub-hupHUP146,hup,RK3-RK4,0,0.0418732166290283
sub-hupHUP163,hup,LA1-LA2,1,0.020780324935913
sub-hupHUP163,hup,LA2-LA3,1,0.0371075868606567
sub-hupHUP163,hup,LA3-LA4,1,0.0095534324645996
sub-hupHUP163,hup,LA4-LA5,0,0.0196343064308166
sub-hupHUP163,hup,LA5-LA6,0,0.0108048915863037
sub-hupHUP163,hup,LA6-LA7,0,0.0089666247367858
sub-hupHUP163,hup,LA7-LA8,0,0.0087488293647766
sub-hupHUP163,hup,LA8-LA9,0,0.0092623829841613
sub-hupHUP163,hup,LB1-LB2,1,0.4520051479339599
sub-hupHUP163,hup,LB10-LB11,0,0.3343545198440552
sub-hupHUP163,hup,LB11-LB12,0,0.4718375205993652
sub-hupHUP163,hup,LB2-LB3,1,0.496720552444458
sub-hupHUP163,hup,LB3-LB4,1,0.6515555381774902
sub-hupHUP163,hup,LB4-LB5,0,0.6343401670455933
sub-hupHUP163,hup,LB5-LB6,0,0.5973670482635498
sub-hupHUP163,hup,LB6-LB7,0,0.5320149660110474
sub-hupHUP163,hup,LB7-LB8,0,0.3984206318855285
sub-hupHUP163,hup,LB8-LB9,0,0.0149788260459899
sub-hupHUP163,hup,LB9-LB10,0,0.0188266634941101
sub-hupHUP163,hup,LC1-LC2,0,0.5023984909057617
sub-hupHUP163,hup,LC10-LC11,0,0.3683354258537292
sub-hupHUP163,hup,LC11-LC12,0,0.5424231290817261
sub-hupHUP163,hup,LC2-LC3,0,0.3422408699989319
sub-hupHUP163,hup,LC3-LC4,0,0.3378387689590454
sub-hupHUP163,hup,LC4-LC5,0,0.0125401020050048
sub-hupHUP163,hup,LC5-LC6,0,0.3912686109542846
sub-hupHUP163,hup,LC6-LC7,0,0.4609635472297668
sub-hupHUP163,hup,LC7-LC8,0,0.4129841327667236
sub-hupHUP163,hup,LC8-LC9,0,0.4509229660034179
sub-hupHUP163,hup,LC9-LC10,0,0.4508288502693176
sub-hupHUP163,hup,LD2-LD3,0,0.3240337967872619
sub-hupHUP163,hup,LD3-LD4,0,0.4067027568817138
sub-hupHUP163,hup,LD4-LD5,0,0.4253129363059997
sub-hupHUP163,hup,LD5-LD6,0,0.4830984473228454
sub-hupHUP163,hup,LD6-LD7,0,0.0255333185195922
sub-hupHUP163,hup,LD7-LD8,0,0.0096806287765502
sub-hupHUP163,hup,LE1-LE2,0,0.009141981601715
sub-hupHUP163,hup,LE10-LE11,0,0.1993964910507202
sub-hupHUP163,hup,LE11-LE12,0,0.1199216842651367
sub-hupHUP163,hup,LE2-LE3,0,0.0097417831420898
sub-hupHUP163,hup,LE3-LE4,0,0.009156584739685
sub-hupHUP163,hup,LE4-LE5,0,0.0078357458114624
sub-hupHUP163,hup,LE5-LE6,0,0.0114043354988098
sub-hupHUP163,hup,LE6-LE7,0,0.0065453648567199
sub-hupHUP163,hup,LE7-LE8,0,0.0067262649536132
sub-hupHUP163,hup,LE8-LE9,0,0.0066618919372558
sub-hupHUP163,hup,LE9-LE10,0,0.0184378027915954
sub-hupHUP163,hup,LF1-LF2,0,0.0169640183448791
sub-hupHUP163,hup,LF10-LF11,0,0.0186638236045837
sub-hupHUP163,hup,LF11-LF12,0,0.224095344543457
sub-hupHUP163,hup,LF2-LF3,0,0.0082136988639831
sub-hupHUP163,hup,LF3-LF4,0,0.2176234722137451
sub-hupHUP163,hup,LF4-LF5,0,0.2137471437454223
sub-hupHUP163,hup,LF5-LF6,0,0.0236403346061706
sub-hupHUP163,hup,LF6-LF7,0,0.0073205232620239
sub-hupHUP163,hup,LF7-LF8,0,0.0070316195487976
sub-hupHUP163,hup,LF8-LF9,0,0.0071212649345397
sub-hupHUP163,hup,LF9-LF10,0,0.0082179307937622
sub-hupHUP163,hup,LG1-LG2,0,0.2502697706222534
sub-hupHUP163,hup,LG10-LG11,0,0.1200631260871887
sub-hupHUP163,hup,LG2-LG3,0,0.0194242596626281
sub-hupHUP163,hup,LG3-LG4,0,0.0079149603843688
sub-hupHUP163,hup,LG4-LG5,0,0.0066604018211364
sub-hupHUP163,hup,LG5-LG6,0,0.0069974064826965
sub-hupHUP163,hup,LG6-LG7,0,0.007785141468048
sub-hupHUP163,hup,LG7-LG8,0,0.0067856311798095
sub-hupHUP163,hup,LG8-LG9,0,0.0052766799926757
sub-hupHUP163,hup,LG9-LG10,0,0.1274024248123169
sub-hupHUP163,hup,LH1-LH2,0,0.0168489217758178
sub-hupHUP163,hup,LH10-LH11,0,0.0074312090873718
sub-hupHUP163,hup,LH11-LH12,0,0.0067400336265563
sub-hupHUP163,hup,LH2-LH3,0,0.0112120509147644
sub-hupHUP163,hup,LH3-LH4,0,0.0099287033081054
sub-hupHUP163,hup,LH4-LH5,0,0.0085979104042053
sub-hupHUP163,hup,LH5-LH6,0,0.0123473405838012
sub-hupHUP163,hup,LH6-LH7,0,0.0103763937950134
sub-hupHUP163,hup,LH7-LH8,0,0.0091684460639953
sub-hupHUP163,hup,LH8-LH9,0,0.009926438331604
sub-hupHUP163,hup,LH9-LH10,0,0.006804347038269
sub-hupHUP163,hup,LI1-LI2,0,0.010834515094757
sub-hupHUP163,hup,LI10-LI11,0,0.0497748255729675
sub-hupHUP163,hup,LI11-LI12,0,0.2208495736122131
sub-hupHUP163,hup,LI2-LI3,0,0.0071195363998413
sub-hupHUP163,hup,LI3-LI4,0,0.007755696773529
sub-hupHUP163,hup,LI4-LI5,0,0.2439550161361694
sub-hupHUP163,hup,LI5-LI6,0,0.2152212858200073
sub-hupHUP163,hup,LI6-LI7,0,0.0100120902061462
sub-hupHUP163,hup,LI7-LI8,0,0.3102270364761352
sub-hupHUP163,hup,LI8-LI9,0,0.2126542925834655
sub-hupHUP163,hup,LI9-LI10,0,0.252632737159729
sub-hupHUP163,hup,LJ1-LJ2,0,0.0111572742462158
sub-hupHUP163,hup,LJ2-LJ3,0,0.1298336386680603
sub-hupHUP163,hup,LJ3-LJ4,0,0.0150305032730102
sub-hupHUP163,hup,LJ4-LJ5,0,0.0089254975318908
sub-hupHUP163,hup,LJ5-LJ6,0,0.0084169507026672
sub-hupHUP163,hup,LJ6-LJ7,0,0.0072658061981201
sub-hupHUP163,hup,LJ7-LJ8,0,0.0066190958023071
sub-hupHUP163,hup,LJ8-LJ9,0,0.0075119733810424
sub-hupHUP163,hup,LK1-LK2,0,0.0203424096107482
sub-hupHUP163,hup,LK10-LK11,0,0.1906684637069702
sub-hupHUP163,hup,LK11-LK12,0,0.3266339302062988
sub-hupHUP163,hup,LK2-LK3,0,0.006454050540924
sub-hupHUP163,hup,LK3-LK4,0,0.0076887607574462
sub-hupHUP163,hup,LK4-LK5,0,0.0099652409553527
sub-hupHUP163,hup,LK5-LK6,0,0.0082378387451171
sub-hupHUP163,hup,LK6-LK7,0,0.00665944814682
sub-hupHUP163,hup,LK7-LK8,0,0.006878912448883
sub-hupHUP163,hup,LK8-LK9,0,0.4492859244346618
sub-hupHUP163,hup,LK9-LK10,0,0.3417807221412658
sub-hupHUP163,hup,LL1-LL2,0,0.3218562602996826
sub-hupHUP163,hup,LL10-LL11,0,0.0076617002487182
sub-hupHUP163,hup,LL11-LL12,0,0.4752131104469299
sub-hupHUP163,hup,LL2-LL3,0,0.0785170197486877
sub-hupHUP163,hup,LL3-LL4,0,0.0148064494132995
sub-hupHUP163,hup,LL4-LL5,0,0.0077406764030456
sub-hupHUP163,hup,LL5-LL6,0,0.0092748999595642
sub-hupHUP163,hup,LL6-LL7,0,0.0087260603904724
sub-hupHUP163,hup,LL7-LL8,0,0.0104234218597412
sub-hupHUP163,hup,LL8-LL9,0,0.0093984603881835
sub-hupHUP163,hup,LL9-LL10,0,0.0231903195381164
sub-hupHUP163,hup,RB1-RB2,0,0.4720299839973449
sub-hupHUP163,hup,RB10-RB11,0,0.2847189307212829
sub-hupHUP163,hup,RB11-RB12,0,0.0348990559577941
sub-hupHUP163,hup,RB2-RB3,0,0.5461320877075195
sub-hupHUP163,hup,RB3-RB4,0,0.4897477030754089
sub-hupHUP163,hup,RB4-RB5,0,0.4358800649642944
sub-hupHUP163,hup,RB5-RB6,0,0.0144059062004089
sub-hupHUP163,hup,RB6-RB7,0,0.0101246237754821
sub-hupHUP163,hup,RB7-RB8,0,0.4374314546585083
sub-hupHUP163,hup,RB8-RB9,0,0.1025334596633911
sub-hupHUP163,hup,RB9-RB10,0,0.3294529914855957
sub-hupHUP163,hup,RE1-RE2,0,0.0092964172363281
sub-hupHUP163,hup,RE10-RE11,0,0.0127885937690734
sub-hupHUP163,hup,RE11-RE12,0,0.3835126161575317
sub-hupHUP163,hup,RE2-RE3,0,0.0082117915153503
sub-hupHUP163,hup,RE3-RE4,0,0.010816216468811
sub-hupHUP163,hup,RE4-RE5,0,0.0070976614952087
sub-hupHUP163,hup,RE5-RE6,0,0.0068323016166687
sub-hupHUP163,hup,RE6-RE7,0,0.0082111954689025
sub-hupHUP163,hup,RE7-RE8,0,0.0146443247795104
sub-hupHUP163,hup,RE8-RE9,0,0.0138489603996276
sub-hupHUP163,hup,RE9-RE10,0,0.0145541429519653
sub-hupHUP164,hup,LA1-LA2,1,0.0156740546226501
sub-hupHUP164,hup,LA10-LA11,0,0.5957327485084534
sub-hupHUP164,hup,LA11-LA12,0,0.2571038603782654
sub-hupHUP164,hup,LA2-LA3,1,0.0142191052436828
sub-hupHUP164,hup,LA3-LA4,1,0.0118116736412048
sub-hupHUP164,hup,LA4-LA5,0,0.014758288860321
sub-hupHUP164,hup,LA5-LA6,0,0.2944866418838501
sub-hupHUP164,hup,LA6-LA7,0,0.6372628211975098
sub-hupHUP164,hup,LA7-LA8,0,0.7157312035560608
sub-hupHUP164,hup,LA8-LA9,0,0.6999838352203369
sub-hupHUP164,hup,LA9-LA10,0,0.5890792608261108
sub-hupHUP164,hup,LB1-LB2,1,0.0357452034950256
sub-hupHUP164,hup,LB10-LB11,0,0.018488585948944
sub-hupHUP164,hup,LB11-LB12,0,0.0171247720718383
sub-hupHUP164,hup,LB2-LB3,1,0.0220673084259033
sub-hupHUP164,hup,LB3-LB4,1,0.0232251286506652
sub-hupHUP164,hup,LB4-LB5,0,0.015820026397705
sub-hupHUP164,hup,LB5-LB6,0,0.0151582956314086
sub-hupHUP164,hup,LB6-LB7,0,0.0157999992370605
sub-hupHUP164,hup,LB7-LB8,0,0.0213916897773742
sub-hupHUP164,hup,LB8-LB9,0,0.0189810991287231
sub-hupHUP164,hup,LB9-LB10,0,0.0181939601898193
sub-hupHUP164,hup,LC1-LC2,1,0.5509368181228638
sub-hupHUP164,hup,LC10-LC11,0,0.1365188360214233
sub-hupHUP164,hup,LC11-LC12,0,0.0879473090171814
sub-hupHUP164,hup,LC2-LC3,1,0.5337039232254028
sub-hupHUP164,hup,LC3-LC4,1,0.6000163555145264
sub-hupHUP164,hup,LC4-LC5,0,0.1070776581764221
sub-hupHUP164,hup,LC5-LC6,0,0.0354803204536438
sub-hupHUP164,hup,LC6-LC7,0,0.0287989974021911
sub-hupHUP164,hup,LC7-LC8,0,0.0230695009231567
sub-hupHUP164,hup,LC8-LC9,0,0.0459024310111999
sub-hupHUP164,hup,LC9-LC10,0,0.0397564172744751
sub-hupHUP164,hup,LD1-LD2,0,0.0811831951141357
sub-hupHUP164,hup,LD2-LD3,0,0.0109301805496215
sub-hupHUP164,hup,LD3-LD4,0,0.0200400352478027
sub-hupHUP164,hup,LD4-LD5,0,0.015360951423645
sub-hupHUP164,hup,LD5-LD6,0,0.0156221985816955
sub-hupHUP164,hup,LD6-LD7,0,0.0216255187988281
sub-hupHUP164,hup,LD7-LD8,0,0.0564667582511901
sub-hupHUP164,hup,LD8-LD9,0,0.0134602189064025
sub-hupHUP164,hup,LD9-LD10,0,0.0465487837791442
sub-hupHUP164,hup,LE1-LE2,0,0.0177314281463623
sub-hupHUP164,hup,LE10-LE11,0,0.1324151158332824
sub-hupHUP164,hup,LE11-LE12,0,0.0586098432540893
sub-hupHUP164,hup,LE2-LE3,0,0.3694116473197937
sub-hupHUP164,hup,LE3-LE4,0,0.0417719483375549
sub-hupHUP164,hup,LE4-LE5,0,0.0108543634414672
sub-hupHUP164,hup,LE5-LE6,0,0.4625778198242187
sub-hupHUP164,hup,LE6-LE7,0,0.5274769067764282
sub-hupHUP164,hup,LE7-LE8,0,0.2118571996688842
sub-hupHUP164,hup,LE8-LE9,0,0.034761905670166
sub-hupHUP164,hup,LE9-LE10,0,0.0107526183128356
sub-hupHUP164,hup,LF1-LF2,0,0.0165215730667114
sub-hupHUP164,hup,LF10-LF11,0,0.3124962449073791
sub-hupHUP164,hup,LF11-LF12,0,0.3917316794395447
sub-hupHUP164,hup,LF2-LF3,0,0.0094837546348571
sub-hupHUP164,hup,LF3-LF4,0,0.0089808106422424
sub-hupHUP164,hup,LF4-LF5,0,0.0084823966026306
sub-hupHUP164,hup,LF5-LF6,0,0.0083553194999694
sub-hupHUP164,hup,LF6-LF7,0,0.0098724365234375
sub-hupHUP164,hup,LF7-LF8,0,0.0089209675788879
sub-hupHUP164,hup,LF8-LF9,0,0.0777561664581298
sub-hupHUP164,hup,LF9-LF10,0,0.2532366514205932
sub-hupHUP164,hup,LG1-LG2,0,0.0226826667785644
sub-hupHUP164,hup,LG10-LG11,0,0.0106123685836792
sub-hupHUP164,hup,LG11-LG12,0,0.0132434368133544
sub-hupHUP164,hup,LG2-LG3,0,0.0184681415557861
sub-hupHUP164,hup,LG3-LG4,0,0.0235857963562011
sub-hupHUP164,hup,LG4-LG5,0,0.070808470249176
sub-hupHUP164,hup,LG5-LG6,0,0.1327103376388549
sub-hupHUP164,hup,LG6-LG7,0,0.0113183259963989
sub-hupHUP164,hup,LG7-LG8,0,0.007767915725708
sub-hupHUP164,hup,LG8-LG9,0,0.011298656463623
sub-hupHUP164,hup,LG9-LG10,0,0.0110086202621459
sub-hupHUP164,hup,LH1-LH2,0,0.0224802494049072
sub-hupHUP164,hup,LH10-LH11,0,0.1531589031219482
sub-hupHUP164,hup,LH11-LH12,0,0.1613755226135254
sub-hupHUP164,hup,LH2-LH3,0,0.0139158368110656
sub-hupHUP164,hup,LH3-LH4,0,0.0148109197616577
sub-hupHUP164,hup,LH4-LH5,0,0.0130752325057983
sub-hupHUP164,hup,LH5-LH6,0,0.0141307115554809
sub-hupHUP164,hup,LH6-LH7,0,0.0099923610687255
sub-hupHUP164,hup,LH7-LH8,0,0.013781726360321
sub-hupHUP164,hup,LH8-LH9,0,0.012955367565155
sub-hupHUP164,hup,LH9-LH10,0,0.0285372734069824
sub-hupHUP164,hup,LI1-LI2,0,0.1394036412239074
sub-hupHUP164,hup,LI10-LI11,0,0.1643446087837219
sub-hupHUP164,hup,LI11-LI12,0,0.0161235928535461
sub-hupHUP164,hup,LI2-LI3,0,0.0134755373001098
sub-hupHUP164,hup,LI3-LI4,0,0.012293517589569
sub-hupHUP164,hup,LI4-LI5,0,0.0140500664710998
sub-hupHUP164,hup,LI5-LI6,0,0.0134099721908569
sub-hupHUP164,hup,LI6-LI7,0,0.0146065354347229
sub-hupHUP164,hup,LI7-LI8,0,0.015704870223999
sub-hupHUP164,hup,LI8-LI9,0,0.0186496973037719
sub-hupHUP164,hup,LI9-LI10,0,0.0423526167869567
sub-hupHUP164,hup,LJ1-LJ2,0,0.21200031042099
sub-hupHUP164,hup,LJ2-LJ3,0,0.0155839323997497
sub-hupHUP164,hup,LJ3-LJ4,0,0.0621617436408996
sub-hupHUP164,hup,LJ4-LJ5,0,0.3890420198440552
sub-hupHUP164,hup,LJ5-LJ6,0,0.531728982925415
sub-hupHUP164,hup,LJ6-LJ7,0,0.0150243639945983
sub-hupHUP164,hup,LK1-LK2,0,0.1787270307540893
sub-hupHUP164,hup,LK2-LK3,0,0.3114972114562988
sub-hupHUP164,hup,LK3-LK4,0,0.2918993234634399
sub-hupHUP164,hup,LK4-LK5,0,0.2994049191474914
sub-hupHUP164,hup,LK5-LK6,0,0.0102832913398742
sub-hupHUP164,hup,LK6-LK7,0,0.0090807676315307
sub-hupHUP164,hup,LK7-LK8,0,0.013604998588562
sub-hupHUP164,hup,LL1-LL2,0,0.0129812955856323
sub-hupHUP164,hup,LL2-LL3,0,0.0181019902229309
sub-hupHUP164,hup,LL3-LL4,0,0.01498943567276
sub-hupHUP164,hup,LL4-LL5,0,0.0122045278549194
sub-hupHUP164,hup,LL5-LL6,0,0.0212592482566833
sub-hupHUP164,hup,LL6-LL7,0,0.0204266309738159
sub-hupHUP164,hup,LM1-LM2,0,0.578537106513977
sub-hupHUP164,hup,LM10-LM11,0,0.0378491878509521
sub-hupHUP164,hup,LM11-LM12,0,0.0183187127113342
sub-hupHUP164,hup,LM2-LM3,0,0.6313400268554688
sub-hupHUP164,hup,LM3-LM4,0,0.6152955293655396
sub-hupHUP164,hup,LM4-LM5,0,0.4325242042541504
sub-hupHUP164,hup,LM5-LM6,0,0.6102665066719055
sub-hupHUP164,hup,LM6-LM7,0,0.4822373986244201
sub-hupHUP164,hup,LM7-LM8,0,0.1721323132514953
sub-hupHUP164,hup,LM8-LM9,0,0.1064239144325256
sub-hupHUP164,hup,LM9-LM10,0,0.0388134121894836
sub-hupHUP164,hup,RA1-RA2,0,0.3532896637916565
sub-hupHUP164,hup,RA10-RA11,0,0.0863741636276245
sub-hupHUP164,hup,RA11-RA12,0,0.0124431848526
sub-hupHUP164,hup,RA2-RA3,0,0.5303131341934204
sub-hupHUP164,hup,RA3-RA4,0,0.5656484961509705
sub-hupHUP164,hup,RA4-RA5,0,0.5865637063980103
sub-hupHUP164,hup,RA5-RA6,0,0.4317508935928345
sub-hupHUP164,hup,RA6-RA7,0,0.0349838733673095
sub-hupHUP164,hup,RA7-RA8,0,0.204836905002594
sub-hupHUP164,hup,RA8-RA9,0,0.0197669267654418
sub-hupHUP164,hup,RA9-RA10,0,0.0137789249420166
sub-hupHUP164,hup,RB1-RB2,0,0.3085950016975403
sub-hupHUP164,hup,RB10-RB11,0,0.0088577270507812
sub-hupHUP164,hup,RB11-RB12,0,0.0130517482757568
sub-hupHUP164,hup,RB2-RB3,0,0.6121171712875366
sub-hupHUP164,hup,RB3-RB4,0,0.6096384525299072
sub-hupHUP164,hup,RB4-RB5,0,0.6251584887504578
sub-hupHUP164,hup,RB5-RB6,0,0.0430129170417785
sub-hupHUP164,hup,RB6-RB7,0,0.0148186683654785
sub-hupHUP164,hup,RB7-RB8,0,0.0149688720703125
sub-hupHUP164,hup,RB8-RB9,0,0.0093958973884582
sub-hupHUP164,hup,RB9-RB10,0,0.0380069613456726
sub-hupHUP164,hup,RC1-RC2,0,0.1608877182006836
sub-hupHUP164,hup,RC10-RC11,0,0.0135802626609802
sub-hupHUP164,hup,RC11-RC12,0,0.0504198670387268
sub-hupHUP164,hup,RC2-RC3,0,0.4446301460266113
sub-hupHUP164,hup,RC3-RC4,0,0.3599417805671692
sub-hupHUP164,hup,RC4-RC5,0,0.1760371327400207
sub-hupHUP164,hup,RC5-RC6,0,0.0295230150222778
sub-hupHUP164,hup,RC6-RC7,0,0.1951377391815185
sub-hupHUP164,hup,RC7-RC8,0,0.5384297966957092
sub-hupHUP164,hup,RC8-RC9,0,0.0297076702117919
sub-hupHUP164,hup,RC9-RC10,0,0.0120955109596252
sub-hupHUP165,hup,LA1-LA2,0,0.2209053635597229
sub-hupHUP165,hup,LA10-LA11,0,0.083006203174591
sub-hupHUP165,hup,LA11-LA12,0,0.0813351273536682
sub-hupHUP165,hup,LA2-LA3,0,0.2436311841011047
sub-hupHUP165,hup,LA3-LA4,0,0.2096211910247802
sub-hupHUP165,hup,LA4-LA5,0,0.0083643198013305
sub-hupHUP165,hup,LA5-LA6,0,0.0202221870422363
sub-hupHUP165,hup,LA6-LA7,0,0.0306163430213928
sub-hupHUP165,hup,LA7-LA8,0,0.0584657192230224
sub-hupHUP165,hup,LA8-LA9,0,0.0221374034881591
sub-hupHUP165,hup,LA9-LA10,0,0.02397882938385
sub-hupHUP165,hup,LB1-LB2,0,0.0442728996276855
sub-hupHUP165,hup,LB10-LB11,0,0.0171625614166259
sub-hupHUP165,hup,LB11-LB12,0,0.0369669795036315
sub-hupHUP165,hup,LB2-LB3,0,0.0416205525398254
sub-hupHUP165,hup,LB3-LB4,0,0.0744686722755432
sub-hupHUP165,hup,LB4-LB5,0,0.0963668823242187
sub-hupHUP165,hup,LB5-LB6,0,0.152172565460205
sub-hupHUP165,hup,LB6-LB7,0,0.1659415960311889
sub-hupHUP165,hup,LB7-LB8,0,0.2130079865455627
sub-hupHUP165,hup,LB8-LB9,0,0.2225602865219116
sub-hupHUP165,hup,LB9-LB10,0,0.0290078520774841
sub-hupHUP165,hup,LC1-LC2,0,0.1598307490348816
sub-hupHUP165,hup,LC10-LC11,0,0.0183855891227722
sub-hupHUP165,hup,LC11-LC12,0,0.0374965667724609
sub-hupHUP165,hup,LC2-LC3,0,0.2042316198348999
sub-hupHUP165,hup,LC3-LC4,0,0.0208449959754943
sub-hupHUP165,hup,LC4-LC5,0,0.0144141316413879
sub-hupHUP165,hup,LC5-LC6,0,0.0124703645706176
sub-hupHUP165,hup,LC6-LC7,0,0.0105921030044555
sub-hupHUP165,hup,LC7-LC8,0,0.5646120309829712
sub-hupHUP165,hup,LC8-LC9,0,0.0154584646224975
sub-hupHUP165,hup,LC9-LC10,0,0.0233780741691589
sub-hupHUP165,hup,LD1-LD2,0,0.5754421353340149
sub-hupHUP165,hup,LD2-LD3,0,0.1774669885635376
sub-hupHUP165,hup,LD3-LD4,0,0.5080662965774536
sub-hupHUP165,hup,LD4-LD5,0,0.0971865057945251
sub-hupHUP165,hup,LE1-LE2,0,0.0099207162857055
sub-hupHUP165,hup,LE10-LE11,0,0.0426017045974731
sub-hupHUP165,hup,LE11-LE12,0,0.0129482746124267
sub-hupHUP165,hup,LE2-LE3,0,0.0670745968818664
sub-hupHUP165,hup,LE3-LE4,0,0.2179470658302307
sub-hupHUP165,hup,LE4-LE5,0,0.2315881848335266
sub-hupHUP165,hup,LE5-LE6,0,0.0694407820701599
sub-hupHUP165,hup,LE6-LE7,0,0.2005007266998291
sub-hupHUP165,hup,LE7-LE8,0,0.3531857132911682
sub-hupHUP165,hup,LE8-LE9,0,0.3464800119400024
sub-hupHUP165,hup,LE9-LE10,0,0.1939054131507873
sub-hupHUP165,hup,LH1-LH2,0,0.0159616470336914
sub-hupHUP165,hup,LH2-LH3,0,0.0300331711769104
sub-hupHUP165,hup,LH3-LH4,0,0.0821264386177063
sub-hupHUP165,hup,LH4-LH5,0,0.0723587274551391
sub-hupHUP165,hup,LH5-LH6,0,0.0164247751235961
sub-hupHUP165,hup,LH6-LH7,0,0.0082656145095825
sub-hupHUP165,hup,LH7-LH8,0,0.0072440505027771
sub-hupHUP165,hup,LH8-LH9,0,0.0104219317436218
sub-hupHUP165,hup,LH9-LH10,0,0.0060959458351135
sub-hupHUP165,hup,LN1-LN2,0,0.0179419517517089
sub-hupHUP165,hup,LN10-LN11,0,0.1598950028419494
sub-hupHUP165,hup,LN11-LN12,0,0.2620865702629089
sub-hupHUP165,hup,LN2-LN3,0,0.0075912475585937
sub-hupHUP165,hup,LN3-LN4,0,0.0215069651603698
sub-hupHUP165,hup,LN4-LN5,0,0.025322675704956
sub-hupHUP165,hup,LN5-LN6,0,0.237369418144226
sub-hupHUP165,hup,LN6-LN7,0,0.0915710926055908
sub-hupHUP165,hup,LN7-LN8,0,0.0179645419120788
sub-hupHUP165,hup,LN8-LN9,0,0.0347213745117187
sub-hupHUP165,hup,LN9-LN10,0,0.0304216146469116
sub-hupHUP165,hup,RA1-RA2,1,0.1924272179603576
sub-hupHUP165,hup,RA10-RA11,0,0.1975618600845337
sub-hupHUP165,hup,RA11-RA12,0,0.1180250644683837
sub-hupHUP165,hup,RA2-RA3,1,0.387894332408905
sub-hupHUP165,hup,RA3-RA4,1,0.2522117495536804
sub-hupHUP165,hup,RA4-RA5,1,0.3292720317840576
sub-hupHUP165,hup,RA5-RA6,1,0.3352646231651306
sub-hupHUP165,hup,RA6-RA7,1,0.012800395488739
sub-hupHUP165,hup,RA7-RA8,0,0.01856130361557
sub-hupHUP165,hup,RA8-RA9,0,0.0830714702606201
sub-hupHUP165,hup,RA9-RA10,0,0.2050385475158691
sub-hupHUP165,hup,RB1-RB2,1,0.2439518570899963
sub-hupHUP165,hup,RB10-RB11,0,0.3294057250022888
sub-hupHUP165,hup,RB11-RB12,0,0.0147958993911743
sub-hupHUP165,hup,RB2-RB3,1,0.0159405469894409
sub-hupHUP165,hup,RB3-RB4,1,0.1561339497566223
sub-hupHUP165,hup,RB4-RB5,0,0.1778960824012756
sub-hupHUP165,hup,RB5-RB6,0,0.0867215991020202
sub-hupHUP165,hup,RB6-RB7,0,0.3811800479888916
sub-hupHUP165,hup,RB7-RB8,0,0.3178472518920898
sub-hupHUP165,hup,RB8-RB9,0,0.0527191162109375
sub-hupHUP165,hup,RB9-RB10,0,0.3246164321899414
sub-hupHUP165,hup,RC1-RC2,0,0.1378633975982666
sub-hupHUP165,hup,RC10-RC11,0,0.00800621509552
sub-hupHUP165,hup,RC11-RC12,0,0.0223049521446228
sub-hupHUP165,hup,RC2-RC3,0,0.1248405575752258
sub-hupHUP165,hup,RC3-RC4,0,0.1511982083320617
sub-hupHUP165,hup,RC4-RC5,0,0.027608573436737
sub-hupHUP165,hup,RC5-RC6,0,0.0097109079360961
sub-hupHUP165,hup,RC6-RC7,0,0.5420922636985779
sub-hupHUP165,hup,RC7-RC8,0,0.0105915069580078
sub-hupHUP165,hup,RC8-RC9,0,0.0112504959106445
sub-hupHUP165,hup,RC9-RC10,0,0.0189774632453918
sub-hupHUP165,hup,RD1-RD2,0,0.3403673768043518
sub-hupHUP165,hup,RD2-RD3,0,0.5186306238174438
sub-hupHUP165,hup,RD3-RD4,0,0.0835738182067871
sub-hupHUP165,hup,RD4-RD5,0,0.0172247290611267
sub-hupHUP165,hup,RD5-RD6,0,0.0085682868957519
sub-hupHUP165,hup,RD6-RD7,0,0.0201014280319213
sub-hupHUP165,hup,RD7-RD8,0,0.0325821638107299
sub-hupHUP165,hup,RE1-RE2,0,0.0182721614837646
sub-hupHUP165,hup,RE10-RE11,0,0.0464207530021667
sub-hupHUP165,hup,RE2-RE3,0,0.02781343460083
sub-hupHUP165,hup,RE3-RE4,0,0.0149820446968078
sub-hupHUP165,hup,RE4-RE5,0,0.0156340599060058
sub-hupHUP165,hup,RE5-RE6,0,0.0190445780754089
sub-hupHUP165,hup,RE6-RE7,0,0.0381463766098022
sub-hupHUP165,hup,RE7-RE8,0,0.0267501473426818
sub-hupHUP165,hup,RE8-RE9,0,0.0352447032928466
sub-hupHUP165,hup,RE9-RE10,0,0.061460256576538
sub-hupHUP165,hup,RF1-RF2,0,0.267492413520813
sub-hupHUP165,hup,RF10-RF11,0,0.0162412524223327
sub-hupHUP165,hup,RF11-RF12,0,0.0104464292526245
sub-hupHUP165,hup,RF2-RF3,0,0.1442789435386657
sub-hupHUP165,hup,RF3-RF4,0,0.1436757445335388
sub-hupHUP165,hup,RF4-RF5,0,0.0794192552566528
sub-hupHUP165,hup,RF5-RF6,0,0.0295499563217163
sub-hupHUP165,hup,RF6-RF7,0,0.2564718723297119
sub-hupHUP165,hup,RF7-RF8,0,0.1061490178108215
sub-hupHUP165,hup,RF8-RF9,0,0.108647346496582
sub-hupHUP165,hup,RF9-RF10,0,0.0076619982719421
sub-hupHUP165,hup,RH1-RH2,0,0.0110087394714355
sub-hupHUP165,hup,RH11-RH12,0,0.0681986212730407
sub-hupHUP165,hup,RH2-RH3,0,0.0163547992706298
sub-hupHUP165,hup,RH3-RH4,0,0.0495402216911315
sub-hupHUP165,hup,RH4-RH5,0,0.0749475359916687
sub-hupHUP165,hup,RH5-RH6,0,0.0144593119621276
sub-hupHUP165,hup,RH6-RH7,0,0.0116011500358581
sub-hupHUP165,hup,RH7-RH8,0,0.0074943900108337
sub-hupHUP165,hup,RH8-RH9,0,0.012727677822113
sub-hupHUP165,hup,RI1-RI2,0,0.1048156023025512
sub-hupHUP165,hup,RI10-RI11,0,0.2551427483558655
sub-hupHUP165,hup,RI11-RI12,0,0.0569115281105041
sub-hupHUP165,hup,RI2-RI3,0,0.0579327940940856
sub-hupHUP165,hup,RI3-RI4,0,0.1202766895294189
sub-hupHUP165,hup,RI4-RI5,0,0.0160244703292846
sub-hupHUP165,hup,RI5-RI6,0,0.3134319186210632
sub-hupHUP165,hup,RI6-RI7,0,0.4978574514389038
sub-hupHUP165,hup,RI7-RI8,0,0.5213181972503662
sub-hupHUP165,hup,RI8-RI9,0,0.2669959664344787
sub-hupHUP165,hup,RI9-RI10,0,0.4444804191589355
sub-hupHUP165,hup,RK1-RK2,0,0.030102789402008
sub-hupHUP165,hup,RK2-RK3,0,0.0323525667190551
sub-hupHUP165,hup,RK3-RK4,0,0.2612656950950622
sub-hupHUP165,hup,RK4-RK5,0,0.2523015737533569
sub-hupHUP165,hup,RK5-RK6,0,0.3313978314399719
sub-hupHUP165,hup,RK6-RK7,0,0.5097306966781616
sub-hupHUP165,hup,RK7-RK8,0,0.055082082748413
sub-hupHUP165,hup,RN1-RN2,0,0.2954758405685425
sub-hupHUP165,hup,RN10-RN11,0,0.0125651955604553
sub-hupHUP165,hup,RN11-RN12,0,0.0174521803855896
sub-hupHUP165,hup,RN2-RN3,0,0.239342987537384
sub-hupHUP165,hup,RN3-RN4,0,0.150559663772583
sub-hupHUP165,hup,RN4-RN5,0,0.0442045927047729
sub-hupHUP165,hup,RN5-RN6,0,0.1532155275344848
sub-hupHUP165,hup,RN6-RN7,0,0.0466214418411254
sub-hupHUP165,hup,RN7-RN8,0,0.011513352394104
sub-hupHUP165,hup,RN8-RN9,0,0.0377739071846008
sub-hupHUP165,hup,RN9-RN10,0,0.0135801434516906
sub-hupHUP190,hup,LA01-LA02,1,0.5800527334213257
sub-hupHUP190,hup,LA02-LA03,1,0.4216501116752624
sub-hupHUP190,hup,LA03-LA04,1,0.1805495023727417
sub-hupHUP190,hup,LA04-LA05,0,0.018264353275299
sub-hupHUP190,hup,LA05-LA06,0,0.0088242292404174
sub-hupHUP190,hup,LA06-LA07,0,0.3212697505950928
sub-hupHUP190,hup,LA07-LA08,0,0.3930436968803406
sub-hupHUP190,hup,LA10-LA11,0,0.0134840011596679
sub-hupHUP190,hup,LA11-LA12,0,0.0098233819007873
sub-hupHUP190,hup,LB01-LB02,1,0.489370584487915
sub-hupHUP190,hup,LB02-LB03,1,0.4615103006362915
sub-hupHUP190,hup,LB03-LB04,1,0.6024096012115479
sub-hupHUP190,hup,LB04-LB05,1,0.4156778454780578
sub-hupHUP190,hup,LB05-LB06,1,0.0184521675109863
sub-hupHUP190,hup,LB06-LB07,0,0.0309057235717773
sub-hupHUP190,hup,LB07-LB08,0,0.029167890548706
sub-hupHUP190,hup,LB08-LB09,0,0.4148645997047424
sub-hupHUP190,hup,LB09-LB10,0,0.2672018408775329
sub-hupHUP190,hup,LC01-LC02,1,0.446113109588623
sub-hupHUP190,hup,LC02-LC03,1,0.4488403797149658
sub-hupHUP190,hup,LC03-LC04,1,0.3866370320320129
sub-hupHUP190,hup,LC04-LC05,1,0.0120618939399719
sub-hupHUP190,hup,LC05-LC06,0,0.2155598998069763
sub-hupHUP190,hup,LC06-LC07,0,0.338361382484436
sub-hupHUP190,hup,LC07-LC08,0,0.4142652153968811
sub-hupHUP190,hup,LC08-LC09,0,0.4601652026176452
sub-hupHUP190,hup,LC09-LC10,0,0.361430287361145
sub-hupHUP190,hup,LC10-LC11,0,0.0087448358535766
sub-hupHUP190,hup,LC11-LC12,0,0.0112599730491638
sub-hupHUP190,hup,LD01-LD02,0,0.1800994277000427
sub-hupHUP190,hup,LD02-LD03,0,0.7150924205780029
sub-hupHUP190,hup,LD03-LD04,0,0.5537749528884888
sub-hupHUP190,hup,LD04-LD05,0,0.0583887100219726
sub-hupHUP190,hup,LD05-LD06,0,0.0072765946388244
sub-hupHUP190,hup,LD06-LD07,0,0.0071408748626708
sub-hupHUP190,hup,LD07-LD08,0,0.007135272026062
sub-hupHUP190,hup,LD08-LD09,0,0.0083389282226562
sub-hupHUP190,hup,LD09-LD10,0,0.0167615413665771
sub-hupHUP190,hup,LD10-LD11,0,0.0079544782638549
sub-hupHUP190,hup,LD11-LD12,0,0.0501409769058227
sub-hupHUP190,hup,LG01-LG02,0,0.0433219075202941
sub-hupHUP190,hup,LG02-LG03,0,0.0461324453353881
sub-hupHUP190,hup,LG03-LG04,0,0.0328482389450073
sub-hupHUP190,hup,LG04-LG05,0,0.0131481289863586
sub-hupHUP190,hup,LG05-LG06,0,0.0071379542350769
sub-hupHUP190,hup,LG06-LG07,0,0.015285313129425
sub-hupHUP190,hup,LG07-LG08,0,0.3282932043075561
sub-hupHUP190,hup,LG08-LG09,0,0.011065661907196
sub-hupHUP190,hup,LG09-LG10,0,0.0096634626388549
sub-hupHUP190,hup,LG10-LG11,0,0.0113331079483032
sub-hupHUP190,hup,LG11-LG12,0,0.0258572697639465
sub-hupHUP190,hup,LH01-LH02,0,0.0127952098846435
sub-hupHUP190,hup,LH02-LH03,0,0.6363584399223328
sub-hupHUP190,hup,LH03-LH04,0,0.5335731506347656
sub-hupHUP190,hup,LH04-LH05,0,0.6070560216903687
sub-hupHUP190,hup,LH05-LH06,0,0.0402384400367736
sub-hupHUP190,hup,LH06-LH07,0,0.1954716444015503
sub-hupHUP190,hup,LH07-LH08,0,0.0733084082603454
sub-hupHUP190,hup,LH08-LH09,0,0.0152229070663452
sub-hupHUP190,hup,LH09-LH10,0,0.0149801969528198
sub-hupHUP190,hup,LH10-LH11,0,0.0094639658927917
sub-hupHUP190,hup,LH11-LH12,0,0.0351925492286682
sub-hupHUP190,hup,LI01-LI02,0,0.0076751708984375
sub-hupHUP190,hup,LI02-LI03,0,0.007415235042572
sub-hupHUP190,hup,LI03-LI04,0,0.0079136490821838
sub-hupHUP190,hup,LI04-LI05,0,0.0066222548484802
sub-hupHUP190,hup,LI05-LI06,0,0.007944643497467
sub-hupHUP190,hup,LI06-LI07,0,0.1381247043609619
sub-hupHUP190,hup,LI07-LI08,0,0.238376498222351
sub-hupHUP190,hup,LI08-LI09,0,0.103820264339447
sub-hupHUP190,hup,LI09-LI10,0,0.3014386892318725
sub-hupHUP190,hup,LI10-LI11,0,0.2940652966499328
sub-hupHUP190,hup,LI11-LI12,0,0.010927140712738
sub-hupHUP190,hup,LJ01-LJ02,0,0.0074396133422851
sub-hupHUP190,hup,LJ02-LJ03,0,0.0065812468528747
sub-hupHUP190,hup,LJ03-LJ04,0,0.0078014731407165
sub-hupHUP190,hup,LJ04-LJ05,0,0.0066321492195129
sub-hupHUP190,hup,LJ05-LJ06,0,0.0146682858467102
sub-hupHUP190,hup,LJ06-LJ07,0,0.5249040126800537
sub-hupHUP190,hup,LJ07-LJ08,0,0.3454999923706054
sub-hupHUP190,hup,LJ08-LJ09,0,0.3141496777534485
sub-hupHUP190,hup,LJ09-LJ10,0,0.4616060853004455
sub-hupHUP190,hup,LJ10-LJ11,0,0.2920196056365967
sub-hupHUP190,hup,LJ11-LJ12,0,0.2569624185562134
sub-hupHUP190,hup,LK01-LK02,0,0.24833345413208
sub-hupHUP190,hup,LK02-LK03,0,0.0076642632484436
sub-hupHUP190,hup,LK03-LK04,0,0.0068704485893249
sub-hupHUP190,hup,LK04-LK05,0,0.0066893100738525
sub-hupHUP190,hup,LK05-LK06,0,0.0068451166152954
sub-hupHUP190,hup,LK06-LK07,0,0.0063374042510986
sub-hupHUP190,hup,LK07-LK08,0,0.0066996812820434
sub-hupHUP190,hup,LK08-LK09,0,0.0076326727867126
sub-hupHUP190,hup,LK09-LK10,0,0.0116088390350341
sub-hupHUP190,hup,LK10-LK11,0,0.0115083456039428
sub-hupHUP190,hup,LK11-LK12,0,0.0124461650848388
sub-hupHUP190,hup,LL01-LL02,0,0.008887231349945
sub-hupHUP190,hup,LL02-LL03,0,0.0065706372261047
sub-hupHUP190,hup,LL03-LL04,0,0.0077943205833435
sub-hupHUP190,hup,LL04-LL05,0,0.0067283511161804
sub-hupHUP190,hup,LL05-LL06,0,0.0072712898254394
sub-hupHUP190,hup,LL06-LL07,0,0.0082477927207946
sub-hupHUP190,hup,LL07-LL08,0,0.0128468871116638
sub-hupHUP190,hup,LL08-LL09,0,0.0338152647018432
sub-hupHUP190,hup,LL09-LL10,0,0.0280798077583313
sub-hupHUP190,hup,LL10-LL11,0,0.0088607668876647
sub-hupHUP190,hup,LL11-LL12,0,0.0075104236602783
sub-hupHUP190,hup,RB03-RB04,0,0.2860017418861389
sub-hupHUP190,hup,RB04-RB05,0,0.1191834211349487
sub-hupHUP190,hup,RB05-RB06,0,0.007611334323883
sub-hupHUP190,hup,RB06-RB07,0,0.0082704424858093
sub-hupHUP190,hup,RB07-RB08,0,0.0085918307304382
sub-hupHUP190,hup,RB08-RB09,0,0.0553311109542846
sub-hupHUP190,hup,RB11-RB12,0,0.0140159726142883
sub-hupHUP190,hup,RC01-RC02,0,0.2850934267044067
sub-hupHUP190,hup,RC02-RC03,0,0.3451912403106689
sub-hupHUP190,hup,RC03-RC04,0,0.007803201675415
sub-hupHUP190,hup,RC04-RC05,0,0.0070956349372863
sub-hupHUP190,hup,RC05-RC06,0,0.0082455873489379
sub-hupHUP190,hup,RC06-RC07,0,0.0078516006469726
sub-hupHUP190,hup,RC07-RC08,0,0.0094552040100097
sub-hupHUP190,hup,RC08-RC09,0,0.2238544225692749
sub-hupHUP190,hup,RH01-RH02,0,0.0090676546096801
sub-hupHUP190,hup,RH02-RH03,0,0.1047233343124389
sub-hupHUP190,hup,RH03-RH04,0,0.0723184943199157
sub-hupHUP190,hup,RH04-RH05,0,0.1552345156669616
sub-hupHUP190,hup,RH05-RH06,0,0.2378233671188354
sub-hupHUP190,hup,RH06-RH07,0,0.2973502278327942
sub-hupHUP190,hup,RH07-RH08,0,0.3402471542358398
sub-hupHUP190,hup,RH08-RH09,0,0.0279550552368164
sub-hupHUP190,hup,RH09-RH10,0,0.0427867770195007
sub-hupHUP190,hup,RH10-RH11,0,0.0303851962089538
sub-hupHUP190,hup,RH11-RH12,0,0.0310728549957275
sub-openieegDetroit002,openieeg,A1-AV,0,0.3168168067932129
sub-openieegDetroit002,openieeg,A10-AV,0,0.7627866268157959
sub-openieegDetroit002,openieeg,A11-AV,0,0.0751717090606689
sub-openieegDetroit002,openieeg,A12-AV,0,0.2275178432464599
sub-openieegDetroit002,openieeg,A13-AV,1,0.0469574332237243
sub-openieegDetroit002,openieeg,A14-AV,1,0.0220438241958618
sub-openieegDetroit002,openieeg,A15-AV,1,0.1148889660835266
sub-openieegDetroit002,openieeg,A16-AV,1,0.0372233986854553
sub-openieegDetroit002,openieeg,A17-AV,1,0.0230227708816528
sub-openieegDetroit002,openieeg,A18-AV,1,0.0579771399497985
sub-openieegDetroit002,openieeg,A19-AV,1,0.0400106310844421
sub-openieegDetroit002,openieeg,A2-AV,0,0.2165103554725647
sub-openieegDetroit002,openieeg,A20-AV,1,0.2483167052268982
sub-openieegDetroit002,openieeg,A21-AV,0,0.0379882454872131
sub-openieegDetroit002,openieeg,A22-AV,0,0.2653249502182007
sub-openieegDetroit002,openieeg,A23-AV,0,0.0628507137298584
sub-openieegDetroit002,openieeg,A24-AV,0,0.0659610033035278
sub-openieegDetroit002,openieeg,A25-AV,1,0.0208145976066589
sub-openieegDetroit002,openieeg,A26-AV,1,0.5294909477233887
sub-openieegDetroit002,openieeg,A27-AV,0,0.0665882229804992
sub-openieegDetroit002,openieeg,A28-AV,0,0.0422707200050354
sub-openieegDetroit002,openieeg,A29-AV,0,0.028672456741333
sub-openieegDetroit002,openieeg,A3-AV,0,0.611279308795929
sub-openieegDetroit002,openieeg,A30-AV,0,0.0218098163604736
sub-openieegDetroit002,openieeg,A31-AV,0,0.0133399963378906
sub-openieegDetroit002,openieeg,A32-AV,0,0.0212194919586181
sub-openieegDetroit002,openieeg,A33-AV,0,0.1272571682929992
sub-openieegDetroit002,openieeg,A34-AV,0,0.1314156055450439
sub-openieegDetroit002,openieeg,A35-AV,0,0.0311394333839416
sub-openieegDetroit002,openieeg,A36-AV,0,0.5002802610397339
sub-openieegDetroit002,openieeg,A37-AV,0,0.7160433530807495
sub-openieegDetroit002,openieeg,A38-AV,0,0.1086407303810119
sub-openieegDetroit002,openieeg,A39-AV,0,0.0131419897079467
sub-openieegDetroit002,openieeg,A4-AV,0,0.1551520824432373
sub-openieegDetroit002,openieeg,A40-AV,0,0.0162299871444702
sub-openieegDetroit002,openieeg,A41-AV,0,0.0157049894332885
sub-openieegDetroit002,openieeg,A42-AV,0,0.0167998075485229
sub-openieegDetroit002,openieeg,A43-AV,0,0.0274332761764526
sub-openieegDetroit002,openieeg,A44-AV,0,0.0353468060493469
sub-openieegDetroit002,openieeg,A45-AV,0,0.0121477842330932
sub-openieegDetroit002,openieeg,A46-AV,0,0.0258397459983825
sub-openieegDetroit002,openieeg,A47-AV,0,0.2375167608261108
sub-openieegDetroit002,openieeg,A48-AV,0,0.4386287927627563
sub-openieegDetroit002,openieeg,A49-AV,0,0.1862613558769226
sub-openieegDetroit002,openieeg,A50-AV,0,0.2282677292823791
sub-openieegDetroit002,openieeg,A51-AV,0,0.246431827545166
sub-openieegDetroit002,openieeg,A52-AV,0,0.3820712566375732
sub-openieegDetroit002,openieeg,A53-AV,0,0.6126455068588257
sub-openieegDetroit002,openieeg,A54-AV,0,0.1418431401252746
sub-openieegDetroit002,openieeg,A55-AV,0,0.1855153441429138
sub-openieegDetroit002,openieeg,A56-AV,0,0.6374545097351074
sub-openieegDetroit002,openieeg,A57-AV,0,0.6027805209159851
sub-openieegDetroit002,openieeg,A58-AV,0,0.2570273876190185
sub-openieegDetroit002,openieeg,A6-AV,0,0.0351899862289428
sub-openieegDetroit002,openieeg,A7-AV,0,0.3194659948348999
sub-openieegDetroit002,openieeg,A8-AV,0,0.3642060756683349
sub-openieegDetroit002,openieeg,A9-AV,0,0.6960281729698181
sub-openieegDetroit002,openieeg,B1-AV,0,0.428363025188446
sub-openieegDetroit002,openieeg,B10-AV,0,0.4827648997306824
sub-openieegDetroit002,openieeg,B11-AV,0,0.5904973745346069
sub-openieegDetroit002,openieeg,B12-AV,0,0.6866700649261475
sub-openieegDetroit002,openieeg,B13-AV,0,0.7798752188682556
sub-openieegDetroit002,openieeg,B14-AV,0,0.7201093435287476
sub-openieegDetroit002,openieeg,B15-AV,0,0.4374711513519287
sub-openieegDetroit002,openieeg,B16-AV,0,0.2764943838119507
sub-openieegDetroit002,openieeg,B17-AV,0,0.767393171787262
sub-openieegDetroit002,openieeg,B18-AV,0,0.7275874614715576
sub-openieegDetroit002,openieeg,B19-AV,0,0.4808268547058105
sub-openieegDetroit002,openieeg,B2-AV,0,0.2013837695121765
sub-openieegDetroit002,openieeg,B21-AV,0,0.6290342807769775
sub-openieegDetroit002,openieeg,B22-AV,0,0.756080687046051
sub-openieegDetroit002,openieeg,B23-AV,0,0.4378684759140014
sub-openieegDetroit002,openieeg,B24-AV,0,0.2619213461875915
sub-openieegDetroit002,openieeg,B25-AV,0,0.8017065525054932
sub-openieegDetroit002,openieeg,B26-AV,1,0.8052898645401001
sub-openieegDetroit002,openieeg,B27-AV,0,0.5104528665542603
sub-openieegDetroit002,openieeg,B28-AV,0,0.6238651871681213
sub-openieegDetroit002,openieeg,B29-AV,0,0.3218077421188354
sub-openieegDetroit002,openieeg,B3-AV,0,0.7287353873252869
sub-openieegDetroit002,openieeg,B30-AV,0,0.4747242927551269
sub-openieegDetroit002,openieeg,B31-AV,0,0.1617332696914672
sub-openieegDetroit002,openieeg,B32-AV,0,0.086784541606903
sub-openieegDetroit002,openieeg,B33-AV,1,0.5372049808502197
sub-openieegDetroit002,openieeg,B34-AV,1,0.40060555934906
sub-openieegDetroit002,openieeg,B35-AV,0,0.4947746396064758
sub-openieegDetroit002,openieeg,B36-AV,0,0.2291486263275146
sub-openieegDetroit002,openieeg,B37-AV,0,0.1170620322227478
sub-openieegDetroit002,openieeg,B38-AV,0,0.0881378054618835
sub-openieegDetroit002,openieeg,B39-AV,0,0.232664942741394
sub-openieegDetroit002,openieeg,B4-AV,0,0.7164983749389648
sub-openieegDetroit002,openieeg,B40-AV,0,0.0882251262664794
sub-openieegDetroit002,openieeg,B41-AV,0,0.2104928493499755
sub-openieegDetroit002,openieeg,B42-AV,0,0.1806812882423401
sub-openieegDetroit002,openieeg,B43-AV,0,0.0870096087455749
sub-openieegDetroit002,openieeg,B44-AV,0,0.0371999740600585
sub-openieegDetroit002,openieeg,B45-AV,0,0.0318092703819274
sub-openieegDetroit002,openieeg,B46-AV,0,0.060398519039154
sub-openieegDetroit002,openieeg,B47-AV,0,0.3073278665542602
sub-openieegDetroit002,openieeg,B48-AV,0,0.1426731348037719
sub-openieegDetroit002,openieeg,B49-AV,0,0.3349267244338989
sub-openieegDetroit002,openieeg,B5-AV,0,0.7103385925292969
sub-openieegDetroit002,openieeg,B50-AV,0,0.1137468814849853
sub-openieegDetroit002,openieeg,B51-AV,0,0.0284520983695983
sub-openieegDetroit002,openieeg,B52-AV,0,0.0216016769409179
sub-openieegDetroit002,openieeg,B53-AV,0,0.038762092590332
sub-openieegDetroit002,openieeg,B54-AV,0,0.1134369373321533
sub-openieegDetroit002,openieeg,B55-AV,0,0.2311691045761108
sub-openieegDetroit002,openieeg,B56-AV,0,0.5418171286582947
sub-openieegDetroit002,openieeg,B57-AV,0,0.586362361907959
sub-openieegDetroit002,openieeg,B58-AV,0,0.2995001077651977
sub-openieegDetroit002,openieeg,B59-AV,0,0.0874980092048645
sub-openieegDetroit002,openieeg,B6-AV,0,0.771989643573761
sub-openieegDetroit002,openieeg,B60-AV,0,0.092023491859436
sub-openieegDetroit002,openieeg,B61-AV,0,0.6181716918945312
sub-openieegDetroit002,openieeg,B62-AV,0,0.4879955649375915
sub-openieegDetroit002,openieeg,B63-AV,0,0.7066078186035156
sub-openieegDetroit002,openieeg,B64-AV,0,0.6194839477539062
sub-openieegDetroit002,openieeg,B7-AV,0,0.2738687992095947
sub-openieegDetroit002,openieeg,B8-AV,0,0.0316750407218933
sub-openieegDetroit002,openieeg,B9-AV,0,0.5614391565322876
sub-openieegDetroit004,openieeg,A1-AV,0,0.0481002330780029
sub-openieegDetroit004,openieeg,A10-AV,0,0.0317075252532959
sub-openieegDetroit004,openieeg,A11-AV,0,0.0732974410057067
sub-openieegDetroit004,openieeg,A12-AV,0,0.2979093194007873
sub-openieegDetroit004,openieeg,A13-AV,0,0.2881255149841308
sub-openieegDetroit004,openieeg,A14-AV,0,0.0350107550621032
sub-openieegDetroit004,openieeg,A15-AV,0,0.0375948548316955
sub-openieegDetroit004,openieeg,A16-AV,0,0.124020516872406
sub-openieegDetroit004,openieeg,A17-AV,0,0.051578402519226
sub-openieegDetroit004,openieeg,A18-AV,0,0.145321249961853
sub-openieegDetroit004,openieeg,A19-AV,0,0.2214534878730774
sub-openieegDetroit004,openieeg,A2-AV,0,0.1311855316162109
sub-openieegDetroit004,openieeg,A20-AV,0,0.3188671469688415
sub-openieegDetroit004,openieeg,A21-AV,0,0.045142114162445
sub-openieegDetroit004,openieeg,A22-AV,0,0.0349151492118835
sub-openieegDetroit004,openieeg,A23-AV,0,0.3906925916671753
sub-openieegDetroit004,openieeg,A24-AV,0,0.3305409550666809
sub-openieegDetroit004,openieeg,A25-AV,0,0.0500906109809875
sub-openieegDetroit004,openieeg,A26-AV,0,0.1489585041999817
sub-openieegDetroit004,openieeg,A27-AV,0,0.1425428986549377
sub-openieegDetroit004,openieeg,A28-AV,0,0.2884764671325683
sub-openieegDetroit004,openieeg,A29-AV,0,0.1193156838417053
sub-openieegDetroit004,openieeg,A3-AV,0,0.0695943832397461
sub-openieegDetroit004,openieeg,A30-AV,0,0.5316369533538818
sub-openieegDetroit004,openieeg,A31-AV,0,0.3925520777702331
sub-openieegDetroit004,openieeg,A32-AV,0,0.2756956219673157
sub-openieegDetroit004,openieeg,A33-AV,0,0.0625597834587097
sub-openieegDetroit004,openieeg,A34-AV,0,0.0303411483764648
sub-openieegDetroit004,openieeg,A35-AV,0,0.058983564376831
sub-openieegDetroit004,openieeg,A36-AV,0,0.3815079927444458
sub-openieegDetroit004,openieeg,A37-AV,0,0.096619963645935
sub-openieegDetroit004,openieeg,A38-AV,0,0.0900622606277465
sub-openieegDetroit004,openieeg,A39-AV,0,0.5868858695030212
sub-openieegDetroit004,openieeg,A4-AV,0,0.2020248174667358
sub-openieegDetroit004,openieeg,A40-AV,0,0.4162114858627319
sub-openieegDetroit004,openieeg,A41-AV,0,0.3117386698722839
sub-openieegDetroit004,openieeg,A42-AV,0,0.1346475481986999
sub-openieegDetroit004,openieeg,A43-AV,0,0.0441017150878906
sub-openieegDetroit004,openieeg,A44-AV,0,0.0517736077308654
sub-openieegDetroit004,openieeg,A45-AV,0,0.0473858118057251
sub-openieegDetroit004,openieeg,A46-AV,0,0.0335446596145629
sub-openieegDetroit004,openieeg,A47-AV,0,0.2303109765052795
sub-openieegDetroit004,openieeg,A48-AV,0,0.3982169032096863
sub-openieegDetroit004,openieeg,A49-AV,0,0.4331870079040527
sub-openieegDetroit004,openieeg,A5-AV,0,0.1566749811172485
sub-openieegDetroit004,openieeg,A50-AV,0,0.0286152362823486
sub-openieegDetroit004,openieeg,A51-AV,0,0.0940826535224914
sub-openieegDetroit004,openieeg,A52-AV,0,0.0735681056976318
sub-openieegDetroit004,openieeg,A53-AV,0,0.3013589978218078
sub-openieegDetroit004,openieeg,A54-AV,0,0.4155212044715881
sub-openieegDetroit004,openieeg,A55-AV,0,0.2067911624908447
sub-openieegDetroit004,openieeg,A56-AV,0,0.1267755627632141
sub-openieegDetroit004,openieeg,A57-AV,0,0.0909386873245239
sub-openieegDetroit004,openieeg,A58-AV,0,0.3144469857215881
sub-openieegDetroit004,openieeg,A59-AV,0,0.1164609193801879
sub-openieegDetroit004,openieeg,A6-AV,0,0.1388637423515319
sub-openieegDetroit004,openieeg,A60-AV,0,0.1759379506111145
sub-openieegDetroit004,openieeg,A61-AV,0,0.5024561882019043
sub-openieegDetroit004,openieeg,A62-AV,0,0.4402518272399902
sub-openieegDetroit004,openieeg,A63-AV,0,0.2857579588890075
sub-openieegDetroit004,openieeg,A7-AV,0,0.0916172266006469
sub-openieegDetroit004,openieeg,A8-AV,0,0.0496666431427001
sub-openieegDetroit004,openieeg,A9-AV,0,0.0298039317131042
sub-openieegDetroit008,openieeg,A1-AV,0,0.5727218985557556
sub-openieegDetroit008,openieeg,A10-AV,0,0.189435601234436
sub-openieegDetroit008,openieeg,A12-AV,0,0.1436644792556762
sub-openieegDetroit008,openieeg,A13-AV,0,0.3944551348686218
sub-openieegDetroit008,openieeg,A14-AV,0,0.0851120948791503
sub-openieegDetroit008,openieeg,A15-AV,0,0.0549211502075195
sub-openieegDetroit008,openieeg,A17-AV,0,0.4197552800178528
sub-openieegDetroit008,openieeg,A18-AV,0,0.0346049666404724
sub-openieegDetroit008,openieeg,A19-AV,0,0.0348305702209472
sub-openieegDetroit008,openieeg,A2-AV,0,0.310810387134552
sub-openieegDetroit008,openieeg,A20-AV,0,0.0427261590957641
sub-openieegDetroit008,openieeg,A21-AV,0,0.0553563237190246
sub-openieegDetroit008,openieeg,A22-AV,0,0.2322068810462951
sub-openieegDetroit008,openieeg,A23-AV,0,0.0904286503791809
sub-openieegDetroit008,openieeg,A24-AV,0,0.2811330556869507
sub-openieegDetroit008,openieeg,A25-AV,0,0.0430305004119873
sub-openieegDetroit008,openieeg,A26-AV,0,0.0519531965255737
sub-openieegDetroit008,openieeg,A27-AV,0,0.1258909106254577
sub-openieegDetroit008,openieeg,A28-AV,0,0.211601972579956
sub-openieegDetroit008,openieeg,A29-AV,0,0.1179466247558593
sub-openieegDetroit008,openieeg,A3-AV,0,0.1420029401779174
sub-openieegDetroit008,openieeg,A30-AV,1,0.0893879532814025
sub-openieegDetroit008,openieeg,A31-AV,0,0.0937405228614807
sub-openieegDetroit008,openieeg,A32-AV,0,0.0376883745193481
sub-openieegDetroit008,openieeg,A33-AV,0,0.0519618988037109
sub-openieegDetroit008,openieeg,A34-AV,0,0.065565288066864
sub-openieegDetroit008,openieeg,A35-AV,0,0.3719910383224487
sub-openieegDetroit008,openieeg,A36-AV,0,0.0879360437393188
sub-openieegDetroit008,openieeg,A37-AV,0,0.0307097434997558
sub-openieegDetroit008,openieeg,A38-AV,0,0.4103953242301941
sub-openieegDetroit008,openieeg,A39-AV,0,0.1120893955230712
sub-openieegDetroit008,openieeg,A4-AV,0,0.0385618805885314
sub-openieegDetroit008,openieeg,A40-AV,0,0.2208783030509948
sub-openieegDetroit008,openieeg,A41-AV,0,0.4082381725311279
sub-openieegDetroit008,openieeg,A42-AV,0,0.3135833144187927
sub-openieegDetroit008,openieeg,A43-AV,0,0.0622261762619018
sub-openieegDetroit008,openieeg,A44-AV,0,0.2077596187591552
sub-openieegDetroit008,openieeg,A45-AV,0,0.0195149183273315
sub-openieegDetroit008,openieeg,A46-AV,0,0.0643128156661987
sub-openieegDetroit008,openieeg,A47-AV,0,0.0648417472839355
sub-openieegDetroit008,openieeg,A48-AV,0,0.024149477481842
sub-openieegDetroit008,openieeg,A49-AV,0,0.226881206035614
sub-openieegDetroit008,openieeg,A5-AV,0,0.2848517298698425
sub-openieegDetroit008,openieeg,A50-AV,0,0.0752529501914978
sub-openieegDetroit008,openieeg,A51-AV,0,0.0886102318763732
sub-openieegDetroit008,openieeg,A52-AV,0,0.0282336473464965
sub-openieegDetroit008,openieeg,A53-AV,0,0.3403710722923279
sub-openieegDetroit008,openieeg,A54-AV,0,0.1225233674049377
sub-openieegDetroit008,openieeg,A56-AV,0,0.105883777141571
sub-openieegDetroit008,openieeg,A57-AV,0,0.1360616683959961
sub-openieegDetroit008,openieeg,A58-AV,0,0.0421458482742309
sub-openieegDetroit008,openieeg,A7-AV,0,0.1961309909820556
sub-openieegDetroit008,openieeg,A8-AV,0,0.2055352330207824
sub-openieegDetroit008,openieeg,A9-AV,0,0.3027510643005371
sub-openieegDetroit008,openieeg,B1-AV,1,0.4035175442695617
sub-openieegDetroit008,openieeg,B10-AV,1,0.2833538055419922
sub-openieegDetroit008,openieeg,B11-AV,1,0.2962802052497864
sub-openieegDetroit008,openieeg,B12-AV,1,0.2594201564788818
sub-openieegDetroit008,openieeg,B13-AV,0,0.0653342008590698
sub-openieegDetroit008,openieeg,B14-AV,0,0.0618249177932739
sub-openieegDetroit008,openieeg,B15-AV,0,0.0576337575912475
sub-openieegDetroit008,openieeg,B16-AV,0,0.0208134651184082
sub-openieegDetroit008,openieeg,B17-AV,0,0.1953886151313781
sub-openieegDetroit008,openieeg,B18-AV,0,0.2576924562454223
sub-openieegDetroit008,openieeg,B19-AV,1,0.1100808978080749
sub-openieegDetroit008,openieeg,B2-AV,1,0.4478979110717773
sub-openieegDetroit008,openieeg,B20-AV,1,0.3301331996917724
sub-openieegDetroit008,openieeg,B21-AV,0,0.0466747879981994
sub-openieegDetroit008,openieeg,B22-AV,0,0.5529273748397827
sub-openieegDetroit008,openieeg,B23-AV,0,0.2658535838127136
sub-openieegDetroit008,openieeg,B24-AV,0,0.0609673261642456
sub-openieegDetroit008,openieeg,B25-AV,0,0.0425574779510498
sub-openieegDetroit008,openieeg,B26-AV,0,0.2791616916656494
sub-openieegDetroit008,openieeg,B27-AV,1,0.0330700874328613
sub-openieegDetroit008,openieeg,B28-AV,1,0.0334957838058471
sub-openieegDetroit008,openieeg,B29-AV,0,0.0365090370178222
sub-openieegDetroit008,openieeg,B3-AV,1,0.098293125629425
sub-openieegDetroit008,openieeg,B30-AV,0,0.1522628664970398
sub-openieegDetroit008,openieeg,B31-AV,0,0.2555059790611267
sub-openieegDetroit008,openieeg,B32-AV,0,0.0484958291053772
sub-openieegDetroit008,openieeg,B33-AV,0,0.051028549671173
sub-openieegDetroit008,openieeg,B34-AV,0,0.487687349319458
sub-openieegDetroit008,openieeg,B35-AV,0,0.2431995272636413
sub-openieegDetroit008,openieeg,B36-AV,0,0.0621117949485778
sub-openieegDetroit008,openieeg,B37-AV,0,0.1492846608161926
sub-openieegDetroit008,openieeg,B38-AV,0,0.5767021179199219
sub-openieegDetroit008,openieeg,B39-AV,0,0.2050653100013733
sub-openieegDetroit008,openieeg,B4-AV,0,0.0441452264785766
sub-openieegDetroit008,openieeg,B40-AV,0,0.1197561025619506
sub-openieegDetroit008,openieeg,B41-AV,0,0.0138041973114013
sub-openieegDetroit008,openieeg,B42-AV,0,0.3875871896743774
sub-openieegDetroit008,openieeg,B43-AV,0,0.0195202827453613
sub-openieegDetroit008,openieeg,B44-AV,0,0.1820752620697021
sub-openieegDetroit008,openieeg,B45-AV,0,0.0453925728797912
sub-openieegDetroit008,openieeg,B46-AV,0,0.1462242603302002
sub-openieegDetroit008,openieeg,B47-AV,0,0.5604252815246582
sub-openieegDetroit008,openieeg,B49-AV,0,0.2239521741867065
sub-openieegDetroit008,openieeg,B5-AV,0,0.138456642627716
sub-openieegDetroit008,openieeg,B50-AV,0,0.0282955169677734
sub-openieegDetroit008,openieeg,B51-AV,0,0.1381807923316955
sub-openieegDetroit008,openieeg,B52-AV,0,0.120228111743927
sub-openieegDetroit008,openieeg,B53-AV,0,0.3251580595970154
sub-openieegDetroit008,openieeg,B54-AV,0,0.2696940898895263
sub-openieegDetroit008,openieeg,B55-AV,0,0.2173493504524231
sub-openieegDetroit008,openieeg,B56-AV,0,0.4671387076377868
sub-openieegDetroit008,openieeg,B57-AV,0,0.3494057655334472
sub-openieegDetroit008,openieeg,B58-AV,0,0.3948934674263
sub-openieegDetroit008,openieeg,B59-AV,0,0.0245085358619689
sub-openieegDetroit008,openieeg,B6-AV,0,0.0639189481735229
sub-openieegDetroit008,openieeg,B60-AV,0,0.2737635970115661
sub-openieegDetroit008,openieeg,B61-AV,0,0.1460590362548828
sub-openieegDetroit008,openieeg,B62-AV,0,0.1739857196807861
sub-openieegDetroit008,openieeg,B63-AV,0,0.1098378896713256
sub-openieegDetroit008,openieeg,B7-AV,0,0.0436719059944152
sub-openieegDetroit008,openieeg,B8-AV,0,0.1839699149131775
sub-openieegDetroit008,openieeg,B9-AV,0,0.0383118987083435
sub-openieegDetroit008,openieeg,C1-AV,0,0.2380809783935547
sub-openieegDetroit008,openieeg,C10-AV,0,0.224306583404541
sub-openieegDetroit008,openieeg,C11-AV,0,0.0206786394119262
sub-openieegDetroit008,openieeg,C12-AV,0,0.0614762306213378
sub-openieegDetroit008,openieeg,C13-AV,0,0.2370426654815673
sub-openieegDetroit008,openieeg,C14-AV,0,0.040687084197998
sub-openieegDetroit008,openieeg,C15-AV,0,0.3214629292488098
sub-openieegDetroit008,openieeg,C16-AV,0,0.2071813344955444
sub-openieegDetroit008,openieeg,C2-AV,0,0.3757397532463074
sub-openieegDetroit008,openieeg,C3-AV,0,0.1299529075622558
sub-openieegDetroit008,openieeg,C4-AV,0,0.0323486924171447
sub-openieegDetroit008,openieeg,C5-AV,0,0.1384785175323486
sub-openieegDetroit008,openieeg,C6-AV,0,0.1796478033065796
sub-openieegDetroit008,openieeg,C7-AV,0,0.2076699137687683
sub-openieegDetroit008,openieeg,C8-AV,0,0.0259342789649963
sub-openieegDetroit008,openieeg,C9-AV,0,0.1087782382965087
sub-openieegDetroit009,openieeg,A1-AV,0,0.0757530331611633
sub-openieegDetroit009,openieeg,A10-AV,0,0.1344134211540222
sub-openieegDetroit009,openieeg,A11-AV,0,0.075065016746521
sub-openieegDetroit009,openieeg,A12-AV,0,0.1396102905273437
sub-openieegDetroit009,openieeg,A13-AV,0,0.086712896823883
sub-openieegDetroit009,openieeg,A14-AV,0,0.0548371076583862
sub-openieegDetroit009,openieeg,A15-AV,0,0.0873279571533203
sub-openieegDetroit009,openieeg,A16-AV,0,0.0993878245353698
sub-openieegDetroit009,openieeg,A17-AV,0,0.0404669642448425
sub-openieegDetroit009,openieeg,A18-AV,0,0.1362568140029907
sub-openieegDetroit009,openieeg,A19-AV,0,0.2495907545089721
sub-openieegDetroit009,openieeg,A2-AV,0,0.2799489498138428
sub-openieegDetroit009,openieeg,A20-AV,0,0.0407779216766357
sub-openieegDetroit009,openieeg,A21-AV,0,0.209771454334259
sub-openieegDetroit009,openieeg,A22-AV,0,0.061862826347351
sub-openieegDetroit009,openieeg,A23-AV,0,0.1746329069137573
sub-openieegDetroit009,openieeg,A24-AV,0,0.0531091690063476
sub-openieegDetroit009,openieeg,A25-AV,0,0.1751320958137512
sub-openieegDetroit009,openieeg,A26-AV,0,0.4581270217895508
sub-openieegDetroit009,openieeg,A27-AV,0,0.1852160692214965
sub-openieegDetroit009,openieeg,A28-AV,0,0.4469839334487915
sub-openieegDetroit009,openieeg,A29-AV,0,0.189226746559143
sub-openieegDetroit009,openieeg,A3-AV,0,0.3137540221214294
sub-openieegDetroit009,openieeg,A30-AV,0,0.3032979965209961
sub-openieegDetroit009,openieeg,A31-AV,0,0.4266403913497925
sub-openieegDetroit009,openieeg,A32-AV,0,0.3846502900123596
sub-openieegDetroit009,openieeg,A33-AV,0,0.5956761240959167
sub-openieegDetroit009,openieeg,A34-AV,0,0.7635086178779602
sub-openieegDetroit009,openieeg,A35-AV,0,0.371330201625824
sub-openieegDetroit009,openieeg,A36-AV,0,0.1622502207756042
sub-openieegDetroit009,openieeg,A37-AV,0,0.1120696067810058
sub-openieegDetroit009,openieeg,A38-AV,0,0.5646110773086548
sub-openieegDetroit009,openieeg,A39-AV,0,0.5635087490081787
sub-openieegDetroit009,openieeg,A4-AV,0,0.0946758389472961
sub-openieegDetroit009,openieeg,A40-AV,0,0.4429220557212829
sub-openieegDetroit009,openieeg,A41-AV,0,0.1343401670455932
sub-openieegDetroit009,openieeg,A42-AV,0,0.4896994233131408
sub-openieegDetroit009,openieeg,A43-AV,0,0.0592079758644104
sub-openieegDetroit009,openieeg,A44-AV,0,0.2587176561355591
sub-openieegDetroit009,openieeg,A45-AV,0,0.05994713306427
sub-openieegDetroit009,openieeg,A46-AV,0,0.4418928623199463
sub-openieegDetroit009,openieeg,A47-AV,0,0.0269119143486022
sub-openieegDetroit009,openieeg,A48-AV,0,0.2611521482467651
sub-openieegDetroit009,openieeg,A5-AV,0,0.1241762042045593
sub-openieegDetroit009,openieeg,A7-AV,0,0.0928635597229003
sub-openieegDetroit009,openieeg,A8-AV,0,0.0829148888587951
sub-openieegDetroit009,openieeg,A9-AV,0,0.1020126342773437
sub-openieegDetroit009,openieeg,B1-AV,0,0.1372649073600769
sub-openieegDetroit009,openieeg,B10-AV,0,0.18905109167099
sub-openieegDetroit009,openieeg,B11-AV,0,0.2503306865692138
sub-openieegDetroit009,openieeg,B12-AV,0,0.0397974252700805
sub-openieegDetroit009,openieeg,B13-AV,0,0.3617856502532959
sub-openieegDetroit009,openieeg,B14-AV,0,0.3367021679878235
sub-openieegDetroit009,openieeg,B15-AV,0,0.3555088639259338
sub-openieegDetroit009,openieeg,B16-AV,0,0.2170389890670776
sub-openieegDetroit009,openieeg,B17-AV,0,0.0390182137489318
sub-openieegDetroit009,openieeg,B18-AV,0,0.0457040071487426
sub-openieegDetroit009,openieeg,B19-AV,0,0.0827052593231201
sub-openieegDetroit009,openieeg,B2-AV,0,0.1681655645370483
sub-openieegDetroit009,openieeg,B20-AV,0,0.1762193441390991
sub-openieegDetroit009,openieeg,B21-AV,0,0.4347085356712341
sub-openieegDetroit009,openieeg,B22-AV,0,0.5142557621002197
sub-openieegDetroit009,openieeg,B23-AV,0,0.1164836287498474
sub-openieegDetroit009,openieeg,B24-AV,0,0.1171201467514038
sub-openieegDetroit009,openieeg,B25-AV,0,0.1963068842887878
sub-openieegDetroit009,openieeg,B26-AV,0,0.0459730625152587
sub-openieegDetroit009,openieeg,B27-AV,0,0.0766027569770813
sub-openieegDetroit009,openieeg,B28-AV,0,0.0572208166122436
sub-openieegDetroit009,openieeg,B29-AV,0,0.0352634787559509
sub-openieegDetroit009,openieeg,B3-AV,0,0.3065568208694458
sub-openieegDetroit009,openieeg,B30-AV,0,0.2340695858001709
sub-openieegDetroit009,openieeg,B31-AV,0,0.28561931848526
sub-openieegDetroit009,openieeg,B32-AV,0,0.2661763429641723
sub-openieegDetroit009,openieeg,B33-AV,0,0.0343848466873168
sub-openieegDetroit009,openieeg,B34-AV,0,0.1122215390205383
sub-openieegDetroit009,openieeg,B35-AV,0,0.0756823420524597
sub-openieegDetroit009,openieeg,B36-AV,0,0.3431576490402221
sub-openieegDetroit009,openieeg,B37-AV,0,0.0637858510017395
sub-openieegDetroit009,openieeg,B38-AV,0,0.0836800932884216
sub-openieegDetroit009,openieeg,B39-AV,0,0.3865824341773987
sub-openieegDetroit009,openieeg,B4-AV,0,0.2654045820236206
sub-openieegDetroit009,openieeg,B40-AV,0,0.093629777431488
sub-openieegDetroit009,openieeg,B41-AV,0,0.3505590558052063
sub-openieegDetroit009,openieeg,B42-AV,0,0.0740007162094116
sub-openieegDetroit009,openieeg,B43-AV,0,0.0531150698661804
sub-openieegDetroit009,openieeg,B44-AV,0,0.1136756539344787
sub-openieegDetroit009,openieeg,B45-AV,0,0.0302037000656127
sub-openieegDetroit009,openieeg,B46-AV,0,0.0557992458343505
sub-openieegDetroit009,openieeg,B47-AV,0,0.2480435371398925
sub-openieegDetroit009,openieeg,B48-AV,0,0.4951788187026977
sub-openieegDetroit009,openieeg,B49-AV,0,0.0629347562789917
sub-openieegDetroit009,openieeg,B5-AV,0,0.1175711154937744
sub-openieegDetroit009,openieeg,B50-AV,0,0.0692867636680603
sub-openieegDetroit009,openieeg,B51-AV,0,0.0210038423538208
sub-openieegDetroit009,openieeg,B52-AV,0,0.2223796248435974
sub-openieegDetroit009,openieeg,B53-AV,0,0.0173918008804321
sub-openieegDetroit009,openieeg,B54-AV,0,0.0432605743408203
sub-openieegDetroit009,openieeg,B55-AV,0,0.0482146143913269
sub-openieegDetroit009,openieeg,B56-AV,0,0.2316160202026367
sub-openieegDetroit009,openieeg,B57-AV,0,0.1631527543067932
sub-openieegDetroit009,openieeg,B58-AV,0,0.0526281595230102
sub-openieegDetroit009,openieeg,B59-AV,0,0.0958748459815979
sub-openieegDetroit009,openieeg,B6-AV,0,0.4955319166183471
sub-openieegDetroit009,openieeg,B60-AV,0,0.0618406534194946
sub-openieegDetroit009,openieeg,B61-AV,0,0.0365337133407592
sub-openieegDetroit009,openieeg,B62-AV,0,0.0617993474006652
sub-openieegDetroit009,openieeg,B63-AV,0,0.2741926908493042
sub-openieegDetroit009,openieeg,B64-AV,0,0.0499466657638549
sub-openieegDetroit009,openieeg,B7-AV,0,0.3329843878746032
sub-openieegDetroit009,openieeg,B8-AV,0,0.6092769503593445
sub-openieegDetroit009,openieeg,B9-AV,0,0.0307863354682922
sub-openieegDetroit021,openieeg,A1-AV,0,0.4067174196243286
sub-openieegDetroit021,openieeg,A10-AV,0,0.0443894863128662
sub-openieegDetroit021,openieeg,A11-AV,0,0.0097912549972534
sub-openieegDetroit021,openieeg,A12-AV,0,0.0094684958457946
sub-openieegDetroit021,openieeg,A13-AV,0,0.0131400227546691
sub-openieegDetroit021,openieeg,A14-AV,0,0.0501602292060852
sub-openieegDetroit021,openieeg,A15-AV,0,0.0088763236999511
sub-openieegDetroit021,openieeg,A16-AV,0,0.0202975869178771
sub-openieegDetroit021,openieeg,A17-AV,0,0.0120594501495361
sub-openieegDetroit021,openieeg,A18-AV,0,0.012672483921051
sub-openieegDetroit021,openieeg,A2-AV,0,0.0138406157493591
sub-openieegDetroit021,openieeg,A21-AV,0,0.0180402994155883
sub-openieegDetroit021,openieeg,A22-AV,0,0.0244830250740051
sub-openieegDetroit021,openieeg,A23-AV,0,0.0104382634162902
sub-openieegDetroit021,openieeg,A24-AV,0,0.0099498033523559
sub-openieegDetroit021,openieeg,A25-AV,0,0.3601880073547363
sub-openieegDetroit021,openieeg,A26-AV,0,0.23148775100708
sub-openieegDetroit021,openieeg,A27-AV,0,0.0361126065254211
sub-openieegDetroit021,openieeg,A28-AV,0,0.0207751393318176
sub-openieegDetroit021,openieeg,A29-AV,0,0.0124208331108093
sub-openieegDetroit021,openieeg,A3-AV,0,0.1609129905700683
sub-openieegDetroit021,openieeg,A30-AV,0,0.0110996961593627
sub-openieegDetroit021,openieeg,A31-AV,0,0.1644288301467895
sub-openieegDetroit021,openieeg,A39-AV,0,0.1384633183479309
sub-openieegDetroit021,openieeg,A4-AV,0,0.3223552107810974
sub-openieegDetroit021,openieeg,A40-AV,0,0.0794906616210937
sub-openieegDetroit021,openieeg,A41-AV,0,0.0548479557037353
sub-openieegDetroit021,openieeg,A42-AV,0,0.5150137543678284
sub-openieegDetroit021,openieeg,A43-AV,0,0.6798659563064575
sub-openieegDetroit021,openieeg,A44-AV,0,0.3924002647399902
sub-openieegDetroit021,openieeg,A45-AV,0,0.0650354027748107
sub-openieegDetroit021,openieeg,A46-AV,0,0.0304000973701477
sub-openieegDetroit021,openieeg,A48-AV,0,0.2047427296638488
sub-openieegDetroit021,openieeg,A49-AV,0,0.0197386741638183
sub-openieegDetroit021,openieeg,A5-AV,0,0.0318599939346313
sub-openieegDetroit021,openieeg,A50-AV,0,0.0875966548919677
sub-openieegDetroit021,openieeg,A53-AV,0,0.1473186016082763
sub-openieegDetroit021,openieeg,A54-AV,0,0.3544382452964782
sub-openieegDetroit021,openieeg,A55-AV,0,0.3626952171325683
sub-openieegDetroit021,openieeg,A56-AV,0,0.0330663323402404
sub-openieegDetroit021,openieeg,A6-AV,0,0.409996747970581
sub-openieegDetroit021,openieeg,A7-AV,0,0.3164506554603576
sub-openieegDetroit021,openieeg,A8-AV,1,0.7655888795852661
sub-openieegDetroit021,openieeg,A9-AV,1,0.6311149597167969
sub-openieegDetroit021,openieeg,B1-AV,0,0.0090635418891906
sub-openieegDetroit021,openieeg,B10-AV,0,0.1170188188552856
sub-openieegDetroit021,openieeg,B12-AV,0,0.174191415309906
sub-openieegDetroit021,openieeg,B13-AV,0,0.0484200716018676
sub-openieegDetroit021,openieeg,B14-AV,0,0.0428240299224853
sub-openieegDetroit021,openieeg,B15-AV,0,0.1895239353179931
sub-openieegDetroit021,openieeg,B16-AV,0,0.0217382907867431
sub-openieegDetroit021,openieeg,B17-AV,0,0.6416155099868774
sub-openieegDetroit021,openieeg,B2-AV,0,0.011532723903656
sub-openieegDetroit021,openieeg,B21-AV,0,0.4242569208145141
sub-openieegDetroit021,openieeg,B24-AV,0,0.0206667780876159
sub-openieegDetroit021,openieeg,B25-AV,0,0.7044966220855713
sub-openieegDetroit021,openieeg,B26-AV,0,0.6581307649612427
sub-openieegDetroit021,openieeg,B27-AV,0,0.5162037014961243
sub-openieegDetroit021,openieeg,B28-AV,0,0.6341992616653442
sub-openieegDetroit021,openieeg,B29-AV,0,0.5436620712280273
sub-openieegDetroit021,openieeg,B3-AV,0,0.0460091233253479
sub-openieegDetroit021,openieeg,B30-AV,0,0.128290593624115
sub-openieegDetroit021,openieeg,B31-AV,0,0.0391392111778259
sub-openieegDetroit021,openieeg,B32-AV,0,0.0515210032463073
sub-openieegDetroit021,openieeg,B33-AV,0,0.0207864642143249
sub-openieegDetroit021,openieeg,B34-AV,0,0.7503291368484497
sub-openieegDetroit021,openieeg,B35-AV,0,0.6804667115211487
sub-openieegDetroit021,openieeg,B36-AV,0,0.6843374967575073
sub-openieegDetroit021,openieeg,B37-AV,1,0.7608931660652161
sub-openieegDetroit021,openieeg,B4-AV,0,0.0235691666603088
sub-openieegDetroit021,openieeg,B40-AV,0,0.5014891624450684
sub-openieegDetroit021,openieeg,B41-AV,0,0.0143870711326599
sub-openieegDetroit021,openieeg,B42-AV,0,0.0615236163139343
sub-openieegDetroit021,openieeg,B43-AV,0,0.0542827844619751
sub-openieegDetroit021,openieeg,B46-AV,1,0.7284361124038696
sub-openieegDetroit021,openieeg,B47-AV,1,0.7794485688209534
sub-openieegDetroit021,openieeg,B48-AV,0,0.8131353259086609
sub-openieegDetroit021,openieeg,B49-AV,0,0.056328535079956
sub-openieegDetroit021,openieeg,B5-AV,0,0.0111249685287475
sub-openieegDetroit021,openieeg,B50-AV,0,0.6953059434890747
sub-openieegDetroit021,openieeg,B51-AV,0,0.0559965968132019
sub-openieegDetroit021,openieeg,B52-AV,0,0.1690084934234619
sub-openieegDetroit021,openieeg,B53-AV,0,0.6662369966506958
sub-openieegDetroit021,openieeg,B54-AV,1,0.7604529857635498
sub-openieegDetroit021,openieeg,B55-AV,1,0.7013214826583862
sub-openieegDetroit021,openieeg,B56-AV,1,0.7329968810081482
sub-openieegDetroit021,openieeg,B57-AV,0,0.0438815951347351
sub-openieegDetroit021,openieeg,B58-AV,0,0.0109960436820983
sub-openieegDetroit021,openieeg,B59-AV,0,0.0133318901062011
sub-openieegDetroit021,openieeg,B6-AV,0,0.0237821340560913
sub-openieegDetroit021,openieeg,B60-AV,0,0.0305625796318054
sub-openieegDetroit021,openieeg,B61-AV,0,0.2081607580184936
sub-openieegDetroit021,openieeg,B62-AV,1,0.8091722726821899
sub-openieegDetroit021,openieeg,B63-AV,1,0.7804362177848816
sub-openieegDetroit021,openieeg,B64-AV,0,0.2791471481323242
sub-openieegDetroit021,openieeg,B7-AV,0,0.0326698422431945
sub-openieegDetroit021,openieeg,B8-AV,0,0.0126242637634277
sub-openieegDetroit021,openieeg,B9-AV,0,0.0828838944435119
sub-openieegDetroit024,openieeg,A1-AV,0,0.082455039024353
sub-openieegDetroit024,openieeg,A10-AV,0,0.0305926799774169
sub-openieegDetroit024,openieeg,A11-AV,1,0.0325157642364501
sub-openieegDetroit024,openieeg,A12-AV,1,0.7146207094192505
sub-openieegDetroit024,openieeg,A16-AV,0,0.0414191484451293
sub-openieegDetroit024,openieeg,A17-AV,1,0.5192888379096985
sub-openieegDetroit024,openieeg,A18-AV,1,0.1645216941833496
sub-openieegDetroit024,openieeg,A19-AV,0,0.0157994627952575
sub-openieegDetroit024,openieeg,A2-AV,1,0.7474703192710876
sub-openieegDetroit024,openieeg,A20-AV,0,0.0355086922645568
sub-openieegDetroit024,openieeg,A21-AV,0,0.0744321942329406
sub-openieegDetroit024,openieeg,A22-AV,0,0.2356256246566772
sub-openieegDetroit024,openieeg,A23-AV,0,0.1853509545326233
sub-openieegDetroit024,openieeg,A24-AV,0,0.1456896066665649
sub-openieegDetroit024,openieeg,A25-AV,0,0.0475432872772216
sub-openieegDetroit024,openieeg,A26-AV,0,0.0227401256561279
sub-openieegDetroit024,openieeg,A27-AV,0,0.1005564332008361
sub-openieegDetroit024,openieeg,A28-AV,0,0.2689592838287353
sub-openieegDetroit024,openieeg,A29-AV,0,0.4135274887084961
sub-openieegDetroit024,openieeg,A3-AV,1,0.6082770228385925
sub-openieegDetroit024,openieeg,A31-AV,0,0.0246737003326416
sub-openieegDetroit024,openieeg,A32-AV,0,0.0647577047348022
sub-openieegDetroit024,openieeg,A33-AV,0,0.2361382246017456
sub-openieegDetroit024,openieeg,A34-AV,0,0.281728982925415
sub-openieegDetroit024,openieeg,A35-AV,0,0.0295689105987548
sub-openieegDetroit024,openieeg,A36-AV,0,0.0356192588806152
sub-openieegDetroit024,openieeg,A37-AV,0,0.1520713567733764
sub-openieegDetroit024,openieeg,A38-AV,0,0.1364048719406128
sub-openieegDetroit024,openieeg,A39-AV,0,0.6631029844284058
sub-openieegDetroit024,openieeg,A4-AV,0,0.0205863714218139
sub-openieegDetroit024,openieeg,A40-AV,0,0.5499024391174316
sub-openieegDetroit024,openieeg,A41-AV,0,0.0996288061141967
sub-openieegDetroit024,openieeg,A42-AV,0,0.5202774405479431
sub-openieegDetroit024,openieeg,A43-AV,0,0.2982532382011413
sub-openieegDetroit024,openieeg,A44-AV,0,0.030077576637268
sub-openieegDetroit024,openieeg,A46-AV,0,0.124595046043396
sub-openieegDetroit024,openieeg,A47-AV,0,0.0679454803466796
sub-openieegDetroit024,openieeg,A48-AV,0,0.1549067497253418
sub-openieegDetroit024,openieeg,A5-AV,0,0.0435523986816406
sub-openieegDetroit024,openieeg,A6-AV,0,0.0365891456604003
sub-openieegDetroit024,openieeg,A7-AV,0,0.0765294432640075
sub-openieegDetroit024,openieeg,A8-AV,0,0.1047315597534179
sub-openieegDetroit024,openieeg,B1-AV,0,0.086462914943695
sub-openieegDetroit024,openieeg,B10-AV,0,0.0667052865028381
sub-openieegDetroit024,openieeg,B11-AV,0,0.1425292491912841
sub-openieegDetroit024,openieeg,B12-AV,0,0.2208054065704345
sub-openieegDetroit024,openieeg,B13-AV,0,0.5725815892219543
sub-openieegDetroit024,openieeg,B14-AV,0,0.2788643836975097
sub-openieegDetroit024,openieeg,B15-AV,0,0.1139541864395141
sub-openieegDetroit024,openieeg,B16-AV,0,0.0337631106376647
sub-openieegDetroit024,openieeg,B17-AV,0,0.1161455512046814
sub-openieegDetroit024,openieeg,B18-AV,0,0.0207868218421936
sub-openieegDetroit024,openieeg,B19-AV,0,0.341038167476654
sub-openieegDetroit024,openieeg,B2-AV,0,0.0207045078277587
sub-openieegDetroit024,openieeg,B20-AV,0,0.1221832633018493
sub-openieegDetroit024,openieeg,B21-AV,0,0.0782263278961181
sub-openieegDetroit024,openieeg,B22-AV,0,0.1171945333480835
sub-openieegDetroit024,openieeg,B23-AV,0,0.0527293682098388
sub-openieegDetroit024,openieeg,B24-AV,0,0.0421869754791259
sub-openieegDetroit024,openieeg,B25-AV,0,0.0390107035636901
sub-openieegDetroit024,openieeg,B26-AV,0,0.2684548497200012
sub-openieegDetroit024,openieeg,B27-AV,0,0.0274258255958557
sub-openieegDetroit024,openieeg,B28-AV,0,0.4669632911682129
sub-openieegDetroit024,openieeg,B29-AV,0,0.2144638895988464
sub-openieegDetroit024,openieeg,B3-AV,0,0.0280820727348327
sub-openieegDetroit024,openieeg,B30-AV,0,0.1092996597290039
sub-openieegDetroit024,openieeg,B31-AV,0,0.1322834491729736
sub-openieegDetroit024,openieeg,B32-AV,0,0.1533294320106506
sub-openieegDetroit024,openieeg,B33-AV,0,0.1027227640151977
sub-openieegDetroit024,openieeg,B34-AV,0,0.0811944603919982
sub-openieegDetroit024,openieeg,B35-AV,0,0.6466678380966187
sub-openieegDetroit024,openieeg,B36-AV,0,0.3451016545295715
sub-openieegDetroit024,openieeg,B37-AV,0,0.1439626216888427
sub-openieegDetroit024,openieeg,B38-AV,0,0.0117416977882385
sub-openieegDetroit024,openieeg,B39-AV,1,0.1174622178077697
sub-openieegDetroit024,openieeg,B4-AV,0,0.392229676246643
sub-openieegDetroit024,openieeg,B40-AV,1,0.7359955906867981
sub-openieegDetroit024,openieeg,B42-AV,0,0.0175392031669616
sub-openieegDetroit024,openieeg,B43-AV,0,0.4464027881622314
sub-openieegDetroit024,openieeg,B44-AV,0,0.2962100505828857
sub-openieegDetroit024,openieeg,B45-AV,1,0.6145607829093933
sub-openieegDetroit024,openieeg,B46-AV,0,0.0509499311447143
sub-openieegDetroit024,openieeg,B47-AV,1,0.6669206619262695
sub-openieegDetroit024,openieeg,B48-AV,1,0.7073618769645691
sub-openieegDetroit024,openieeg,B49-AV,0,0.0990593433380127
sub-openieegDetroit024,openieeg,B5-AV,0,0.3070595264434814
sub-openieegDetroit024,openieeg,B50-AV,0,0.0255860090255737
sub-openieegDetroit024,openieeg,B51-AV,0,0.0377253890037536
sub-openieegDetroit024,openieeg,B52-AV,1,0.6866391897201538
sub-openieegDetroit024,openieeg,B53-AV,1,0.3491327166557312
sub-openieegDetroit024,openieeg,B54-AV,0,0.028191864490509
sub-openieegDetroit024,openieeg,B55-AV,0,0.105823278427124
sub-openieegDetroit024,openieeg,B56-AV,0,0.0236890912055969
sub-openieegDetroit024,openieeg,B57-AV,0,0.0364723205566406
sub-openieegDetroit024,openieeg,B58-AV,0,0.0367125272750854
sub-openieegDetroit024,openieeg,B59-AV,0,0.0332611203193664
sub-openieegDetroit024,openieeg,B6-AV,0,0.1065112948417663
sub-openieegDetroit024,openieeg,B60-AV,0,0.057035744190216
sub-openieegDetroit024,openieeg,B61-AV,0,0.0665618181228637
sub-openieegDetroit024,openieeg,B62-AV,0,0.0466963052749633
sub-openieegDetroit024,openieeg,B63-AV,0,0.1764035820960998
sub-openieegDetroit024,openieeg,B64-AV,0,0.1230340003967285
sub-openieegDetroit024,openieeg,B7-AV,0,0.0231719017028808
sub-openieegDetroit024,openieeg,B8-AV,0,0.0282841920852661
sub-openieegDetroit024,openieeg,B9-AV,0,0.0098664164543151
sub-openieegDetroit029,openieeg,A1-AV,0,0.1398185491561889
sub-openieegDetroit029,openieeg,A10-AV,0,0.0232580304145813
sub-openieegDetroit029,openieeg,A11-AV,0,0.0079807639122009
sub-openieegDetroit029,openieeg,A12-AV,0,0.0462061762809753
sub-openieegDetroit029,openieeg,A13-AV,0,0.108755886554718
sub-openieegDetroit029,openieeg,A14-AV,1,0.2301238775253296
sub-openieegDetroit029,openieeg,A15-AV,1,0.0314686298370361
sub-openieegDetroit029,openieeg,A17-AV,0,0.06901216506958
sub-openieegDetroit029,openieeg,A18-AV,0,0.0347284078598022
sub-openieegDetroit029,openieeg,A19-AV,0,0.1414381265640258
sub-openieegDetroit029,openieeg,A2-AV,0,0.4449211359024048
sub-openieegDetroit029,openieeg,A20-AV,0,0.0369480848312377
sub-openieegDetroit029,openieeg,A21-AV,0,0.5106327533721924
sub-openieegDetroit029,openieeg,A22-AV,1,0.60643470287323
sub-openieegDetroit029,openieeg,A23-AV,0,0.6837289333343506
sub-openieegDetroit029,openieeg,A24-AV,0,0.0303069353103637
sub-openieegDetroit029,openieeg,A25-AV,0,0.4430301785469055
sub-openieegDetroit029,openieeg,A26-AV,0,0.2363648414611816
sub-openieegDetroit029,openieeg,A27-AV,0,0.0139484405517578
sub-openieegDetroit029,openieeg,A28-AV,0,0.023191213607788
sub-openieegDetroit029,openieeg,A29-AV,0,0.0260246396064758
sub-openieegDetroit029,openieeg,A3-AV,0,0.0551640391349792
sub-openieegDetroit029,openieeg,A30-AV,0,0.146948754787445
sub-openieegDetroit029,openieeg,A31-AV,1,0.0444713234901428
sub-openieegDetroit029,openieeg,A32-AV,1,0.5889803767204285
sub-openieegDetroit029,openieeg,A33-AV,0,0.4401983618736267
sub-openieegDetroit029,openieeg,A34-AV,0,0.2399584054946899
sub-openieegDetroit029,openieeg,A35-AV,0,0.4119129776954651
sub-openieegDetroit029,openieeg,A36-AV,0,0.0608183741569519
sub-openieegDetroit029,openieeg,A37-AV,0,0.29329913854599
sub-openieegDetroit029,openieeg,A38-AV,0,0.122687816619873
sub-openieegDetroit029,openieeg,A39-AV,0,0.0435467958450317
sub-openieegDetroit029,openieeg,A4-AV,0,0.0173538923263549
sub-openieegDetroit029,openieeg,A40-AV,0,0.0850129127502441
sub-openieegDetroit029,openieeg,A41-AV,0,0.6137429475784302
sub-openieegDetroit029,openieeg,A42-AV,0,0.0452948808670043
sub-openieegDetroit029,openieeg,A5-AV,1,0.0480528473854064
sub-openieegDetroit029,openieeg,A6-AV,1,0.0156812071800231
sub-openieegDetroit029,openieeg,A7-AV,0,0.0240479111671447
sub-openieegDetroit029,openieeg,A8-AV,0,0.0596340298652648
sub-openieegDetroit029,openieeg,A9-AV,0,0.0285145044326782
sub-openieegDetroit029,openieeg,B1-AV,1,0.5303155183792114
sub-openieegDetroit029,openieeg,B10-AV,1,0.5804373025894165
sub-openieegDetroit029,openieeg,B11-AV,0,0.0506812334060668
sub-openieegDetroit029,openieeg,B12-AV,0,0.0355386734008789
sub-openieegDetroit029,openieeg,B13-AV,0,0.0240742564201354
sub-openieegDetroit029,openieeg,B14-AV,0,0.0489248633384704
sub-openieegDetroit029,openieeg,B15-AV,0,0.0722147822380065
sub-openieegDetroit029,openieeg,B16-AV,1,0.0675318837165832
sub-openieegDetroit029,openieeg,B17-AV,0,0.0604617595672607
sub-openieegDetroit029,openieeg,B18-AV,0,0.0422515869140625
sub-openieegDetroit029,openieeg,B19-AV,0,0.0138663649559021
sub-openieegDetroit029,openieeg,B2-AV,1,0.1000322103500366
sub-openieegDetroit029,openieeg,B20-AV,0,0.0134890079498291
sub-openieegDetroit029,openieeg,B22-AV,0,0.0141854882240295
sub-openieegDetroit029,openieeg,B25-AV,0,0.2384740114212036
sub-openieegDetroit029,openieeg,B26-AV,0,0.1566284298896789
sub-openieegDetroit029,openieeg,B27-AV,0,0.2579044699668884
sub-openieegDetroit029,openieeg,B28-AV,0,0.0160886049270629
sub-openieegDetroit029,openieeg,B29-AV,0,0.0145494937896728
sub-openieegDetroit029,openieeg,B3-AV,0,0.1016560792922973
sub-openieegDetroit029,openieeg,B30-AV,0,0.0385310649871826
sub-openieegDetroit029,openieeg,B31-AV,0,0.0260130167007446
sub-openieegDetroit029,openieeg,B32-AV,0,0.0136235356330871
sub-openieegDetroit029,openieeg,B33-AV,0,0.0174219012260437
sub-openieegDetroit029,openieeg,B34-AV,0,0.0676557421684265
sub-openieegDetroit029,openieeg,B35-AV,0,0.3249563574790954
sub-openieegDetroit029,openieeg,B36-AV,0,0.2599784135818481
sub-openieegDetroit029,openieeg,B37-AV,0,0.2590735554695129
sub-openieegDetroit029,openieeg,B38-AV,0,0.0474491119384765
sub-openieegDetroit029,openieeg,B39-AV,0,0.0273736119270324
sub-openieegDetroit029,openieeg,B4-AV,0,0.3905885815620422
sub-openieegDetroit029,openieeg,B40-AV,0,0.0119880437850952
sub-openieegDetroit029,openieeg,B41-AV,0,0.1718115806579589
sub-openieegDetroit029,openieeg,B42-AV,0,0.0814000368118286
sub-openieegDetroit029,openieeg,B43-AV,0,0.2011112570762634
sub-openieegDetroit029,openieeg,B44-AV,0,0.0587710738182067
sub-openieegDetroit029,openieeg,B45-AV,0,0.4781748652458191
sub-openieegDetroit029,openieeg,B46-AV,0,0.2692991495132446
sub-openieegDetroit029,openieeg,B47-AV,0,0.0306368470191955
sub-openieegDetroit029,openieeg,B48-AV,0,0.0162038803100585
sub-openieegDetroit029,openieeg,B49-AV,0,0.0354313850402832
sub-openieegDetroit029,openieeg,B50-AV,0,0.4282131195068359
sub-openieegDetroit029,openieeg,B51-AV,0,0.3223483562469482
sub-openieegDetroit029,openieeg,B52-AV,0,0.0767382979393005
sub-openieegDetroit029,openieeg,B53-AV,0,0.2623581290245056
sub-openieegDetroit029,openieeg,B54-AV,0,0.4597008824348449
sub-openieegDetroit029,openieeg,B55-AV,0,0.0707128643989563
sub-openieegDetroit029,openieeg,B56-AV,0,0.0352993011474609
sub-openieegDetroit029,openieeg,B57-AV,0,0.2933281064033508
sub-openieegDetroit029,openieeg,B58-AV,0,0.2739079594612121
sub-openieegDetroit029,openieeg,B59-AV,0,0.2318755388259887
sub-openieegDetroit029,openieeg,B60-AV,0,0.019156277179718
sub-openieegDetroit029,openieeg,B61-AV,0,0.2508965730667114
sub-openieegDetroit029,openieeg,B62-AV,0,0.391240119934082
sub-openieegDetroit029,openieeg,B63-AV,0,0.2089457511901855
sub-openieegDetroit029,openieeg,B64-AV,0,0.4734875559806824
sub-openieegDetroit029,openieeg,B7-AV,0,0.0284737944602966
sub-openieegDetroit029,openieeg,B8-AV,1,0.396528959274292
sub-openieegDetroit029,openieeg,B9-AV,1,0.342180073261261
sub-openieegDetroit032,openieeg,A1-AV,0,0.2221174240112304
sub-openieegDetroit032,openieeg,A10-AV,0,0.1481193304061889
sub-openieegDetroit032,openieeg,A11-AV,0,0.136843740940094
sub-openieegDetroit032,openieeg,A12-AV,0,0.3087129592895508
sub-openieegDetroit032,openieeg,A13-AV,0,0.1874613165855407
sub-openieegDetroit032,openieeg,A14-AV,0,0.1557378768920898
sub-openieegDetroit032,openieeg,A15-AV,0,0.0274374485015869
sub-openieegDetroit032,openieeg,A16-AV,0,0.0988925695419311
sub-openieegDetroit032,openieeg,A17-AV,0,0.0896289944648742
sub-openieegDetroit032,openieeg,A18-AV,0,0.4672831296920776
sub-openieegDetroit032,openieeg,A19-AV,0,0.0208436250686645
sub-openieegDetroit032,openieeg,A2-AV,0,0.0172172784805297
sub-openieegDetroit032,openieeg,A20-AV,0,0.5765126943588257
sub-openieegDetroit032,openieeg,A21-AV,0,0.2286605834960937
sub-openieegDetroit032,openieeg,A22-AV,0,0.032294750213623
sub-openieegDetroit032,openieeg,A23-AV,0,0.0304940938949584
sub-openieegDetroit032,openieeg,A24-AV,0,0.1021201014518737
sub-openieegDetroit032,openieeg,A25-AV,0,0.308465838432312
sub-openieegDetroit032,openieeg,A26-AV,0,0.0278325676918029
sub-openieegDetroit032,openieeg,A27-AV,0,0.0449339151382446
sub-openieegDetroit032,openieeg,A28-AV,0,0.1953744888305664
sub-openieegDetroit032,openieeg,A29-AV,0,0.5886685848236084
sub-openieegDetroit032,openieeg,A3-AV,0,0.3823821544647217
sub-openieegDetroit032,openieeg,A30-AV,0,0.6424626708030701
sub-openieegDetroit032,openieeg,A31-AV,0,0.0302286148071289
sub-openieegDetroit032,openieeg,A32-AV,0,0.0361368656158447
sub-openieegDetroit032,openieeg,A33-AV,0,0.5239697694778442
sub-openieegDetroit032,openieeg,A34-AV,0,0.5042586326599121
sub-openieegDetroit032,openieeg,A36-AV,0,0.15674889087677
sub-openieegDetroit032,openieeg,A37-AV,0,0.0177428126335144
sub-openieegDetroit032,openieeg,A38-AV,0,0.4725956916809082
sub-openieegDetroit032,openieeg,A39-AV,0,0.105593204498291
sub-openieegDetroit032,openieeg,A4-AV,0,0.3839244246482849
sub-openieegDetroit032,openieeg,A41-AV,0,0.5459235906600952
sub-openieegDetroit032,openieeg,A42-AV,0,0.5743570327758789
sub-openieegDetroit032,openieeg,A43-AV,0,0.4415961503982544
sub-openieegDetroit032,openieeg,A44-AV,0,0.3928239941596985
sub-openieegDetroit032,openieeg,A45-AV,0,0.0609499812126159
sub-openieegDetroit032,openieeg,A48-AV,0,0.2030295133590698
sub-openieegDetroit032,openieeg,A49-AV,1,0.6192549467086792
sub-openieegDetroit032,openieeg,A5-AV,0,0.2940677404403686
sub-openieegDetroit032,openieeg,A50-AV,0,0.1647035479545593
sub-openieegDetroit032,openieeg,A51-AV,0,0.0349926948547363
sub-openieegDetroit032,openieeg,A52-AV,0,0.0440467596054077
sub-openieegDetroit032,openieeg,A53-AV,0,0.0301454067230224
sub-openieegDetroit032,openieeg,A54-AV,0,0.0454676151275634
sub-openieegDetroit032,openieeg,A55-AV,0,0.0407202243804931
sub-openieegDetroit032,openieeg,A56-AV,0,0.0723709464073181
sub-openieegDetroit032,openieeg,A57-AV,1,0.6369569897651672
sub-openieegDetroit032,openieeg,A58-AV,0,0.0611745715141296
sub-openieegDetroit032,openieeg,A59-AV,0,0.0302180647850036
sub-openieegDetroit032,openieeg,A6-AV,0,0.4735265374183655
sub-openieegDetroit032,openieeg,A61-AV,0,0.0668715834617614
sub-openieegDetroit032,openieeg,A62-AV,0,0.0450703501701355
sub-openieegDetroit032,openieeg,A63-AV,0,0.034949243068695
sub-openieegDetroit032,openieeg,A64-AV,0,0.0578172802925109
sub-openieegDetroit032,openieeg,A7-AV,0,0.3513084650039673
sub-openieegDetroit032,openieeg,A8-AV,0,0.0648432970046997
sub-openieegDetroit032,openieeg,A9-AV,0,0.4242281317710876
sub-openieegDetroit032,openieeg,B1-AV,0,0.1396660208702087
sub-openieegDetroit032,openieeg,B10-AV,0,0.062613844871521
sub-openieegDetroit032,openieeg,B11-AV,0,0.0450106859207153
sub-openieegDetroit032,openieeg,B13-AV,0,0.0745800733566284
sub-openieegDetroit032,openieeg,B14-AV,0,0.0480789542198181
sub-openieegDetroit032,openieeg,B15-AV,0,0.1102321147918701
sub-openieegDetroit032,openieeg,B16-AV,0,0.0419787764549255
sub-openieegDetroit032,openieeg,B2-AV,0,0.0322362780570983
sub-openieegDetroit032,openieeg,B29-AV,0,0.6511024236679077
sub-openieegDetroit032,openieeg,B3-AV,0,0.0449793934822082
sub-openieegDetroit032,openieeg,B30-AV,0,0.6268627643585205
sub-openieegDetroit032,openieeg,B31-AV,0,0.66266930103302
sub-openieegDetroit032,openieeg,B32-AV,0,0.1541125774383545
sub-openieegDetroit032,openieeg,B33-AV,0,0.0729234218597412
sub-openieegDetroit032,openieeg,B34-AV,0,0.5727524161338806
sub-openieegDetroit032,openieeg,B4-AV,0,0.0379899740219116
sub-openieegDetroit032,openieeg,B5-AV,0,0.0456418395042419
sub-openieegDetroit032,openieeg,B6-AV,0,0.0770025253295898
sub-openieegDetroit032,openieeg,B7-AV,0,0.0321388840675354
sub-openieegDetroit032,openieeg,B8-AV,0,0.0213217139244079
sub-openieegDetroit032,openieeg,B9-AV,0,0.193748652935028
sub-openieegDetroit034,openieeg,A1-AV,0,0.1915251612663269
sub-openieegDetroit034,openieeg,A10-AV,0,0.0659977197647094
sub-openieegDetroit034,openieeg,A11-AV,0,0.6060923337936401
sub-openieegDetroit034,openieeg,A12-AV,0,0.2337451577186584
sub-openieegDetroit034,openieeg,A14-AV,0,0.2454199790954589
sub-openieegDetroit034,openieeg,A15-AV,0,0.0594908595085144
sub-openieegDetroit034,openieeg,A16-AV,0,0.1247099637985229
sub-openieegDetroit034,openieeg,A17-AV,0,0.7233649492263794
sub-openieegDetroit034,openieeg,A18-AV,0,0.2916322946548462
sub-openieegDetroit034,openieeg,A19-AV,0,0.2927517890930176
sub-openieegDetroit034,openieeg,A2-AV,0,0.0419434309005737
sub-openieegDetroit034,openieeg,A20-AV,0,0.5491496324539185
sub-openieegDetroit034,openieeg,A21-AV,0,0.2988044619560241
sub-openieegDetroit034,openieeg,A22-AV,0,0.3548072576522827
sub-openieegDetroit034,openieeg,A23-AV,0,0.6987998485565186
sub-openieegDetroit034,openieeg,A24-AV,0,0.7081378698348999
sub-openieegDetroit034,openieeg,A25-AV,0,0.744189441204071
sub-openieegDetroit034,openieeg,A26-AV,0,0.1215263605117797
sub-openieegDetroit034,openieeg,A27-AV,0,0.0213059186935424
sub-openieegDetroit034,openieeg,A28-AV,0,0.018370509147644
sub-openieegDetroit034,openieeg,A29-AV,0,0.0176710486412048
sub-openieegDetroit034,openieeg,A3-AV,0,0.1263001561164856
sub-openieegDetroit034,openieeg,A30-AV,0,0.0218257904052734
sub-openieegDetroit034,openieeg,A31-AV,0,0.0338652729988098
sub-openieegDetroit034,openieeg,A32-AV,0,0.0190963149070739
sub-openieegDetroit034,openieeg,A33-AV,0,0.0323038101196289
sub-openieegDetroit034,openieeg,A34-AV,0,0.0286917090415954
sub-openieegDetroit034,openieeg,A36-AV,0,0.027804672718048
sub-openieegDetroit034,openieeg,A37-AV,0,0.0236361026763916
sub-openieegDetroit034,openieeg,A38-AV,0,0.0157903432846069
sub-openieegDetroit034,openieeg,A39-AV,0,0.0287001132965087
sub-openieegDetroit034,openieeg,A4-AV,0,0.0799661874771118
sub-openieegDetroit034,openieeg,A40-AV,0,0.0237464308738708
sub-openieegDetroit034,openieeg,A41-AV,0,0.0279610157012939
sub-openieegDetroit034,openieeg,A42-AV,0,0.1795424818992614
sub-openieegDetroit034,openieeg,A43-AV,0,0.1159225106239318
sub-openieegDetroit034,openieeg,A44-AV,0,0.0305721759796142
sub-openieegDetroit034,openieeg,A45-AV,0,0.0260006785392761
sub-openieegDetroit034,openieeg,A46-AV,0,0.0420033931732177
sub-openieegDetroit034,openieeg,A47-AV,0,0.6240115761756897
sub-openieegDetroit034,openieeg,A48-AV,0,0.7336610555648804
sub-openieegDetroit034,openieeg,A49-AV,0,0.1829888820648193
sub-openieegDetroit034,openieeg,A5-AV,0,0.0137616395950317
sub-openieegDetroit034,openieeg,A50-AV,0,0.0887888669967651
sub-openieegDetroit034,openieeg,A51-AV,0,0.3125972151756286
sub-openieegDetroit034,openieeg,A52-AV,0,0.0230481028556823
sub-openieegDetroit034,openieeg,A53-AV,0,0.0503681302070617
sub-openieegDetroit034,openieeg,A54-AV,0,0.0384836792945861
sub-openieegDetroit034,openieeg,A55-AV,0,0.6362714767456055
sub-openieegDetroit034,openieeg,A56-AV,0,0.6255145072937012
sub-openieegDetroit034,openieeg,A57-AV,0,0.2126052975654602
sub-openieegDetroit034,openieeg,A58-AV,0,0.0632553696632385
sub-openieegDetroit034,openieeg,A59-AV,0,0.0970031023025512
sub-openieegDetroit034,openieeg,A6-AV,0,0.0682079195976257
sub-openieegDetroit034,openieeg,A60-AV,0,0.0450861454010009
sub-openieegDetroit034,openieeg,A61-AV,0,0.0216297507286071
sub-openieegDetroit034,openieeg,A62-AV,0,0.0159990787506103
sub-openieegDetroit034,openieeg,A63-AV,0,0.0288161635398864
sub-openieegDetroit034,openieeg,A64-AV,0,0.0161049962043762
sub-openieegDetroit034,openieeg,A7-AV,0,0.0982272028923034
sub-openieegDetroit034,openieeg,A8-AV,0,0.3220536708831787
sub-openieegDetroit034,openieeg,A9-AV,0,0.3991952538490295
sub-openieegDetroit034,openieeg,B1-AV,0,0.6564475893974304
sub-openieegDetroit034,openieeg,B10-AV,0,0.630969762802124
sub-openieegDetroit034,openieeg,B11-AV,0,0.3485105633735657
sub-openieegDetroit034,openieeg,B12-AV,0,0.0624921917915344
sub-openieegDetroit034,openieeg,B13-AV,0,0.090928316116333
sub-openieegDetroit034,openieeg,B14-AV,0,0.0251720547676086
sub-openieegDetroit034,openieeg,B15-AV,0,0.0389946699142456
sub-openieegDetroit034,openieeg,B16-AV,0,0.0561988949775695
sub-openieegDetroit034,openieeg,B17-AV,0,0.7585522532463074
sub-openieegDetroit034,openieeg,B18-AV,0,0.7854416370391846
sub-openieegDetroit034,openieeg,B19-AV,1,0.8202403783798218
sub-openieegDetroit034,openieeg,B2-AV,0,0.0820862650871276
sub-openieegDetroit034,openieeg,B20-AV,1,0.5013079643249512
sub-openieegDetroit034,openieeg,B21-AV,0,0.4049877524375915
sub-openieegDetroit034,openieeg,B22-AV,0,0.0195931792259216
sub-openieegDetroit034,openieeg,B23-AV,0,0.0521594285964965
sub-openieegDetroit034,openieeg,B24-AV,0,0.0375266075134277
sub-openieegDetroit034,openieeg,B25-AV,1,0.7335079908370972
sub-openieegDetroit034,openieeg,B26-AV,1,0.8345043659210205
sub-openieegDetroit034,openieeg,B27-AV,0,0.6865391135215759
sub-openieegDetroit034,openieeg,B28-AV,0,0.3067349791526794
sub-openieegDetroit034,openieeg,B29-AV,0,0.6258905529975891
sub-openieegDetroit034,openieeg,B3-AV,0,0.0578714609146118
sub-openieegDetroit034,openieeg,B30-AV,0,0.2059577107429504
sub-openieegDetroit034,openieeg,B31-AV,0,0.1504919528961181
sub-openieegDetroit034,openieeg,B32-AV,0,0.0675750374794006
sub-openieegDetroit034,openieeg,B33-AV,1,0.784783124923706
sub-openieegDetroit034,openieeg,B34-AV,1,0.8425760865211487
sub-openieegDetroit034,openieeg,B35-AV,0,0.1462079286575317
sub-openieegDetroit034,openieeg,B36-AV,0,0.8181085586547852
sub-openieegDetroit034,openieeg,B37-AV,1,0.8362138271331787
sub-openieegDetroit034,openieeg,B38-AV,1,0.3288272619247436
sub-openieegDetroit034,openieeg,B39-AV,0,0.028214693069458
sub-openieegDetroit034,openieeg,B4-AV,0,0.027804672718048
sub-openieegDetroit034,openieeg,B40-AV,0,0.1100078821182251
sub-openieegDetroit034,openieeg,B41-AV,0,0.8097646832466125
sub-openieegDetroit034,openieeg,B42-AV,0,0.5101922750473022
sub-openieegDetroit034,openieeg,B43-AV,0,0.0633293390274047
sub-openieegDetroit034,openieeg,B44-AV,0,0.1649191379547119
sub-openieegDetroit034,openieeg,B46-AV,0,0.2720585465431213
sub-openieegDetroit034,openieeg,B47-AV,0,0.0361988544464111
sub-openieegDetroit034,openieeg,B48-AV,0,0.0299690961837768
sub-openieegDetroit034,openieeg,B49-AV,0,0.4799121618270874
sub-openieegDetroit034,openieeg,B5-AV,0,0.0240246057510375
sub-openieegDetroit034,openieeg,B50-AV,0,0.3257739543914795
sub-openieegDetroit034,openieeg,B51-AV,0,0.24252450466156
sub-openieegDetroit034,openieeg,B52-AV,0,0.0383887290954589
sub-openieegDetroit034,openieeg,B53-AV,0,0.5156576633453369
sub-openieegDetroit034,openieeg,B54-AV,0,0.4347155094146728
sub-openieegDetroit034,openieeg,B55-AV,0,0.7111104726791382
sub-openieegDetroit034,openieeg,B56-AV,0,0.4370840787887573
sub-openieegDetroit034,openieeg,B57-AV,0,0.772173285484314
sub-openieegDetroit034,openieeg,B58-AV,0,0.4472619295120239
sub-openieegDetroit034,openieeg,B59-AV,0,0.2459222674369812
sub-openieegDetroit034,openieeg,B6-AV,0,0.0201199650764465
sub-openieegDetroit034,openieeg,B60-AV,0,0.0724856257438659
sub-openieegDetroit034,openieeg,B62-AV,0,0.4184125661849975
sub-openieegDetroit034,openieeg,B63-AV,0,0.7706878185272217
sub-openieegDetroit034,openieeg,B64-AV,0,0.7160792350769043
sub-openieegDetroit034,openieeg,B7-AV,0,0.0228899717330932
sub-openieegDetroit034,openieeg,B8-AV,0,0.0266798734664917
sub-openieegDetroit034,openieeg,B9-AV,0,0.7619398236274719
sub-openieegDetroit036,openieeg,A1-AV,0,0.0110989809036254
sub-openieegDetroit036,openieeg,A10-AV,0,0.6087648868560791
sub-openieegDetroit036,openieeg,A12-AV,0,0.093837022781372
sub-openieegDetroit036,openieeg,A13-AV,0,0.4097279906272888
sub-openieegDetroit036,openieeg,A14-AV,0,0.0713275671005249
sub-openieegDetroit036,openieeg,A15-AV,0,0.3769808411598205
sub-openieegDetroit036,openieeg,A16-AV,0,0.4207111001014709
sub-openieegDetroit036,openieeg,A17-AV,0,0.0560507178306579
sub-openieegDetroit036,openieeg,A18-AV,0,0.0333988070487976
sub-openieegDetroit036,openieeg,A19-AV,0,0.0277586579322814
sub-openieegDetroit036,openieeg,A2-AV,0,0.0171632766723632
sub-openieegDetroit036,openieeg,A21-AV,0,0.1505557894706726
sub-openieegDetroit036,openieeg,A23-AV,0,0.355424165725708
sub-openieegDetroit036,openieeg,A24-AV,0,0.1328336000442505
sub-openieegDetroit036,openieeg,A25-AV,0,0.0430465340614318
sub-openieegDetroit036,openieeg,A26-AV,0,0.0731660723686218
sub-openieegDetroit036,openieeg,A27-AV,0,0.0177959203720092
sub-openieegDetroit036,openieeg,A28-AV,0,0.0179654359817504
sub-openieegDetroit036,openieeg,A29-AV,0,0.0119687318801879
sub-openieegDetroit036,openieeg,A3-AV,0,0.5533937215805054
sub-openieegDetroit036,openieeg,A31-AV,0,0.4361850619316101
sub-openieegDetroit036,openieeg,A32-AV,0,0.4710692167282104
sub-openieegDetroit036,openieeg,A33-AV,0,0.4875125885009765
sub-openieegDetroit036,openieeg,A34-AV,0,0.4055373072624206
sub-openieegDetroit036,openieeg,A35-AV,0,0.3278722763061523
sub-openieegDetroit036,openieeg,A36-AV,0,0.0180574059486389
sub-openieegDetroit036,openieeg,A37-AV,0,0.0681245923042297
sub-openieegDetroit036,openieeg,A38-AV,0,0.0233035087585449
sub-openieegDetroit036,openieeg,A39-AV,0,0.1389987468719482
sub-openieegDetroit036,openieeg,A4-AV,0,0.721104621887207
sub-openieegDetroit036,openieeg,A40-AV,0,0.0089093446731567
sub-openieegDetroit036,openieeg,A41-AV,0,0.0205749869346618
sub-openieegDetroit036,openieeg,A42-AV,0,0.0116335749626159
sub-openieegDetroit036,openieeg,A43-AV,0,0.0130034685134887
sub-openieegDetroit036,openieeg,A44-AV,0,0.1065312027931213
sub-openieegDetroit036,openieeg,A45-AV,0,0.0614746809005737
sub-openieegDetroit036,openieeg,A46-AV,0,0.0117625594139099
sub-openieegDetroit036,openieeg,A47-AV,0,0.0419254302978515
sub-openieegDetroit036,openieeg,A48-AV,0,0.1140111684799194
sub-openieegDetroit036,openieeg,A49-AV,0,0.0549370050430297
sub-openieegDetroit036,openieeg,A5-AV,0,0.5328685641288757
sub-openieegDetroit036,openieeg,A50-AV,0,0.0178104639053344
sub-openieegDetroit036,openieeg,A6-AV,1,0.3930612206459045
sub-openieegDetroit036,openieeg,A7-AV,0,0.033023178577423
sub-openieegDetroit036,openieeg,A8-AV,0,0.0327805876731872
sub-openieegDetroit036,openieeg,A9-AV,0,0.6382284164428711
sub-openieegDetroit036,openieeg,B1-AV,0,0.0164056420326232
sub-openieegDetroit036,openieeg,B10-AV,0,0.0783013701438903
sub-openieegDetroit036,openieeg,B12-AV,0,0.446475625038147
sub-openieegDetroit036,openieeg,B14-AV,0,0.4563652873039245
sub-openieegDetroit036,openieeg,B16-AV,0,0.0415909886360168
sub-openieegDetroit036,openieeg,B18-AV,0,0.0946354866027832
sub-openieegDetroit036,openieeg,B19-AV,0,0.4050129055976867
sub-openieegDetroit036,openieeg,B2-AV,0,0.2543447613716125
sub-openieegDetroit036,openieeg,B20-AV,0,0.2062273621559143
sub-openieegDetroit036,openieeg,B21-AV,0,0.6098163723945618
sub-openieegDetroit036,openieeg,B22-AV,0,0.4734539985656738
sub-openieegDetroit036,openieeg,B23-AV,0,0.064679205417633
sub-openieegDetroit036,openieeg,B24-AV,0,0.0177521109580993
sub-openieegDetroit036,openieeg,B25-AV,0,0.221118152141571
sub-openieegDetroit036,openieeg,B26-AV,0,0.2207620739936828
sub-openieegDetroit036,openieeg,B27-AV,0,0.3083452582359314
sub-openieegDetroit036,openieeg,B28-AV,0,0.6329203844070435
sub-openieegDetroit036,openieeg,B29-AV,0,0.5802391767501831
sub-openieegDetroit036,openieeg,B3-AV,0,0.2399210929870605
sub-openieegDetroit036,openieeg,B30-AV,0,0.5560014247894287
sub-openieegDetroit036,openieeg,B31-AV,0,0.1179484128952026
sub-openieegDetroit036,openieeg,B32-AV,0,0.0080205202102661
sub-openieegDetroit036,openieeg,B33-AV,0,0.0442693829536438
sub-openieegDetroit036,openieeg,B34-AV,0,0.133083164691925
sub-openieegDetroit036,openieeg,B35-AV,0,0.2882695198059082
sub-openieegDetroit036,openieeg,B36-AV,0,0.5577915906906128
sub-openieegDetroit036,openieeg,B37-AV,0,0.5418268442153931
sub-openieegDetroit036,openieeg,B38-AV,0,0.3050381541252136
sub-openieegDetroit036,openieeg,B39-AV,0,0.0114253163337707
sub-openieegDetroit036,openieeg,B4-AV,0,0.0157259106636047
sub-openieegDetroit036,openieeg,B40-AV,0,0.0208608508110046
sub-openieegDetroit036,openieeg,B41-AV,0,0.0181091427803039
sub-openieegDetroit036,openieeg,B42-AV,0,0.0109216570854187
sub-openieegDetroit036,openieeg,B43-AV,0,0.0119575262069702
sub-openieegDetroit036,openieeg,B44-AV,0,0.0170658230781555
sub-openieegDetroit036,openieeg,B45-AV,0,0.5535193681716919
sub-openieegDetroit036,openieeg,B46-AV,0,0.0219246745109558
sub-openieegDetroit036,openieeg,B47-AV,0,0.1067404150962829
sub-openieegDetroit036,openieeg,B48-AV,0,0.0113523602485656
sub-openieegDetroit036,openieeg,B49-AV,0,0.0232525467872619
sub-openieegDetroit036,openieeg,B5-AV,0,0.3835582137107849
sub-openieegDetroit036,openieeg,B50-AV,0,0.020447552204132
sub-openieegDetroit036,openieeg,B51-AV,0,0.0245759487152099
sub-openieegDetroit036,openieeg,B52-AV,0,0.0251569747924804
sub-openieegDetroit036,openieeg,B53-AV,0,0.0271501541137695
sub-openieegDetroit036,openieeg,B54-AV,0,0.0222905874252319
sub-openieegDetroit036,openieeg,B55-AV,0,0.0146173238754272
sub-openieegDetroit036,openieeg,B56-AV,0,0.0171082019805908
sub-openieegDetroit036,openieeg,B57-AV,0,0.2032988667488098
sub-openieegDetroit036,openieeg,B58-AV,0,0.0225980281829834
sub-openieegDetroit036,openieeg,B59-AV,0,0.0755974650382995
sub-openieegDetroit036,openieeg,B6-AV,0,0.5045364499092102
sub-openieegDetroit036,openieeg,B60-AV,0,0.5662922859191895
sub-openieegDetroit036,openieeg,B61-AV,0,0.2035086154937744
sub-openieegDetroit036,openieeg,B62-AV,0,0.0223953127861022
sub-openieegDetroit036,openieeg,B63-AV,0,0.0175362229347229
sub-openieegDetroit036,openieeg,B64-AV,0,0.012229561805725
sub-openieegDetroit036,openieeg,B7-AV,0,0.4048080444335937
sub-openieegDetroit036,openieeg,B8-AV,0,0.0282511711120605
sub-openieegDetroit036,openieeg,B9-AV,0,0.0110727548599243
sub-openieegDetroit037,openieeg,A10-AV,0,0.1252921819686889
sub-openieegDetroit037,openieeg,A11-AV,0,0.3278839588165283
sub-openieegDetroit037,openieeg,A12-AV,0,0.1090182662010192
sub-openieegDetroit037,openieeg,A15-AV,0,0.1338323950767517
sub-openieegDetroit037,openieeg,A16-AV,0,0.034026026725769
sub-openieegDetroit037,openieeg,A17-AV,0,0.0944743156433105
sub-openieegDetroit037,openieeg,A18-AV,0,0.0826969742774963
sub-openieegDetroit037,openieeg,A19-AV,0,0.0986749529838562
sub-openieegDetroit037,openieeg,A2-AV,0,0.2114089131355285
sub-openieegDetroit037,openieeg,A20-AV,0,0.1339300274848938
sub-openieegDetroit037,openieeg,A21-AV,0,0.067331314086914
sub-openieegDetroit037,openieeg,A22-AV,0,0.0440567135810852
sub-openieegDetroit037,openieeg,A23-AV,0,0.2332818508148193
sub-openieegDetroit037,openieeg,A24-AV,0,0.2259712219238281
sub-openieegDetroit037,openieeg,A25-AV,0,0.3135508894920349
sub-openieegDetroit037,openieeg,A26-AV,0,0.1093138456344604
sub-openieegDetroit037,openieeg,A27-AV,0,0.1596750020980835
sub-openieegDetroit037,openieeg,A28-AV,0,0.0624620914459228
sub-openieegDetroit037,openieeg,A29-AV,0,0.0554816126823425
sub-openieegDetroit037,openieeg,A3-AV,0,0.0759398341178894
sub-openieegDetroit037,openieeg,A30-AV,0,0.0850818753242492
sub-openieegDetroit037,openieeg,A33-AV,0,0.0971115827560424
sub-openieegDetroit037,openieeg,A34-AV,0,0.1985536813735962
sub-openieegDetroit037,openieeg,A35-AV,0,0.151853859424591
sub-openieegDetroit037,openieeg,A36-AV,0,0.0731207132339477
sub-openieegDetroit037,openieeg,A37-AV,0,0.0868139863014221
sub-openieegDetroit037,openieeg,A4-AV,0,0.0626721382141113
sub-openieegDetroit037,openieeg,A5-AV,0,0.1662567853927612
sub-openieegDetroit037,openieeg,A6-AV,0,0.3696377873420715
sub-openieegDetroit037,openieeg,A9-AV,0,0.0255796909332275
sub-openieegDetroit037,openieeg,B1-AV,0,0.1743910312652588
sub-openieegDetroit037,openieeg,B10-AV,0,0.2377488613128662
sub-openieegDetroit037,openieeg,B11-AV,0,0.0584140419960022
sub-openieegDetroit037,openieeg,B14-AV,0,0.4291398525238037
sub-openieegDetroit037,openieeg,B15-AV,0,0.2640303373336792
sub-openieegDetroit037,openieeg,B17-AV,0,0.0928555130958557
sub-openieegDetroit037,openieeg,B18-AV,0,0.538283109664917
sub-openieegDetroit037,openieeg,B19-AV,0,0.2920677065849304
sub-openieegDetroit037,openieeg,B2-AV,0,0.0633671879768371
sub-openieegDetroit037,openieeg,B20-AV,0,0.272819459438324
sub-openieegDetroit037,openieeg,B21-AV,0,0.3440649509429931
sub-openieegDetroit037,openieeg,B22-AV,0,0.2303338050842285
sub-openieegDetroit037,openieeg,B23-AV,0,0.0866865515708923
sub-openieegDetroit037,openieeg,B24-AV,0,0.12801194190979
sub-openieegDetroit037,openieeg,B25-AV,0,0.3087954521179199
sub-openieegDetroit037,openieeg,B26-AV,0,0.1468007564544677
sub-openieegDetroit037,openieeg,B27-AV,0,0.1912042498588562
sub-openieegDetroit037,openieeg,B28-AV,0,0.197590172290802
sub-openieegDetroit037,openieeg,B29-AV,0,0.1927071213722229
sub-openieegDetroit037,openieeg,B30-AV,0,0.463548481464386
sub-openieegDetroit037,openieeg,B32-AV,0,0.2586650848388672
sub-openieegDetroit037,openieeg,B33-AV,0,0.2698075771331787
sub-openieegDetroit037,openieeg,B34-AV,0,0.1977652311325073
sub-openieegDetroit037,openieeg,B35-AV,0,0.2625467181205749
sub-openieegDetroit037,openieeg,B36-AV,0,0.090962529182434
sub-openieegDetroit037,openieeg,B37-AV,0,0.0736763477325439
sub-openieegDetroit037,openieeg,B38-AV,0,0.2745333313941955
sub-openieegDetroit037,openieeg,B39-AV,0,0.1284524202346801
sub-openieegDetroit037,openieeg,B40-AV,0,0.0608157515525817
sub-openieegDetroit037,openieeg,B41-AV,0,0.155880868434906
sub-openieegDetroit037,openieeg,B42-AV,0,0.0654187202453613
sub-openieegDetroit037,openieeg,B43-AV,0,0.0666602849960327
sub-openieegDetroit037,openieeg,B44-AV,0,0.1288972496986389
sub-openieegDetroit037,openieeg,B45-AV,0,0.0821951031684875
sub-openieegDetroit037,openieeg,B46-AV,0,0.0631965994834899
sub-openieegDetroit037,openieeg,B47-AV,0,0.1395042538642883
sub-openieegDetroit037,openieeg,B48-AV,0,0.1889683604240417
sub-openieegDetroit037,openieeg,B49-AV,0,0.4255996942520141
sub-openieegDetroit037,openieeg,B5-AV,0,0.2133611440658569
sub-openieegDetroit037,openieeg,B50-AV,0,0.4525299072265625
sub-openieegDetroit037,openieeg,B51-AV,0,0.158511221408844
sub-openieegDetroit037,openieeg,B52-AV,0,0.2970603704452514
sub-openieegDetroit037,openieeg,B53-AV,0,0.1062240600585937
sub-openieegDetroit037,openieeg,B54-AV,0,0.2779525518417358
sub-openieegDetroit037,openieeg,B55-AV,0,0.1590774059295654
sub-openieegDetroit037,openieeg,B56-AV,0,0.0851197838783264
sub-openieegDetroit037,openieeg,B57-AV,0,0.0949353575706482
sub-openieegDetroit037,openieeg,B59-AV,0,0.2162873148918151
sub-openieegDetroit037,openieeg,B6-AV,0,0.2509069442749023
sub-openieegDetroit037,openieeg,B60-AV,0,0.1498306989669799
sub-openieegDetroit037,openieeg,B61-AV,0,0.1129895448684692
sub-openieegDetroit037,openieeg,B62-AV,0,0.166182279586792
sub-openieegDetroit037,openieeg,B63-AV,0,0.0708560347557067
sub-openieegDetroit037,openieeg,B64-AV,0,0.1260342597961425
sub-openieegDetroit037,openieeg,B7-AV,0,0.6215933561325073
sub-openieegDetroit037,openieeg,B8-AV,0,0.2714030742645263
sub-openieegDetroit037,openieeg,B9-AV,0,0.2673901915550232
sub-openieegDetroit038,openieeg,A1-AV,1,0.4422570466995239
sub-openieegDetroit038,openieeg,A10-AV,1,0.4479840397834778
sub-openieegDetroit038,openieeg,A11-AV,1,0.5390208959579468
sub-openieegDetroit038,openieeg,A12-AV,0,0.0512629151344299
sub-openieegDetroit038,openieeg,A13-AV,0,0.2656533122062683
sub-openieegDetroit038,openieeg,A14-AV,0,0.0421866178512573
sub-openieegDetroit038,openieeg,A15-AV,0,0.1272443532943725
sub-openieegDetroit038,openieeg,A16-AV,0,0.0230235457420349
sub-openieegDetroit038,openieeg,A17-AV,0,0.1802144050598144
sub-openieegDetroit038,openieeg,A18-AV,0,0.0746124982833862
sub-openieegDetroit038,openieeg,A19-AV,0,0.2165733575820922
sub-openieegDetroit038,openieeg,A2-AV,1,0.1066207289695739
sub-openieegDetroit038,openieeg,A20-AV,0,0.1649894118309021
sub-openieegDetroit038,openieeg,A22-AV,0,0.1186379790306091
sub-openieegDetroit038,openieeg,A23-AV,0,0.1683406829833984
sub-openieegDetroit038,openieeg,A25-AV,0,0.3534566760063171
sub-openieegDetroit038,openieeg,A26-AV,0,0.2145730257034301
sub-openieegDetroit038,openieeg,A27-AV,0,0.1698402166366577
sub-openieegDetroit038,openieeg,A28-AV,0,0.2730609178543091
sub-openieegDetroit038,openieeg,A29-AV,0,0.1596255302429199
sub-openieegDetroit038,openieeg,A3-AV,1,0.0222790837287902
sub-openieegDetroit038,openieeg,A30-AV,0,0.20444256067276
sub-openieegDetroit038,openieeg,A31-AV,0,0.0245634317398071
sub-openieegDetroit038,openieeg,A32-AV,0,0.068393588066101
sub-openieegDetroit038,openieeg,A35-AV,0,0.1344621181488037
sub-openieegDetroit038,openieeg,A36-AV,0,0.1077929735183715
sub-openieegDetroit038,openieeg,A37-AV,0,0.1927680969238281
sub-openieegDetroit038,openieeg,A38-AV,0,0.0949556827545166
sub-openieegDetroit038,openieeg,A39-AV,0,0.0379413366317749
sub-openieegDetroit038,openieeg,A4-AV,1,0.0563493371009826
sub-openieegDetroit038,openieeg,A40-AV,0,0.1373406648635864
sub-openieegDetroit038,openieeg,A41-AV,0,0.2148174047470092
sub-openieegDetroit038,openieeg,A42-AV,0,0.4061861038208008
sub-openieegDetroit038,openieeg,A43-AV,0,0.2640469074249267
sub-openieegDetroit038,openieeg,A44-AV,0,0.5030402541160583
sub-openieegDetroit038,openieeg,A5-AV,1,0.0570323467254638
sub-openieegDetroit038,openieeg,A6-AV,0,0.0765331983566284
sub-openieegDetroit038,openieeg,A7-AV,1,0.1001293063163757
sub-openieegDetroit038,openieeg,A8-AV,1,0.0615931153297424
sub-openieegDetroit038,openieeg,A9-AV,1,0.0622273683547973
sub-openieegDetroit038,openieeg,B1-AV,0,0.0983264446258544
sub-openieegDetroit038,openieeg,B10-AV,0,0.037054419517517
sub-openieegDetroit038,openieeg,B11-AV,0,0.3817968368530273
sub-openieegDetroit038,openieeg,B12-AV,0,0.0317977666854858
sub-openieegDetroit038,openieeg,B13-AV,0,0.0180428028106689
sub-openieegDetroit038,openieeg,B14-AV,0,0.0231020450592041
sub-openieegDetroit038,openieeg,B15-AV,0,0.0301741957664489
sub-openieegDetroit038,openieeg,B16-AV,0,0.0732573866844177
sub-openieegDetroit038,openieeg,B17-AV,0,0.1406909227371215
sub-openieegDetroit038,openieeg,B18-AV,0,0.2207548022270202
sub-openieegDetroit038,openieeg,B19-AV,0,0.0934969186782836
sub-openieegDetroit038,openieeg,B20-AV,0,0.0682964324951171
sub-openieegDetroit038,openieeg,B21-AV,0,0.029738962650299
sub-openieegDetroit038,openieeg,B22-AV,0,0.1052460670471191
sub-openieegDetroit038,openieeg,B23-AV,0,0.4637869000434875
sub-openieegDetroit038,openieeg,B24-AV,0,0.0514262318611145
sub-openieegDetroit038,openieeg,B25-AV,0,0.0423734784126281
sub-openieegDetroit038,openieeg,B26-AV,0,0.2971387505531311
sub-openieegDetroit038,openieeg,B27-AV,0,0.0774345397949218
sub-openieegDetroit038,openieeg,B28-AV,0,0.203065276145935
sub-openieegDetroit038,openieeg,B29-AV,0,0.071998119354248
sub-openieegDetroit038,openieeg,B3-AV,0,0.1578607559204101
sub-openieegDetroit038,openieeg,B30-AV,0,0.2149170637130737
sub-openieegDetroit038,openieeg,B31-AV,0,0.0552496910095214
sub-openieegDetroit038,openieeg,B32-AV,0,0.2143759727478027
sub-openieegDetroit038,openieeg,B33-AV,0,0.3991198539733886
sub-openieegDetroit038,openieeg,B35-AV,0,0.3201961517333984
sub-openieegDetroit038,openieeg,B36-AV,0,0.1846739053726196
sub-openieegDetroit038,openieeg,B37-AV,0,0.2030879855155944
sub-openieegDetroit038,openieeg,B38-AV,0,0.1344345211982727
sub-openieegDetroit038,openieeg,B39-AV,0,0.0547132492065429
sub-openieegDetroit038,openieeg,B4-AV,0,0.028549313545227
sub-openieegDetroit038,openieeg,B40-AV,0,0.4132201671600342
sub-openieegDetroit038,openieeg,B41-AV,0,0.4528223276138305
sub-openieegDetroit038,openieeg,B42-AV,0,0.5880883932113647
sub-openieegDetroit038,openieeg,B43-AV,0,0.2672685980796814
sub-openieegDetroit038,openieeg,B44-AV,0,0.1394091248512268
sub-openieegDetroit038,openieeg,B45-AV,0,0.1539335250854492
sub-openieegDetroit038,openieeg,B47-AV,0,0.2943435311317444
sub-openieegDetroit038,openieeg,B48-AV,0,0.190035343170166
sub-openieegDetroit038,openieeg,B49-AV,0,0.383630633354187
sub-openieegDetroit038,openieeg,B5-AV,0,0.0609988570213317
sub-openieegDetroit038,openieeg,B50-AV,0,0.2441547513008117
sub-openieegDetroit038,openieeg,B51-AV,0,0.1438549757003784
sub-openieegDetroit038,openieeg,B52-AV,0,0.0806396603584289
sub-openieegDetroit038,openieeg,B53-AV,0,0.3386858701705932
sub-openieegDetroit038,openieeg,B54-AV,0,0.0427706241607666
sub-openieegDetroit038,openieeg,B55-AV,0,0.2327648997306823
sub-openieegDetroit038,openieeg,B56-AV,0,0.2802469730377197
sub-openieegDetroit038,openieeg,B57-AV,0,0.0433957576751709
sub-openieegDetroit038,openieeg,B58-AV,0,0.1673717498779297
sub-openieegDetroit038,openieeg,B59-AV,0,0.4876625537872314
sub-openieegDetroit038,openieeg,B6-AV,0,0.0391142964363098
sub-openieegDetroit038,openieeg,B60-AV,0,0.076826274394989
sub-openieegDetroit038,openieeg,B61-AV,0,0.2926104068756103
sub-openieegDetroit038,openieeg,B62-AV,0,0.1267749071121215
sub-openieegDetroit038,openieeg,B63-AV,0,0.0280643105506896
sub-openieegDetroit038,openieeg,B64-AV,0,0.0455864667892456
sub-openieegDetroit038,openieeg,B7-AV,0,0.0744162797927856
sub-openieegDetroit038,openieeg,B8-AV,0,0.0286923646926879
sub-openieegDetroit038,openieeg,B9-AV,0,0.0512232184410095
sub-openieegDetroit039,openieeg,A1-AV,0,0.5116665959358215
sub-openieegDetroit039,openieeg,A10-AV,0,0.3729978203773498
sub-openieegDetroit039,openieeg,A11-AV,0,0.0723508596420288
sub-openieegDetroit039,openieeg,A12-AV,0,0.1573706865310669
sub-openieegDetroit039,openieeg,A13-AV,0,0.6577920317649841
sub-openieegDetroit039,openieeg,A14-AV,0,0.6560632586479187
sub-openieegDetroit039,openieeg,A15-AV,0,0.4735724925994873
sub-openieegDetroit039,openieeg,A16-AV,0,0.1529266834259033
sub-openieegDetroit039,openieeg,A17-AV,0,0.2549582719802856
sub-openieegDetroit039,openieeg,A18-AV,0,0.6732054948806763
sub-openieegDetroit039,openieeg,A19-AV,0,0.051091730594635
sub-openieegDetroit039,openieeg,A2-AV,0,0.6849384307861328
sub-openieegDetroit039,openieeg,A20-AV,0,0.4143767356872558
sub-openieegDetroit039,openieeg,A21-AV,0,0.0412930846214294
sub-openieegDetroit039,openieeg,A22-AV,0,0.0541614294052124
sub-openieegDetroit039,openieeg,A23-AV,0,0.0555136203765869
sub-openieegDetroit039,openieeg,A24-AV,0,0.0558359026908874
sub-openieegDetroit039,openieeg,A25-AV,0,0.1995656490325927
sub-openieegDetroit039,openieeg,A26-AV,0,0.107045829296112
sub-openieegDetroit039,openieeg,A27-AV,0,0.1999884843826294
sub-openieegDetroit039,openieeg,A28-AV,0,0.0770171880722045
sub-openieegDetroit039,openieeg,A29-AV,0,0.0216457247734069
sub-openieegDetroit039,openieeg,A3-AV,0,0.6914607286453247
sub-openieegDetroit039,openieeg,A30-AV,0,0.3357973098754883
sub-openieegDetroit039,openieeg,A31-AV,0,0.0485427975654602
sub-openieegDetroit039,openieeg,A32-AV,0,0.0134623050689697
sub-openieegDetroit039,openieeg,A33-AV,0,0.0716646909713745
sub-openieegDetroit039,openieeg,A34-AV,0,0.0212377905845642
sub-openieegDetroit039,openieeg,A35-AV,0,0.0612183809280395
sub-openieegDetroit039,openieeg,A36-AV,0,0.0869874954223632
sub-openieegDetroit039,openieeg,A37-AV,0,0.0477929711341857
sub-openieegDetroit039,openieeg,A38-AV,0,0.0261251926422119
sub-openieegDetroit039,openieeg,A39-AV,0,0.0963164567947387
sub-openieegDetroit039,openieeg,A4-AV,0,0.6901161670684814
sub-openieegDetroit039,openieeg,A40-AV,0,0.024491548538208
sub-openieegDetroit039,openieeg,A41-AV,0,0.017776072025299
sub-openieegDetroit039,openieeg,A42-AV,0,0.3842193484306335
sub-openieegDetroit039,openieeg,A43-AV,0,0.2582818269729614
sub-openieegDetroit039,openieeg,A44-AV,0,0.3565364480018616
sub-openieegDetroit039,openieeg,A45-AV,0,0.0205971598625183
sub-openieegDetroit039,openieeg,A46-AV,0,0.1358236670494079
sub-openieegDetroit039,openieeg,A47-AV,0,0.0181604623794555
sub-openieegDetroit039,openieeg,A48-AV,0,0.1924517154693603
sub-openieegDetroit039,openieeg,A49-AV,0,0.0626747012138366
sub-openieegDetroit039,openieeg,A5-AV,0,0.7224434614181519
sub-openieegDetroit039,openieeg,A50-AV,0,0.2749004960060119
sub-openieegDetroit039,openieeg,A51-AV,0,0.3490614891052246
sub-openieegDetroit039,openieeg,A52-AV,0,0.115493893623352
sub-openieegDetroit039,openieeg,A53-AV,0,0.0697952508926391
sub-openieegDetroit039,openieeg,A54-AV,0,0.1019970774650573
sub-openieegDetroit039,openieeg,A55-AV,0,0.0415564179420471
sub-openieegDetroit039,openieeg,A56-AV,0,0.0398191213607788
sub-openieegDetroit039,openieeg,A57-AV,0,0.473002016544342
sub-openieegDetroit039,openieeg,A58-AV,0,0.6674718856811523
sub-openieegDetroit039,openieeg,A59-AV,0,0.089206576347351
sub-openieegDetroit039,openieeg,A6-AV,0,0.0957452058792114
sub-openieegDetroit039,openieeg,A60-AV,0,0.0834606289863586
sub-openieegDetroit039,openieeg,A61-AV,0,0.0236206650733947
sub-openieegDetroit039,openieeg,A62-AV,0,0.0360196828842163
sub-openieegDetroit039,openieeg,A63-AV,1,0.0349493622779846
sub-openieegDetroit039,openieeg,A64-AV,1,0.4559886455535888
sub-openieegDetroit039,openieeg,A7-AV,0,0.6260757446289062
sub-openieegDetroit039,openieeg,A8-AV,0,0.6671143770217896
sub-openieegDetroit039,openieeg,A9-AV,0,0.5583862066268921
sub-openieegDetroit039,openieeg,B2-AV,0,0.4554908871650696
sub-openieegDetroit039,openieeg,B3-AV,0,0.2085336446762085
sub-openieegDetroit039,openieeg,B4-AV,0,0.1905362606048584
sub-openieegDetroit040,openieeg,A1-AV,0,0.0274671912193298
sub-openieegDetroit040,openieeg,A10-AV,0,0.0167192220687866
sub-openieegDetroit040,openieeg,A12-AV,0,0.2730284333229065
sub-openieegDetroit040,openieeg,A13-AV,0,0.1246341466903686
sub-openieegDetroit040,openieeg,A14-AV,0,0.0294626951217651
sub-openieegDetroit040,openieeg,A15-AV,0,0.084033191204071
sub-openieegDetroit040,openieeg,A16-AV,0,0.2139756083488464
sub-openieegDetroit040,openieeg,A17-AV,0,0.3735830783843994
sub-openieegDetroit040,openieeg,A18-AV,0,0.2495743036270141
sub-openieegDetroit040,openieeg,A19-AV,0,0.1406643986701965
sub-openieegDetroit040,openieeg,A2-AV,0,0.1028113365173339
sub-openieegDetroit040,openieeg,A20-AV,0,0.2182288169860839
sub-openieegDetroit040,openieeg,A22-AV,0,0.2086105346679687
sub-openieegDetroit040,openieeg,A23-AV,0,0.6665451526641846
sub-openieegDetroit040,openieeg,A24-AV,0,0.6734950542449951
sub-openieegDetroit040,openieeg,A25-AV,0,0.6980430483818054
sub-openieegDetroit040,openieeg,A26-AV,0,0.4032498002052307
sub-openieegDetroit040,openieeg,A27-AV,0,0.3319275975227356
sub-openieegDetroit040,openieeg,A28-AV,0,0.1217482686042785
sub-openieegDetroit040,openieeg,A29-AV,0,0.3791888356208801
sub-openieegDetroit040,openieeg,A3-AV,0,0.0485338568687438
sub-openieegDetroit040,openieeg,A30-AV,0,0.2692973017692566
sub-openieegDetroit040,openieeg,A31-AV,0,0.71136474609375
sub-openieegDetroit040,openieeg,A32-AV,0,0.6557893753051758
sub-openieegDetroit040,openieeg,A33-AV,0,0.735207736492157
sub-openieegDetroit040,openieeg,A34-AV,0,0.5632162690162659
sub-openieegDetroit040,openieeg,A35-AV,0,0.2679266929626465
sub-openieegDetroit040,openieeg,A36-AV,0,0.148294448852539
sub-openieegDetroit040,openieeg,A37-AV,0,0.0235127806663513
sub-openieegDetroit040,openieeg,A38-AV,0,0.0469913482666015
sub-openieegDetroit040,openieeg,A39-AV,0,0.0622543096542358
sub-openieegDetroit040,openieeg,A4-AV,0,0.0330782532691955
sub-openieegDetroit040,openieeg,A5-AV,0,0.0658833980560302
sub-openieegDetroit040,openieeg,A6-AV,0,0.0178901553153991
sub-openieegDetroit040,openieeg,A7-AV,0,0.0572982430458068
sub-openieegDetroit040,openieeg,A8-AV,0,0.0137953758239746
sub-openieegDetroit040,openieeg,A9-AV,0,0.0824224948883056
sub-openieegDetroit040,openieeg,B1-AV,0,0.0123263001441955
sub-openieegDetroit040,openieeg,B10-AV,0,0.1092481017112732
sub-openieegDetroit040,openieeg,B12-AV,0,0.0639579892158508
sub-openieegDetroit040,openieeg,B13-AV,0,0.0148382186889648
sub-openieegDetroit040,openieeg,B14-AV,0,0.0423317551612854
sub-openieegDetroit040,openieeg,B15-AV,0,0.653640866279602
sub-openieegDetroit040,openieeg,B17-AV,0,0.0256484150886535
sub-openieegDetroit040,openieeg,B18-AV,0,0.0141478776931762
sub-openieegDetroit040,openieeg,B19-AV,0,0.0193144083023071
sub-openieegDetroit040,openieeg,B2-AV,0,0.293958842754364
sub-openieegDetroit040,openieeg,B20-AV,0,0.025564432144165
sub-openieegDetroit040,openieeg,B21-AV,0,0.02560955286026
sub-openieegDetroit040,openieeg,B22-AV,0,0.7056373953819275
sub-openieegDetroit040,openieeg,B23-AV,1,0.3100961446762085
sub-openieegDetroit040,openieeg,B24-AV,0,0.0566025376319885
sub-openieegDetroit040,openieeg,B25-AV,0,0.0726778507232666
sub-openieegDetroit040,openieeg,B26-AV,0,0.0595442056655883
sub-openieegDetroit040,openieeg,B27-AV,0,0.0357627868652343
sub-openieegDetroit040,openieeg,B28-AV,0,0.0329393744468688
sub-openieegDetroit040,openieeg,B29-AV,0,0.4373695254325866
sub-openieegDetroit040,openieeg,B3-AV,0,0.0482098460197448
sub-openieegDetroit040,openieeg,B30-AV,0,0.3450649976730346
sub-openieegDetroit040,openieeg,B31-AV,1,0.5034970641136169
sub-openieegDetroit040,openieeg,B32-AV,0,0.1646918654441833
sub-openieegDetroit040,openieeg,B33-AV,0,0.0469878911972045
sub-openieegDetroit040,openieeg,B34-AV,0,0.0920178890228271
sub-openieegDetroit040,openieeg,B35-AV,0,0.0186549425125122
sub-openieegDetroit040,openieeg,B36-AV,0,0.1832445859909057
sub-openieegDetroit040,openieeg,B37-AV,0,0.168475329875946
sub-openieegDetroit040,openieeg,B38-AV,0,0.2843223810195923
sub-openieegDetroit040,openieeg,B39-AV,0,0.1774877905845642
sub-openieegDetroit040,openieeg,B4-AV,0,0.0203305482864379
sub-openieegDetroit040,openieeg,B40-AV,0,0.1427441835403442
sub-openieegDetroit040,openieeg,B41-AV,0,0.0479393005371093
sub-openieegDetroit040,openieeg,B42-AV,0,0.1148833632469177
sub-openieegDetroit040,openieeg,B43-AV,0,0.0854900479316711
sub-openieegDetroit040,openieeg,B44-AV,0,0.3127444982528686
sub-openieegDetroit040,openieeg,B45-AV,0,0.0804796814918518
sub-openieegDetroit040,openieeg,B46-AV,0,0.0826084613800048
sub-openieegDetroit040,openieeg,B47-AV,0,0.0117128491401672
sub-openieegDetroit040,openieeg,B48-AV,0,0.0181679725646972
sub-openieegDetroit040,openieeg,B49-AV,0,0.2155379652976989
sub-openieegDetroit040,openieeg,B5-AV,0,0.0282705426216125
sub-openieegDetroit040,openieeg,B50-AV,0,0.1135535240173339
sub-openieegDetroit040,openieeg,B51-AV,0,0.0411844849586486
sub-openieegDetroit040,openieeg,B52-AV,0,0.1191248893737793
sub-openieegDetroit040,openieeg,B53-AV,0,0.0329118371009826
sub-openieegDetroit040,openieeg,B54-AV,0,0.0191150903701782
sub-openieegDetroit040,openieeg,B55-AV,0,0.0211783647537231
sub-openieegDetroit040,openieeg,B56-AV,0,0.3480439186096191
sub-openieegDetroit040,openieeg,B57-AV,0,0.0163570046424865
sub-openieegDetroit040,openieeg,B58-AV,0,0.0919179320335388
sub-openieegDetroit040,openieeg,B59-AV,0,0.0303747653961181
sub-openieegDetroit040,openieeg,B6-AV,0,0.0173967480659484
sub-openieegDetroit040,openieeg,B60-AV,0,0.0404738187789917
sub-openieegDetroit040,openieeg,B61-AV,0,0.0178414583206176
sub-openieegDetroit040,openieeg,B62-AV,0,0.0249942541122436
sub-openieegDetroit040,openieeg,B63-AV,0,0.5732542276382446
sub-openieegDetroit040,openieeg,B64-AV,0,0.2181369662284851
sub-openieegDetroit040,openieeg,B7-AV,0,0.0424826741218566
sub-openieegDetroit040,openieeg,B9-AV,0,0.1608210802078247
sub-openieegDetroit044,openieeg,A1-AV,0,0.4063382148742676
sub-openieegDetroit044,openieeg,A10-AV,0,0.1946427822113037
sub-openieegDetroit044,openieeg,A11-AV,0,0.0291337370872497
sub-openieegDetroit044,openieeg,A12-AV,0,0.040833294391632
sub-openieegDetroit044,openieeg,A13-AV,0,0.0300984382629394
sub-openieegDetroit044,openieeg,A14-AV,0,0.0202820301055908
sub-openieegDetroit044,openieeg,A15-AV,0,0.0274184942245483
sub-openieegDetroit044,openieeg,A16-AV,0,0.0706825256347656
sub-openieegDetroit044,openieeg,A17-AV,0,0.5344152450561523
sub-openieegDetroit044,openieeg,A18-AV,0,0.4709410667419433
sub-openieegDetroit044,openieeg,A19-AV,0,0.2837620973587036
sub-openieegDetroit044,openieeg,A2-AV,0,0.3804701566696167
sub-openieegDetroit044,openieeg,A20-AV,0,0.2572450041770935
sub-openieegDetroit044,openieeg,A21-AV,0,0.1043660640716552
sub-openieegDetroit044,openieeg,A22-AV,0,0.1034942269325256
sub-openieegDetroit044,openieeg,A23-AV,0,0.0477686524391174
sub-openieegDetroit044,openieeg,A24-AV,0,0.033100426197052
sub-openieegDetroit044,openieeg,A25-AV,0,0.124652087688446
sub-openieegDetroit044,openieeg,A26-AV,0,0.3305866122245788
sub-openieegDetroit044,openieeg,A27-AV,0,0.0194159746170043
sub-openieegDetroit044,openieeg,A28-AV,0,0.0604680776596069
sub-openieegDetroit044,openieeg,A29-AV,0,0.020052433013916
sub-openieegDetroit044,openieeg,A3-AV,0,0.3502240180969238
sub-openieegDetroit044,openieeg,A30-AV,0,0.0217061042785644
sub-openieegDetroit044,openieeg,A31-AV,0,0.023879587650299
sub-openieegDetroit044,openieeg,A32-AV,0,0.0301357507705688
sub-openieegDetroit044,openieeg,A33-AV,0,0.2748547792434692
sub-openieegDetroit044,openieeg,A34-AV,0,0.1180773973464965
sub-openieegDetroit044,openieeg,A35-AV,0,0.0521095395088195
sub-openieegDetroit044,openieeg,A36-AV,0,0.2405010461807251
sub-openieegDetroit044,openieeg,A37-AV,0,0.0181456804275512
sub-openieegDetroit044,openieeg,A38-AV,0,0.0389849543571472
sub-openieegDetroit044,openieeg,A39-AV,0,0.0227607488632202
sub-openieegDetroit044,openieeg,A4-AV,0,0.2632865309715271
sub-openieegDetroit044,openieeg,A40-AV,0,0.0350093245506286
sub-openieegDetroit044,openieeg,A41-AV,0,0.2121073007583618
sub-openieegDetroit044,openieeg,A42-AV,0,0.0180855393409729
sub-openieegDetroit044,openieeg,A43-AV,0,0.029001772403717
sub-openieegDetroit044,openieeg,A44-AV,0,0.0263505578041076
sub-openieegDetroit044,openieeg,A45-AV,0,0.0207564234733581
sub-openieegDetroit044,openieeg,A46-AV,0,0.0238680243492126
sub-openieegDetroit044,openieeg,A47-AV,0,0.0877975821495056
sub-openieegDetroit044,openieeg,A48-AV,0,0.3279435038566589
sub-openieegDetroit044,openieeg,A49-AV,0,0.0410449504852294
sub-openieegDetroit044,openieeg,A5-AV,0,0.0313391089439392
sub-openieegDetroit044,openieeg,A50-AV,0,0.0170882940292358
sub-openieegDetroit044,openieeg,A51-AV,0,0.0185405015945434
sub-openieegDetroit044,openieeg,A52-AV,0,0.0739814043045044
sub-openieegDetroit044,openieeg,A53-AV,0,0.072387158870697
sub-openieegDetroit044,openieeg,A54-AV,0,0.0202259421348571
sub-openieegDetroit044,openieeg,A55-AV,0,0.1217594146728515
sub-openieegDetroit044,openieeg,A56-AV,0,0.0530521869659423
sub-openieegDetroit044,openieeg,A6-AV,0,0.0322540998458862
sub-openieegDetroit044,openieeg,A7-AV,0,0.0512747168540954
sub-openieegDetroit044,openieeg,A8-AV,0,0.0992251634597778
sub-openieegDetroit044,openieeg,A9-AV,0,0.251154363155365
sub-openieegDetroit044,openieeg,B1-AV,0,0.0254263281822204
sub-openieegDetroit044,openieeg,B10-AV,0,0.3612425327301025
sub-openieegDetroit044,openieeg,B11-AV,0,0.0192182064056396
sub-openieegDetroit044,openieeg,B12-AV,0,0.0148103833198547
sub-openieegDetroit044,openieeg,B13-AV,0,0.2570193409919739
sub-openieegDetroit044,openieeg,B14-AV,0,0.4395396709442138
sub-openieegDetroit044,openieeg,B15-AV,0,0.5937504768371582
sub-openieegDetroit044,openieeg,B16-AV,0,0.0789653062820434
sub-openieegDetroit044,openieeg,B17-AV,0,0.224242627620697
sub-openieegDetroit044,openieeg,B18-AV,0,0.0369016528129577
sub-openieegDetroit044,openieeg,B19-AV,0,0.138544499874115
sub-openieegDetroit044,openieeg,B2-AV,0,0.0483180880546569
sub-openieegDetroit044,openieeg,B20-AV,0,0.0225977897644042
sub-openieegDetroit044,openieeg,B21-AV,0,0.2951825857162475
sub-openieegDetroit044,openieeg,B22-AV,0,0.7080826759338379
sub-openieegDetroit044,openieeg,B23-AV,0,0.7090069055557251
sub-openieegDetroit044,openieeg,B24-AV,0,0.3187481760978699
sub-openieegDetroit044,openieeg,B25-AV,0,0.0206274390220642
sub-openieegDetroit044,openieeg,B26-AV,0,0.0661892294883728
sub-openieegDetroit044,openieeg,B27-AV,0,0.2680525779724121
sub-openieegDetroit044,openieeg,B28-AV,1,0.0776741504669189
sub-openieegDetroit044,openieeg,B29-AV,0,0.0179626941680908
sub-openieegDetroit044,openieeg,B3-AV,0,0.0187806487083435
sub-openieegDetroit044,openieeg,B30-AV,0,0.6834065914154053
sub-openieegDetroit044,openieeg,B31-AV,0,0.3586546778678894
sub-openieegDetroit044,openieeg,B32-AV,0,0.42416512966156
sub-openieegDetroit044,openieeg,B33-AV,0,0.346142828464508
sub-openieegDetroit044,openieeg,B34-AV,0,0.0234599709510803
sub-openieegDetroit044,openieeg,B35-AV,0,0.0170865654945373
sub-openieegDetroit044,openieeg,B36-AV,0,0.1882527470588684
sub-openieegDetroit044,openieeg,B37-AV,0,0.2990038990974426
sub-openieegDetroit044,openieeg,B38-AV,0,0.4952881336212158
sub-openieegDetroit044,openieeg,B4-AV,0,0.3277538418769836
sub-openieegDetroit044,openieeg,B5-AV,0,0.0549505352973938
sub-openieegDetroit044,openieeg,B6-AV,0,0.0453961491584777
sub-openieegDetroit044,openieeg,B7-AV,0,0.2354898452758789
sub-openieegDetroit044,openieeg,B8-AV,0,0.1335652470588684
sub-openieegDetroit044,openieeg,B9-AV,0,0.3691369891166687
sub-openieegDetroit045,openieeg,A1-AV,0,0.0472261309623718
sub-openieegDetroit045,openieeg,A10-AV,0,0.011365532875061
sub-openieegDetroit045,openieeg,A11-AV,0,0.0600754022598266
sub-openieegDetroit045,openieeg,A12-AV,0,0.1187558770179748
sub-openieegDetroit045,openieeg,A13-AV,0,0.0786765813827514
sub-openieegDetroit045,openieeg,A14-AV,0,0.1044524908065795
sub-openieegDetroit045,openieeg,A15-AV,0,0.134734570980072
sub-openieegDetroit045,openieeg,A16-AV,1,0.4914827346801758
sub-openieegDetroit045,openieeg,A17-AV,1,0.2790809869766235
sub-openieegDetroit045,openieeg,A18-AV,0,0.1131154894828796
sub-openieegDetroit045,openieeg,A19-AV,0,0.0872852206230163
sub-openieegDetroit045,openieeg,A2-AV,0,0.0504511594772338
sub-openieegDetroit045,openieeg,A20-AV,0,0.1086592078208923
sub-openieegDetroit045,openieeg,A21-AV,0,0.1649958491325378
sub-openieegDetroit045,openieeg,A22-AV,0,0.093571662902832
sub-openieegDetroit045,openieeg,A23-AV,0,0.0267060995101928
sub-openieegDetroit045,openieeg,A24-AV,0,0.0567973256111145
sub-openieegDetroit045,openieeg,A25-AV,0,0.0575217008590698
sub-openieegDetroit045,openieeg,A26-AV,0,0.1163362860679626
sub-openieegDetroit045,openieeg,A27-AV,0,0.0215657353401184
sub-openieegDetroit045,openieeg,A28-AV,0,0.1015909314155578
sub-openieegDetroit045,openieeg,A29-AV,0,0.1312273740768432
sub-openieegDetroit045,openieeg,A3-AV,0,0.1092763543128967
sub-openieegDetroit045,openieeg,A30-AV,0,0.0187256932258605
sub-openieegDetroit045,openieeg,A31-AV,0,0.4824677109718323
sub-openieegDetroit045,openieeg,A32-AV,0,0.3574479818344116
sub-openieegDetroit045,openieeg,A33-AV,0,0.3049022555351257
sub-openieegDetroit045,openieeg,A34-AV,0,0.3260186314582824
sub-openieegDetroit045,openieeg,A35-AV,0,0.0263952016830444
sub-openieegDetroit045,openieeg,A36-AV,0,0.0295071601867675
sub-openieegDetroit045,openieeg,A37-AV,0,0.0275643467903137
sub-openieegDetroit045,openieeg,A38-AV,0,0.0235655307769775
sub-openieegDetroit045,openieeg,A39-AV,0,0.0385075807571411
sub-openieegDetroit045,openieeg,A4-AV,0,0.2954308986663818
sub-openieegDetroit045,openieeg,A40-AV,0,0.3768472075462341
sub-openieegDetroit045,openieeg,A41-AV,0,0.4867716431617737
sub-openieegDetroit045,openieeg,A42-AV,0,0.291791021823883
sub-openieegDetroit045,openieeg,A43-AV,0,0.1526082754135131
sub-openieegDetroit045,openieeg,A44-AV,0,0.3041192889213562
sub-openieegDetroit045,openieeg,A45-AV,0,0.2696267962455749
sub-openieegDetroit045,openieeg,A46-AV,0,0.0700631141662597
sub-openieegDetroit045,openieeg,A47-AV,0,0.0248658657073974
sub-openieegDetroit045,openieeg,A48-AV,0,0.0247846841812133
sub-openieegDetroit045,openieeg,A49-AV,0,0.0252646207809448
sub-openieegDetroit045,openieeg,A5-AV,0,0.4388774037361145
sub-openieegDetroit045,openieeg,A50-AV,0,0.0206443667411804
sub-openieegDetroit045,openieeg,A51-AV,0,0.0729947090148925
sub-openieegDetroit045,openieeg,A52-AV,0,0.0167157649993896
sub-openieegDetroit045,openieeg,A53-AV,0,0.0947259664535522
sub-openieegDetroit045,openieeg,A54-AV,0,0.174003779888153
sub-openieegDetroit045,openieeg,A6-AV,0,0.3963839411735534
sub-openieegDetroit045,openieeg,A7-AV,0,0.0293638706207275
sub-openieegDetroit045,openieeg,A8-AV,0,0.3873167037963867
sub-openieegDetroit045,openieeg,A9-AV,0,0.018008530139923
sub-openieegDetroit045,openieeg,B1-AV,0,0.1285415887832641
sub-openieegDetroit045,openieeg,B10-AV,0,0.1357738375663757
sub-openieegDetroit045,openieeg,B11-AV,0,0.1802467703819275
sub-openieegDetroit045,openieeg,B12-AV,0,0.2359130382537841
sub-openieegDetroit045,openieeg,B13-AV,0,0.2191559076309204
sub-openieegDetroit045,openieeg,B14-AV,0,0.0332080721855163
sub-openieegDetroit045,openieeg,B15-AV,0,0.1184790730476379
sub-openieegDetroit045,openieeg,B16-AV,0,0.1269119381904602
sub-openieegDetroit045,openieeg,B17-AV,0,0.0154528021812438
sub-openieegDetroit045,openieeg,B18-AV,0,0.0979727506637573
sub-openieegDetroit045,openieeg,B19-AV,0,0.0662118792533874
sub-openieegDetroit045,openieeg,B2-AV,0,0.0179595947265625
sub-openieegDetroit045,openieeg,B20-AV,0,0.3574857711791992
sub-openieegDetroit045,openieeg,B21-AV,0,0.0730371475219726
sub-openieegDetroit045,openieeg,B22-AV,0,0.0948070287704467
sub-openieegDetroit045,openieeg,B23-AV,0,0.5159605741500854
sub-openieegDetroit045,openieeg,B24-AV,0,0.1869146823883056
sub-openieegDetroit045,openieeg,B25-AV,0,0.1184223294258117
sub-openieegDetroit045,openieeg,B26-AV,0,0.0482192635536193
sub-openieegDetroit045,openieeg,B27-AV,0,0.016099214553833
sub-openieegDetroit045,openieeg,B28-AV,0,0.1271142959594726
sub-openieegDetroit045,openieeg,B29-AV,0,0.5966747403144836
sub-openieegDetroit045,openieeg,B3-AV,0,0.1289222240447998
sub-openieegDetroit045,openieeg,B30-AV,0,0.1327740550041198
sub-openieegDetroit045,openieeg,B31-AV,0,0.1028748750686645
sub-openieegDetroit045,openieeg,B32-AV,0,0.1393637061119079
sub-openieegDetroit045,openieeg,B33-AV,0,0.0381510257720947
sub-openieegDetroit045,openieeg,B34-AV,0,0.0378717184066772
sub-openieegDetroit045,openieeg,B35-AV,0,0.0865536332130432
sub-openieegDetroit045,openieeg,B36-AV,0,0.0529127120971679
sub-openieegDetroit045,openieeg,B37-AV,0,0.3084126710891723
sub-openieegDetroit045,openieeg,B38-AV,0,0.1748836040496826
sub-openieegDetroit045,openieeg,B39-AV,0,0.3159729838371277
sub-openieegDetroit045,openieeg,B40-AV,0,0.0694108605384826
sub-openieegDetroit045,openieeg,B41-AV,0,0.058430016040802
sub-openieegDetroit045,openieeg,B42-AV,0,0.0461592078208923
sub-openieegDetroit045,openieeg,B43-AV,0,0.012437105178833
sub-openieegDetroit045,openieeg,B44-AV,0,0.1173583269119262
sub-openieegDetroit045,openieeg,B45-AV,0,0.0803323984146118
sub-openieegDetroit045,openieeg,B46-AV,0,0.3420454263687134
sub-openieegDetroit045,openieeg,B47-AV,0,0.3800035715103149
sub-openieegDetroit045,openieeg,B48-AV,0,0.2690187096595764
sub-openieegDetroit045,openieeg,B49-AV,0,0.0396974086761474
sub-openieegDetroit045,openieeg,B50-AV,0,0.0177280902862548
sub-openieegDetroit045,openieeg,B51-AV,0,0.0306566953659057
sub-openieegDetroit045,openieeg,B52-AV,0,0.045987069606781
sub-openieegDetroit045,openieeg,B53-AV,0,0.1640945672988891
sub-openieegDetroit045,openieeg,B54-AV,0,0.0882761478424072
sub-openieegDetroit045,openieeg,B55-AV,0,0.2597799897193908
sub-openieegDetroit045,openieeg,B56-AV,0,0.245207667350769
sub-openieegDetroit045,openieeg,B57-AV,0,0.0179557800292968
sub-openieegDetroit045,openieeg,B58-AV,0,0.0255072712898254
sub-openieegDetroit045,openieeg,B59-AV,0,0.0270946621894836
sub-openieegDetroit045,openieeg,B6-AV,0,0.1314302086830139
sub-openieegDetroit045,openieeg,B60-AV,0,0.0323058366775512
sub-openieegDetroit045,openieeg,B61-AV,0,0.1992228627204895
sub-openieegDetroit045,openieeg,B62-AV,0,0.053376019001007
sub-openieegDetroit045,openieeg,B63-AV,0,0.2256001830101013
sub-openieegDetroit045,openieeg,B64-AV,0,0.2923276424407959
sub-openieegDetroit045,openieeg,B7-AV,0,0.0701091885566711
sub-openieegDetroit045,openieeg,B8-AV,0,0.4248349070549011
sub-openieegDetroit045,openieeg,B9-AV,0,0.0382039546966552
sub-openieegDetroit046,openieeg,A1-AV,0,0.1665461659431457
sub-openieegDetroit046,openieeg,A10-AV,0,0.0367089509963989
sub-openieegDetroit046,openieeg,A11-AV,0,0.0318062305450439
sub-openieegDetroit046,openieeg,A12-AV,0,0.435992419719696
sub-openieegDetroit046,openieeg,A13-AV,0,0.4321488738059997
sub-openieegDetroit046,openieeg,A14-AV,0,0.189730703830719
sub-openieegDetroit046,openieeg,A15-AV,0,0.0174911022186279
sub-openieegDetroit046,openieeg,A16-AV,0,0.0299740433692932
sub-openieegDetroit046,openieeg,A17-AV,0,0.1075241565704345
sub-openieegDetroit046,openieeg,A18-AV,0,0.061872124671936
sub-openieegDetroit046,openieeg,A19-AV,0,0.2344732284545898
sub-openieegDetroit046,openieeg,A2-AV,0,0.3976156711578369
sub-openieegDetroit046,openieeg,A20-AV,0,0.2666073441505432
sub-openieegDetroit046,openieeg,A21-AV,0,0.0421884059906005
sub-openieegDetroit046,openieeg,A22-AV,0,0.1592520475387573
sub-openieegDetroit046,openieeg,A23-AV,0,0.0346366167068481
sub-openieegDetroit046,openieeg,A24-AV,0,0.0312306284904479
sub-openieegDetroit046,openieeg,A25-AV,0,0.3416702151298523
sub-openieegDetroit046,openieeg,A26-AV,0,0.021809697151184
sub-openieegDetroit046,openieeg,A27-AV,0,0.3234907388687134
sub-openieegDetroit046,openieeg,A28-AV,0,0.1359791755676269
sub-openieegDetroit046,openieeg,A29-AV,0,0.3662867546081543
sub-openieegDetroit046,openieeg,A3-AV,0,0.5809488296508789
sub-openieegDetroit046,openieeg,A30-AV,1,0.7140746116638184
sub-openieegDetroit046,openieeg,A31-AV,1,0.7617702484130859
sub-openieegDetroit046,openieeg,A32-AV,0,0.1331812739372253
sub-openieegDetroit046,openieeg,A33-AV,0,0.1969649791717529
sub-openieegDetroit046,openieeg,A34-AV,0,0.0171886682510375
sub-openieegDetroit046,openieeg,A36-AV,0,0.8091945052146912
sub-openieegDetroit046,openieeg,A4-AV,0,0.559641420841217
sub-openieegDetroit046,openieeg,A41-AV,0,0.6674575209617615
sub-openieegDetroit046,openieeg,A43-AV,0,0.1030997037887573
sub-openieegDetroit046,openieeg,A45-AV,0,0.2016260027885437
sub-openieegDetroit046,openieeg,A46-AV,0,0.4999384880065918
sub-openieegDetroit046,openieeg,A47-AV,0,0.1357287764549255
sub-openieegDetroit046,openieeg,A48-AV,0,0.6016957759857178
sub-openieegDetroit046,openieeg,A5-AV,0,0.6227223873138428
sub-openieegDetroit046,openieeg,A51-AV,0,0.4665141701698303
sub-openieegDetroit046,openieeg,A52-AV,0,0.3965371251106262
sub-openieegDetroit046,openieeg,A53-AV,0,0.2966410517692566
sub-openieegDetroit046,openieeg,A54-AV,0,0.0813163518905639
sub-openieegDetroit046,openieeg,A55-AV,0,0.0399447083473205
sub-openieegDetroit046,openieeg,A56-AV,0,0.071998119354248
sub-openieegDetroit046,openieeg,A57-AV,0,0.6912509202957153
sub-openieegDetroit046,openieeg,A58-AV,0,0.6481295228004456
sub-openieegDetroit046,openieeg,A59-AV,0,0.4444305300712585
sub-openieegDetroit046,openieeg,A6-AV,0,0.4442217350006103
sub-openieegDetroit046,openieeg,A60-AV,0,0.3404792547225952
sub-openieegDetroit046,openieeg,A61-AV,0,0.0858252644538879
sub-openieegDetroit046,openieeg,A62-AV,0,0.010855495929718
sub-openieegDetroit046,openieeg,A63-AV,0,0.0280900597572326
sub-openieegDetroit046,openieeg,A64-AV,0,0.7340332269668579
sub-openieegDetroit046,openieeg,A7-AV,0,0.5310521125793457
sub-openieegDetroit046,openieeg,A8-AV,0,0.540961742401123
sub-openieegDetroit046,openieeg,A9-AV,0,0.0677165985107421
sub-openieegDetroit046,openieeg,B1-AV,0,0.0933479070663452
sub-openieegDetroit046,openieeg,B10-AV,0,0.1533164978027343
sub-openieegDetroit046,openieeg,B11-AV,0,0.0274388790130615
sub-openieegDetroit046,openieeg,B12-AV,0,0.0398567914962768
sub-openieegDetroit046,openieeg,B13-AV,0,0.4859635829925537
sub-openieegDetroit046,openieeg,B14-AV,0,0.1231976747512817
sub-openieegDetroit046,openieeg,B15-AV,0,0.0269217491149902
sub-openieegDetroit046,openieeg,B16-AV,0,0.3060293197631836
sub-openieegDetroit046,openieeg,B17-AV,0,0.0415645837783813
sub-openieegDetroit046,openieeg,B18-AV,0,0.1620246171951294
sub-openieegDetroit046,openieeg,B19-AV,0,0.44126957654953
sub-openieegDetroit046,openieeg,B2-AV,0,0.0212271213531494
sub-openieegDetroit046,openieeg,B20-AV,0,0.0761993527412414
sub-openieegDetroit046,openieeg,B21-AV,0,0.5637181997299194
sub-openieegDetroit046,openieeg,B22-AV,0,0.3775689601898193
sub-openieegDetroit046,openieeg,B23-AV,0,0.6048983335494995
sub-openieegDetroit046,openieeg,B24-AV,0,0.4222725033760071
sub-openieegDetroit046,openieeg,B25-AV,0,0.2000061273574829
sub-openieegDetroit046,openieeg,B26-AV,0,0.062465488910675
sub-openieegDetroit046,openieeg,B27-AV,0,0.0287266969680786
sub-openieegDetroit046,openieeg,B28-AV,0,0.0429034233093261
sub-openieegDetroit046,openieeg,B29-AV,0,0.5681600570678711
sub-openieegDetroit046,openieeg,B3-AV,0,0.628814160823822
sub-openieegDetroit046,openieeg,B30-AV,0,0.3458535671234131
sub-openieegDetroit046,openieeg,B31-AV,0,0.0556121468544006
sub-openieegDetroit046,openieeg,B32-AV,0,0.2667999267578125
sub-openieegDetroit046,openieeg,B34-AV,0,0.0152909755706787
sub-openieegDetroit046,openieeg,B35-AV,0,0.0135416388511657
sub-openieegDetroit046,openieeg,B36-AV,0,0.1942020654678344
sub-openieegDetroit046,openieeg,B37-AV,0,0.0149086117744445
sub-openieegDetroit046,openieeg,B38-AV,0,0.2054171562194824
sub-openieegDetroit046,openieeg,B4-AV,0,0.0223270654678344
sub-openieegDetroit046,openieeg,B40-AV,0,0.116232693195343
sub-openieegDetroit046,openieeg,B41-AV,0,0.0337380170822143
sub-openieegDetroit046,openieeg,B42-AV,0,0.4551079273223877
sub-openieegDetroit046,openieeg,B43-AV,0,0.0194753408432006
sub-openieegDetroit046,openieeg,B44-AV,0,0.0236863493919372
sub-openieegDetroit046,openieeg,B45-AV,0,0.0246673226356506
sub-openieegDetroit046,openieeg,B46-AV,0,0.0386201739311218
sub-openieegDetroit046,openieeg,B47-AV,0,0.0451926589012146
sub-openieegDetroit046,openieeg,B48-AV,0,0.0189453363418579
sub-openieegDetroit046,openieeg,B49-AV,0,0.0225390195846557
sub-openieegDetroit046,openieeg,B5-AV,0,0.037880539894104
sub-openieegDetroit046,openieeg,B50-AV,0,0.021353542804718
sub-openieegDetroit046,openieeg,B51-AV,0,0.0395326018333435
sub-openieegDetroit046,openieeg,B52-AV,0,0.0530201196670532
sub-openieegDetroit046,openieeg,B53-AV,0,0.0742972493171691
sub-openieegDetroit046,openieeg,B54-AV,0,0.0328205227851867
sub-openieegDetroit046,openieeg,B56-AV,0,0.0452778339385986
sub-openieegDetroit046,openieeg,B57-AV,0,0.0552054047584533
sub-openieegDetroit046,openieeg,B58-AV,0,0.0385860204696655
sub-openieegDetroit046,openieeg,B59-AV,0,0.0719441175460815
sub-openieegDetroit046,openieeg,B6-AV,0,0.0203096866607666
sub-openieegDetroit046,openieeg,B60-AV,1,0.0307678580284118
sub-openieegDetroit046,openieeg,B61-AV,0,0.0224689841270446
sub-openieegDetroit046,openieeg,B62-AV,0,0.029019296169281
sub-openieegDetroit046,openieeg,B63-AV,0,0.0397811532020568
sub-openieegDetroit046,openieeg,B64-AV,0,0.0411669611930847
sub-openieegDetroit046,openieeg,B7-AV,0,0.0543622374534606
sub-openieegDetroit046,openieeg,B8-AV,0,0.563113808631897
sub-openieegDetroit046,openieeg,B9-AV,0,0.0155380964279174
sub-openieegDetroit047,openieeg,A1-AV,0,0.4468314051628113
sub-openieegDetroit047,openieeg,A10-AV,0,0.3022051453590393
sub-openieegDetroit047,openieeg,A11-AV,0,0.3174250721931457
sub-openieegDetroit047,openieeg,A12-AV,0,0.0493000745773315
sub-openieegDetroit047,openieeg,A13-AV,0,0.2490070462226867
sub-openieegDetroit047,openieeg,A14-AV,0,0.092079222202301
sub-openieegDetroit047,openieeg,A15-AV,0,0.2330434322357177
sub-openieegDetroit047,openieeg,A16-AV,0,0.0448083281517028
sub-openieegDetroit047,openieeg,A18-AV,0,0.4897793531417846
sub-openieegDetroit047,openieeg,A19-AV,0,0.0736135840415954
sub-openieegDetroit047,openieeg,A2-AV,0,0.496686041355133
sub-openieegDetroit047,openieeg,A20-AV,0,0.0440332889556884
sub-openieegDetroit047,openieeg,A21-AV,0,0.1873842477798462
sub-openieegDetroit047,openieeg,A22-AV,0,0.1001927256584167
sub-openieegDetroit047,openieeg,A23-AV,0,0.3321132063865661
sub-openieegDetroit047,openieeg,A24-AV,0,0.2202042937278747
sub-openieegDetroit047,openieeg,A25-AV,0,0.1486559510231018
sub-openieegDetroit047,openieeg,A26-AV,0,0.1928030252456665
sub-openieegDetroit047,openieeg,A27-AV,0,0.2857046723365783
sub-openieegDetroit047,openieeg,A28-AV,0,0.2339906692504882
sub-openieegDetroit047,openieeg,A29-AV,0,0.104454755783081
sub-openieegDetroit047,openieeg,A3-AV,0,0.2746755480766296
sub-openieegDetroit047,openieeg,A31-AV,0,0.3327454328536987
sub-openieegDetroit047,openieeg,A32-AV,0,0.3263596892356872
sub-openieegDetroit047,openieeg,A33-AV,0,0.437731921672821
sub-openieegDetroit047,openieeg,A34-AV,0,0.4622347950935364
sub-openieegDetroit047,openieeg,A35-AV,0,0.200152039527893
sub-openieegDetroit047,openieeg,A36-AV,0,0.2110639214515686
sub-openieegDetroit047,openieeg,A37-AV,0,0.1251736879348755
sub-openieegDetroit047,openieeg,A38-AV,0,0.0369196534156799
sub-openieegDetroit047,openieeg,A4-AV,0,0.1405414342880249
sub-openieegDetroit047,openieeg,A5-AV,0,0.5467681884765625
sub-openieegDetroit047,openieeg,A7-AV,0,0.0439872145652771
sub-openieegDetroit047,openieeg,A8-AV,0,0.2328637242317199
sub-openieegDetroit047,openieeg,A9-AV,0,0.3218515515327453
sub-openieegDetroit047,openieeg,B1-AV,0,0.2783785462379455
sub-openieegDetroit047,openieeg,B10-AV,0,0.1210860610008239
sub-openieegDetroit047,openieeg,B11-AV,0,0.080847144126892
sub-openieegDetroit047,openieeg,B12-AV,0,0.0312408208847045
sub-openieegDetroit047,openieeg,B13-AV,0,0.0354348421096801
sub-openieegDetroit047,openieeg,B14-AV,0,0.04030042886734
sub-openieegDetroit047,openieeg,B15-AV,0,0.2239445447921753
sub-openieegDetroit047,openieeg,B16-AV,0,0.1306617856025695
sub-openieegDetroit047,openieeg,B17-AV,0,0.0630005002021789
sub-openieegDetroit047,openieeg,B18-AV,0,0.1871090531349182
sub-openieegDetroit047,openieeg,B19-AV,0,0.2342395186424255
sub-openieegDetroit047,openieeg,B2-AV,0,0.030031144618988
sub-openieegDetroit047,openieeg,B20-AV,0,0.0304983854293823
sub-openieegDetroit047,openieeg,B21-AV,0,0.0785882472991943
sub-openieegDetroit047,openieeg,B22-AV,0,0.0670697689056396
sub-openieegDetroit047,openieeg,B23-AV,0,0.0518404841423034
sub-openieegDetroit047,openieeg,B24-AV,0,0.1778727173805236
sub-openieegDetroit047,openieeg,B25-AV,0,0.0464475154876709
sub-openieegDetroit047,openieeg,B26-AV,0,0.5502305030822754
sub-openieegDetroit047,openieeg,B27-AV,0,0.0290679931640625
sub-openieegDetroit047,openieeg,B28-AV,0,0.3976696133613586
sub-openieegDetroit047,openieeg,B29-AV,0,0.0518697500228881
sub-openieegDetroit047,openieeg,B3-AV,0,0.1025385856628418
sub-openieegDetroit047,openieeg,B30-AV,0,0.2542283535003662
sub-openieegDetroit047,openieeg,B31-AV,0,0.0539998412132263
sub-openieegDetroit047,openieeg,B32-AV,0,0.0271729230880737
sub-openieegDetroit047,openieeg,B33-AV,0,0.031885802745819
sub-openieegDetroit047,openieeg,B34-AV,0,0.0372856259346008
sub-openieegDetroit047,openieeg,B35-AV,1,0.2433823943138122
sub-openieegDetroit047,openieeg,B36-AV,0,0.1582410335540771
sub-openieegDetroit047,openieeg,B37-AV,0,0.0692022442817688
sub-openieegDetroit047,openieeg,B38-AV,0,0.0596492886543273
sub-openieegDetroit047,openieeg,B39-AV,0,0.0512349009513855
sub-openieegDetroit047,openieeg,B4-AV,0,0.0659607648849487
sub-openieegDetroit047,openieeg,B40-AV,0,0.0378385782241821
sub-openieegDetroit047,openieeg,B41-AV,0,0.0308892726898193
sub-openieegDetroit047,openieeg,B42-AV,0,0.0402224063873291
sub-openieegDetroit047,openieeg,B43-AV,0,0.0590763688087463
sub-openieegDetroit047,openieeg,B44-AV,0,0.0504827499389648
sub-openieegDetroit047,openieeg,B45-AV,0,0.0579950213432312
sub-openieegDetroit047,openieeg,B46-AV,0,0.2538932561874389
sub-openieegDetroit047,openieeg,B47-AV,0,0.034070611000061
sub-openieegDetroit047,openieeg,B48-AV,0,0.0700162053108215
sub-openieegDetroit047,openieeg,B5-AV,0,0.2247779369354248
sub-openieegDetroit047,openieeg,B50-AV,0,0.1514123678207397
sub-openieegDetroit047,openieeg,B51-AV,0,0.0605691075325012
sub-openieegDetroit047,openieeg,B52-AV,0,0.299995481967926
sub-openieegDetroit047,openieeg,B53-AV,0,0.1206231713294982
sub-openieegDetroit047,openieeg,B55-AV,0,0.1413336992263794
sub-openieegDetroit047,openieeg,B56-AV,0,0.5538946986198425
sub-openieegDetroit047,openieeg,B57-AV,0,0.0364531278610229
sub-openieegDetroit047,openieeg,B58-AV,0,0.0263735055923461
sub-openieegDetroit047,openieeg,B59-AV,0,0.0552310943603515
sub-openieegDetroit047,openieeg,B6-AV,0,0.2585221529006958
sub-openieegDetroit047,openieeg,B60-AV,0,0.1148474812507629
sub-openieegDetroit047,openieeg,B61-AV,0,0.1460939645767212
sub-openieegDetroit047,openieeg,B62-AV,0,0.0400892496109008
sub-openieegDetroit047,openieeg,B63-AV,0,0.3068058490753174
sub-openieegDetroit047,openieeg,B64-AV,0,0.2517323493957519
sub-openieegDetroit047,openieeg,B7-AV,0,0.2538366913795471
sub-openieegDetroit047,openieeg,B8-AV,0,0.2296245098114013
sub-openieegDetroit047,openieeg,B9-AV,0,0.1661219596862793
sub-openieegDetroit048,openieeg,A13-AV,0,0.0379294157028198
sub-openieegDetroit048,openieeg,A14-AV,0,0.0337249040603637
sub-openieegDetroit048,openieeg,A15-AV,0,0.0291967391967773
sub-openieegDetroit048,openieeg,A16-AV,0,0.0311219692230224
sub-openieegDetroit048,openieeg,A17-AV,0,0.0243191719055175
sub-openieegDetroit048,openieeg,A18-AV,0,0.0315259099006652
sub-openieegDetroit048,openieeg,A19-AV,0,0.1810333132743835
sub-openieegDetroit048,openieeg,A20-AV,0,0.1041623353958129
sub-openieegDetroit048,openieeg,A21-AV,0,0.0331279635429382
sub-openieegDetroit048,openieeg,A22-AV,0,0.0868911147117614
sub-openieegDetroit048,openieeg,A23-AV,0,0.0204135775566101
sub-openieegDetroit048,openieeg,A24-AV,0,0.023853600025177
sub-openieegDetroit048,openieeg,A25-AV,0,0.2389008998870849
sub-openieegDetroit048,openieeg,A26-AV,0,0.4312575459480285
sub-openieegDetroit048,openieeg,A27-AV,0,0.2553761005401611
sub-openieegDetroit048,openieeg,A28-AV,0,0.1153712272644043
sub-openieegDetroit048,openieeg,A29-AV,0,0.0718810558319091
sub-openieegDetroit048,openieeg,A30-AV,0,0.0843999981880188
sub-openieegDetroit048,openieeg,A31-AV,0,0.0255825519561767
sub-openieegDetroit048,openieeg,A32-AV,0,0.4213474988937378
sub-openieegDetroit048,openieeg,A33-AV,0,0.4928330183029175
sub-openieegDetroit048,openieeg,A34-AV,0,0.1526087522506714
sub-openieegDetroit048,openieeg,A35-AV,0,0.2354741096496582
sub-openieegDetroit048,openieeg,A36-AV,0,0.0712218880653381
sub-openieegDetroit048,openieeg,A37-AV,0,0.0255212783813476
sub-openieegDetroit048,openieeg,A38-AV,0,0.2449156641960144
sub-openieegDetroit048,openieeg,A39-AV,0,0.4592804908752441
sub-openieegDetroit048,openieeg,A40-AV,0,0.137791097164154
sub-openieegDetroit048,openieeg,A41-AV,0,0.7253722548484802
sub-openieegDetroit048,openieeg,A42-AV,0,0.1221207976341247
sub-openieegDetroit048,openieeg,A43-AV,0,0.0461369752883911
sub-openieegDetroit048,openieeg,A44-AV,0,0.2622624635696411
sub-openieegDetroit048,openieeg,A45-AV,0,0.0231327414512634
sub-openieegDetroit048,openieeg,A46-AV,0,0.0681486129760742
sub-openieegDetroit048,openieeg,A47-AV,0,0.0280468463897705
sub-openieegDetroit048,openieeg,A48-AV,1,0.0422830581665039
sub-openieegDetroit048,openieeg,A49-AV,1,0.1668524146080017
sub-openieegDetroit048,openieeg,A50-AV,1,0.0444493889808654
sub-openieegDetroit048,openieeg,A51-AV,1,0.0262265801429748
sub-openieegDetroit048,openieeg,A52-AV,1,0.4420282244682312
sub-openieegDetroit048,openieeg,A53-AV,0,0.08012056350708
sub-openieegDetroit048,openieeg,A54-AV,0,0.031467854976654
sub-openieegDetroit048,openieeg,A55-AV,0,0.0306538939476013
sub-openieegDetroit048,openieeg,A56-AV,0,0.0578562021255493
sub-openieegDetroit048,openieeg,A57-AV,0,0.0563682317733764
sub-openieegDetroit048,openieeg,A58-AV,0,0.166731595993042
sub-openieegDetroit048,openieeg,A59-AV,1,0.030720055103302
sub-openieegDetroit048,openieeg,A60-AV,1,0.3545646667480469
sub-openieegDetroit048,openieeg,A61-AV,0,0.0430407524108886
sub-openieegDetroit048,openieeg,A62-AV,0,0.2088023424148559
sub-openieegDetroit048,openieeg,A63-AV,0,0.2365679144859314
sub-openieegDetroit048,openieeg,A64-AV,0,0.0835195183753967
sub-openieegDetroit048,openieeg,B1-AV,0,0.0481689572334289
sub-openieegDetroit048,openieeg,B10-AV,0,0.314884603023529
sub-openieegDetroit048,openieeg,B11-AV,1,0.5832360982894897
sub-openieegDetroit048,openieeg,B12-AV,1,0.0733118653297424
sub-openieegDetroit048,openieeg,B13-AV,0,0.0183545351028442
sub-openieegDetroit048,openieeg,B14-AV,0,0.4830737113952636
sub-openieegDetroit048,openieeg,B15-AV,0,0.3961295485496521
sub-openieegDetroit048,openieeg,B16-AV,0,0.0257713794708251
sub-openieegDetroit048,openieeg,B17-AV,0,0.2969564199447632
sub-openieegDetroit048,openieeg,B18-AV,1,0.1709405779838562
sub-openieegDetroit048,openieeg,B19-AV,1,0.4877462983131408
sub-openieegDetroit048,openieeg,B2-AV,0,0.0632502436637878
sub-openieegDetroit048,openieeg,B20-AV,1,0.1614468097686767
sub-openieegDetroit048,openieeg,B21-AV,0,0.2186259627342224
sub-openieegDetroit048,openieeg,B23-AV,0,0.348507285118103
sub-openieegDetroit048,openieeg,B24-AV,0,0.3514461517333984
sub-openieegDetroit048,openieeg,B25-AV,0,0.2519595623016357
sub-openieegDetroit048,openieeg,B27-AV,0,0.4142096042633056
sub-openieegDetroit048,openieeg,B28-AV,0,0.3534923195838928
sub-openieegDetroit048,openieeg,B29-AV,0,0.0287229418754577
sub-openieegDetroit048,openieeg,B3-AV,1,0.5198982954025269
sub-openieegDetroit048,openieeg,B30-AV,0,0.3686158061027527
sub-openieegDetroit048,openieeg,B31-AV,0,0.4881783127784729
sub-openieegDetroit048,openieeg,B32-AV,0,0.494602620601654
sub-openieegDetroit048,openieeg,B33-AV,0,0.3353216648101806
sub-openieegDetroit048,openieeg,B34-AV,0,0.5169856548309326
sub-openieegDetroit048,openieeg,B35-AV,0,0.3406774997711181
sub-openieegDetroit048,openieeg,B36-AV,0,0.3031180500984192
sub-openieegDetroit048,openieeg,B37-AV,0,0.0277336835861206
sub-openieegDetroit048,openieeg,B38-AV,0,0.085885465145111
sub-openieegDetroit048,openieeg,B39-AV,0,0.2166541218757629
sub-openieegDetroit048,openieeg,B4-AV,1,0.2092400193214416
sub-openieegDetroit048,openieeg,B40-AV,0,0.0317655801773071
sub-openieegDetroit048,openieeg,B41-AV,0,0.4206480979919433
sub-openieegDetroit048,openieeg,B42-AV,0,0.3739503622055053
sub-openieegDetroit048,openieeg,B43-AV,0,0.2281699180603027
sub-openieegDetroit048,openieeg,B44-AV,0,0.0683482885360717
sub-openieegDetroit048,openieeg,B5-AV,0,0.0383907556533813
sub-openieegDetroit048,openieeg,B6-AV,0,0.0419998168945312
sub-openieegDetroit048,openieeg,B7-AV,0,0.1024902462959289
sub-openieegDetroit048,openieeg,B8-AV,0,0.0504944324493408
sub-openieegDetroit048,openieeg,B9-AV,0,0.146451711654663
sub-openieegDetroit054,openieeg,A1-AV,0,0.0294484496116638
sub-openieegDetroit054,openieeg,A10-AV,0,0.1134545803070068
sub-openieegDetroit054,openieeg,A11-AV,1,0.0710253119468689
sub-openieegDetroit054,openieeg,A14-AV,0,0.0986192226409912
sub-openieegDetroit054,openieeg,A2-AV,0,0.2025819420814514
sub-openieegDetroit054,openieeg,A20-AV,1,0.1370543241500854
sub-openieegDetroit054,openieeg,A21-AV,1,0.2289502620697021
sub-openieegDetroit054,openieeg,A22-AV,1,0.4111525416374206
sub-openieegDetroit054,openieeg,A28-AV,0,0.0979230999946594
sub-openieegDetroit054,openieeg,A29-AV,0,0.2284160256385803
sub-openieegDetroit054,openieeg,A3-AV,0,0.1157143115997314
sub-openieegDetroit054,openieeg,A30-AV,0,0.0377767086029052
sub-openieegDetroit054,openieeg,A34-AV,0,0.0259642601013183
sub-openieegDetroit054,openieeg,A35-AV,0,0.2112981081008911
sub-openieegDetroit054,openieeg,A36-AV,0,0.5442413091659546
sub-openieegDetroit054,openieeg,A37-AV,0,0.3668974041938782
sub-openieegDetroit054,openieeg,A38-AV,0,0.1927791833877563
sub-openieegDetroit054,openieeg,A39-AV,0,0.1726135611534118
sub-openieegDetroit054,openieeg,A40-AV,0,0.0492993593215942
sub-openieegDetroit054,openieeg,A41-AV,0,0.3260858654975891
sub-openieegDetroit054,openieeg,A42-AV,0,0.0959473252296447
sub-openieegDetroit054,openieeg,A5-AV,0,0.1372411251068115
sub-openieegDetroit054,openieeg,A6-AV,0,0.0648043155670166
sub-openieegDetroit054,openieeg,A8-AV,0,0.3369109630584717
sub-openieegDetroit054,openieeg,A9-AV,0,0.2371150851249694
sub-openieegDetroit054,openieeg,B1-AV,0,0.0482631921768188
sub-openieegDetroit054,openieeg,B10-AV,0,0.0668983459472656
sub-openieegDetroit054,openieeg,B11-AV,0,0.0638957619667053
sub-openieegDetroit054,openieeg,B12-AV,0,0.0195322036743164
sub-openieegDetroit054,openieeg,B13-AV,0,0.3113443255424499
sub-openieegDetroit054,openieeg,B14-AV,0,0.2392970919609069
sub-openieegDetroit054,openieeg,B15-AV,0,0.0821981430053711
sub-openieegDetroit054,openieeg,B16-AV,0,0.1641093492507934
sub-openieegDetroit054,openieeg,B17-AV,0,0.1846939325332641
sub-openieegDetroit054,openieeg,B18-AV,0,0.0877237915992736
sub-openieegDetroit054,openieeg,B19-AV,0,0.0497899651527404
sub-openieegDetroit054,openieeg,B2-AV,0,0.0820499062538147
sub-openieegDetroit054,openieeg,B20-AV,0,0.0467174649238586
sub-openieegDetroit054,openieeg,B21-AV,0,0.121623158454895
sub-openieegDetroit054,openieeg,B22-AV,0,0.1675636768341064
sub-openieegDetroit054,openieeg,B23-AV,0,0.2120101451873779
sub-openieegDetroit054,openieeg,B24-AV,0,0.2908259630203247
sub-openieegDetroit054,openieeg,B25-AV,0,0.0328498482704162
sub-openieegDetroit054,openieeg,B26-AV,0,0.0919780731201171
sub-openieegDetroit054,openieeg,B27-AV,0,0.2977069616317749
sub-openieegDetroit054,openieeg,B28-AV,0,0.1177438497543335
sub-openieegDetroit054,openieeg,B29-AV,0,0.0852913856506347
sub-openieegDetroit054,openieeg,B3-AV,0,0.0440121293067932
sub-openieegDetroit054,openieeg,B30-AV,0,0.1675435304641723
sub-openieegDetroit054,openieeg,B31-AV,0,0.2912629246711731
sub-openieegDetroit054,openieeg,B32-AV,0,0.2835174202919006
sub-openieegDetroit054,openieeg,B33-AV,0,0.2089987397193908
sub-openieegDetroit054,openieeg,B35-AV,0,0.1542369127273559
sub-openieegDetroit054,openieeg,B36-AV,0,0.2010409832000732
sub-openieegDetroit054,openieeg,B37-AV,0,0.0841805338859558
sub-openieegDetroit054,openieeg,B38-AV,0,0.0370954275131225
sub-openieegDetroit054,openieeg,B39-AV,0,0.2485277652740478
sub-openieegDetroit054,openieeg,B4-AV,0,0.4917576909065246
sub-openieegDetroit054,openieeg,B40-AV,0,0.1748919486999511
sub-openieegDetroit054,openieeg,B41-AV,0,0.1391128897666931
sub-openieegDetroit054,openieeg,B42-AV,0,0.1838152408599853
sub-openieegDetroit054,openieeg,B43-AV,0,0.0549399852752685
sub-openieegDetroit054,openieeg,B44-AV,0,0.0738176107406616
sub-openieegDetroit054,openieeg,B45-AV,0,0.1366695761680603
sub-openieegDetroit054,openieeg,B46-AV,0,0.119740605354309
sub-openieegDetroit054,openieeg,B47-AV,0,0.0795604586601257
sub-openieegDetroit054,openieeg,B48-AV,0,0.0817254185676574
sub-openieegDetroit054,openieeg,B49-AV,0,0.0541465282440185
sub-openieegDetroit054,openieeg,B5-AV,0,0.2609926462173462
sub-openieegDetroit054,openieeg,B50-AV,0,0.0555722117424011
sub-openieegDetroit054,openieeg,B51-AV,0,0.0627000331878662
sub-openieegDetroit054,openieeg,B52-AV,0,0.2791317701339721
sub-openieegDetroit054,openieeg,B53-AV,0,0.1616286635398864
sub-openieegDetroit054,openieeg,B54-AV,0,0.1581058502197265
sub-openieegDetroit054,openieeg,B55-AV,0,0.118789255619049
sub-openieegDetroit054,openieeg,B56-AV,0,0.173901617527008
sub-openieegDetroit054,openieeg,B57-AV,0,0.141242504119873
sub-openieegDetroit054,openieeg,B58-AV,0,0.1321702003479004
sub-openieegDetroit054,openieeg,B59-AV,0,0.2528097033500671
sub-openieegDetroit054,openieeg,B6-AV,0,0.4915515780448913
sub-openieegDetroit054,openieeg,B60-AV,0,0.0531359314918518
sub-openieegDetroit054,openieeg,B61-AV,0,0.1583950519561767
sub-openieegDetroit054,openieeg,B62-AV,0,0.1571596264839172
sub-openieegDetroit054,openieeg,B63-AV,0,0.111405074596405
sub-openieegDetroit054,openieeg,B64-AV,0,0.4542877674102783
sub-openieegDetroit054,openieeg,B7-AV,0,0.3588994741439819
sub-openieegDetroit054,openieeg,B8-AV,0,0.3655884861946106
sub-openieegDetroit054,openieeg,B9-AV,0,0.0426623225212097
sub-openieegDetroit057,openieeg,A1-AV,0,0.0345107316970825
sub-openieegDetroit057,openieeg,A10-AV,0,0.007022202014923
sub-openieegDetroit057,openieeg,A11-AV,0,0.0100210905075073
sub-openieegDetroit057,openieeg,A12-AV,0,0.0434209704399108
sub-openieegDetroit057,openieeg,A13-AV,0,0.0084466338157653
sub-openieegDetroit057,openieeg,A14-AV,0,0.0107960104942321
sub-openieegDetroit057,openieeg,A15-AV,0,0.0115717053413391
sub-openieegDetroit057,openieeg,A16-AV,0,0.0132892727851867
sub-openieegDetroit057,openieeg,A17-AV,0,0.0124954581260681
sub-openieegDetroit057,openieeg,A18-AV,0,0.0102282166481018
sub-openieegDetroit057,openieeg,A19-AV,0,0.0158156156539917
sub-openieegDetroit057,openieeg,A2-AV,0,0.0158482789993286
sub-openieegDetroit057,openieeg,A20-AV,0,0.0137786865234375
sub-openieegDetroit057,openieeg,A21-AV,0,0.0157546401023864
sub-openieegDetroit057,openieeg,A25-AV,0,0.039832592010498
sub-openieegDetroit057,openieeg,A26-AV,0,0.0071528553962707
sub-openieegDetroit057,openieeg,A27-AV,0,0.0084953904151916
sub-openieegDetroit057,openieeg,A28-AV,0,0.0080165266990661
sub-openieegDetroit057,openieeg,A29-AV,0,0.00967538356781
sub-openieegDetroit057,openieeg,A3-AV,0,0.0396194458007812
sub-openieegDetroit057,openieeg,A30-AV,0,0.0102275013923645
sub-openieegDetroit057,openieeg,A31-AV,0,0.0087533593177795
sub-openieegDetroit057,openieeg,A32-AV,0,0.0078294873237609
sub-openieegDetroit057,openieeg,A33-AV,0,0.2386314868927002
sub-openieegDetroit057,openieeg,A34-AV,0,0.2856344580650329
sub-openieegDetroit057,openieeg,A35-AV,0,0.0598064661026001
sub-openieegDetroit057,openieeg,A36-AV,0,0.0142215490341186
sub-openieegDetroit057,openieeg,A37-AV,0,0.0191240310668945
sub-openieegDetroit057,openieeg,A38-AV,0,0.0127795934677124
sub-openieegDetroit057,openieeg,A39-AV,0,0.0212971568107604
sub-openieegDetroit057,openieeg,A4-AV,0,0.0073055028915405
sub-openieegDetroit057,openieeg,A40-AV,0,0.0319077968597412
sub-openieegDetroit057,openieeg,A41-AV,0,0.0363877415657043
sub-openieegDetroit057,openieeg,A42-AV,0,0.0159076452255249
sub-openieegDetroit057,openieeg,A43-AV,0,0.6138322353363037
sub-openieegDetroit057,openieeg,A44-AV,0,0.5689283609390259
sub-openieegDetroit057,openieeg,A45-AV,0,0.0462476015090942
sub-openieegDetroit057,openieeg,A46-AV,0,0.2010976076126098
sub-openieegDetroit057,openieeg,A47-AV,0,0.0690500140190124
sub-openieegDetroit057,openieeg,A48-AV,0,0.5243778228759766
sub-openieegDetroit057,openieeg,A49-AV,0,0.5936590433120728
sub-openieegDetroit057,openieeg,A5-AV,0,0.0071942210197448
sub-openieegDetroit057,openieeg,A50-AV,0,0.3464858531951904
sub-openieegDetroit057,openieeg,A51-AV,0,0.0081611275672912
sub-openieegDetroit057,openieeg,A52-AV,0,0.0145201086997985
sub-openieegDetroit057,openieeg,A53-AV,0,0.01189386844635
sub-openieegDetroit057,openieeg,A56-AV,0,0.0087172985076904
sub-openieegDetroit057,openieeg,A57-AV,0,0.0897571444511413
sub-openieegDetroit057,openieeg,A58-AV,0,0.0235983729362487
sub-openieegDetroit057,openieeg,A59-AV,0,0.0104725360870361
sub-openieegDetroit057,openieeg,A6-AV,0,0.0100692510604858
sub-openieegDetroit057,openieeg,A60-AV,0,0.0112331509590148
sub-openieegDetroit057,openieeg,A7-AV,0,0.2474218606948852
sub-openieegDetroit057,openieeg,A8-AV,0,0.0468818545341491
sub-openieegDetroit057,openieeg,A9-AV,0,0.1390202641487121
sub-openieegDetroit057,openieeg,B1-AV,0,0.0234022736549377
sub-openieegDetroit057,openieeg,B10-AV,0,0.0959953665733337
sub-openieegDetroit057,openieeg,B11-AV,0,0.0499987602233886
sub-openieegDetroit057,openieeg,B12-AV,0,0.1006959676742553
sub-openieegDetroit057,openieeg,B13-AV,0,0.0750280022621154
sub-openieegDetroit057,openieeg,B14-AV,0,0.1991461515426635
sub-openieegDetroit057,openieeg,B15-AV,0,0.1229766607284545
sub-openieegDetroit057,openieeg,B16-AV,0,0.1458280086517334
sub-openieegDetroit057,openieeg,B18-AV,0,0.5528593063354492
sub-openieegDetroit057,openieeg,B19-AV,0,0.2430751919746399
sub-openieegDetroit057,openieeg,B2-AV,0,0.1845842599868774
sub-openieegDetroit057,openieeg,B20-AV,0,0.128223717212677
sub-openieegDetroit057,openieeg,B21-AV,0,0.0997907519340515
sub-openieegDetroit057,openieeg,B22-AV,0,0.2159234881401062
sub-openieegDetroit057,openieeg,B23-AV,0,0.1200613975524902
sub-openieegDetroit057,openieeg,B24-AV,0,0.1686396598815918
sub-openieegDetroit057,openieeg,B25-AV,0,0.4053664803504944
sub-openieegDetroit057,openieeg,B26-AV,0,0.3632348179817199
sub-openieegDetroit057,openieeg,B27-AV,0,0.4338372349739074
sub-openieegDetroit057,openieeg,B28-AV,0,0.2224829792976379
sub-openieegDetroit057,openieeg,B29-AV,0,0.1828466057777404
sub-openieegDetroit057,openieeg,B3-AV,0,0.0186682939529418
sub-openieegDetroit057,openieeg,B30-AV,0,0.1853254437446594
sub-openieegDetroit057,openieeg,B31-AV,0,0.2362476587295532
sub-openieegDetroit057,openieeg,B32-AV,0,0.0129036903381347
sub-openieegDetroit057,openieeg,B33-AV,0,0.511277437210083
sub-openieegDetroit057,openieeg,B34-AV,0,0.2338212132453918
sub-openieegDetroit057,openieeg,B35-AV,0,0.2922288775444031
sub-openieegDetroit057,openieeg,B36-AV,0,0.0186529159545898
sub-openieegDetroit057,openieeg,B37-AV,0,0.0092620253562927
sub-openieegDetroit057,openieeg,B38-AV,0,0.1575135588645935
sub-openieegDetroit057,openieeg,B39-AV,0,0.0293959975242614
sub-openieegDetroit057,openieeg,B4-AV,0,0.2072981595993042
sub-openieegDetroit057,openieeg,B40-AV,0,0.1485108733177185
sub-openieegDetroit057,openieeg,B41-AV,0,0.4734163284301758
sub-openieegDetroit057,openieeg,B42-AV,0,0.165534496307373
sub-openieegDetroit057,openieeg,B43-AV,0,0.1882386207580566
sub-openieegDetroit057,openieeg,B44-AV,0,0.009734570980072
sub-openieegDetroit057,openieeg,B45-AV,0,0.1669058799743652
sub-openieegDetroit057,openieeg,B46-AV,0,0.1649076342582702
sub-openieegDetroit057,openieeg,B47-AV,0,0.1673828959465026
sub-openieegDetroit057,openieeg,B48-AV,0,0.0091552138328552
sub-openieegDetroit057,openieeg,B49-AV,0,0.1219798326492309
sub-openieegDetroit057,openieeg,B5-AV,0,0.1952661871910095
sub-openieegDetroit057,openieeg,B50-AV,0,0.1763635277748108
sub-openieegDetroit057,openieeg,B51-AV,0,0.2444859147071838
sub-openieegDetroit057,openieeg,B52-AV,0,0.1018058657646179
sub-openieegDetroit057,openieeg,B53-AV,0,0.1233338713645935
sub-openieegDetroit057,openieeg,B54-AV,0,0.1838240027427673
sub-openieegDetroit057,openieeg,B55-AV,0,0.1336365938186645
sub-openieegDetroit057,openieeg,B56-AV,0,0.1919478774070739
sub-openieegDetroit057,openieeg,B57-AV,0,0.0947940349578857
sub-openieegDetroit057,openieeg,B58-AV,0,0.2375223636627197
sub-openieegDetroit057,openieeg,B59-AV,0,0.3009170889854431
sub-openieegDetroit057,openieeg,B6-AV,0,0.1209193468093872
sub-openieegDetroit057,openieeg,B60-AV,0,0.1743167042732238
sub-openieegDetroit057,openieeg,B61-AV,0,0.0567679405212402
sub-openieegDetroit057,openieeg,B62-AV,0,0.1133202314376831
sub-openieegDetroit057,openieeg,B63-AV,0,0.1269461512565612
sub-openieegDetroit057,openieeg,B64-AV,0,0.1504515409469604
sub-openieegDetroit057,openieeg,B7-AV,0,0.1049912571907043
sub-openieegDetroit057,openieeg,B8-AV,0,0.0941195487976074
sub-openieegDetroit057,openieeg,B9-AV,0,0.0235997438430786
sub-openieegDetroit059,openieeg,A1-AV,0,0.763782799243927
sub-openieegDetroit059,openieeg,A11-AV,1,0.6714937090873718
sub-openieegDetroit059,openieeg,A13-AV,1,0.6310638189315796
sub-openieegDetroit059,openieeg,A15-AV,1,0.1184651851654052
sub-openieegDetroit059,openieeg,A16-AV,1,0.6098777055740356
sub-openieegDetroit059,openieeg,A17-AV,1,0.7463276386260986
sub-openieegDetroit059,openieeg,A18-AV,1,0.5818995833396912
sub-openieegDetroit059,openieeg,A19-AV,0,0.8269851803779602
sub-openieegDetroit059,openieeg,A2-AV,0,0.3232525587081909
sub-openieegDetroit059,openieeg,A20-AV,0,0.7704523801803589
sub-openieegDetroit059,openieeg,A21-AV,1,0.7190455198287964
sub-openieegDetroit059,openieeg,A22-AV,1,0.6717469096183777
sub-openieegDetroit059,openieeg,A23-AV,1,0.7517642974853516
sub-openieegDetroit059,openieeg,A24-AV,1,0.8204289674758911
sub-openieegDetroit059,openieeg,A26-AV,0,0.616129994392395
sub-openieegDetroit059,openieeg,A27-AV,0,0.659382700920105
sub-openieegDetroit059,openieeg,A28-AV,0,0.7685662508010864
sub-openieegDetroit059,openieeg,A29-AV,0,0.7022843360900879
sub-openieegDetroit059,openieeg,A3-AV,1,0.2649913430213928
sub-openieegDetroit059,openieeg,A30-AV,0,0.6804014444351196
sub-openieegDetroit059,openieeg,A31-AV,0,0.6848071813583374
sub-openieegDetroit059,openieeg,A32-AV,0,0.2521367073059082
sub-openieegDetroit059,openieeg,A33-AV,0,0.5178714990615845
sub-openieegDetroit059,openieeg,A34-AV,0,0.6820807456970215
sub-openieegDetroit059,openieeg,A35-AV,1,0.614835262298584
sub-openieegDetroit059,openieeg,A36-AV,1,0.8029841184616089
sub-openieegDetroit059,openieeg,A37-AV,1,0.8075907230377197
sub-openieegDetroit059,openieeg,A38-AV,0,0.1763314604759216
sub-openieegDetroit059,openieeg,A39-AV,0,0.507666289806366
sub-openieegDetroit059,openieeg,A4-AV,1,0.6039556264877319
sub-openieegDetroit059,openieeg,A40-AV,0,0.597008466720581
sub-openieegDetroit059,openieeg,A41-AV,0,0.5637732148170471
sub-openieegDetroit059,openieeg,A42-AV,0,0.7097734212875366
sub-openieegDetroit059,openieeg,A43-AV,0,0.5815439224243164
sub-openieegDetroit059,openieeg,A44-AV,1,0.6868182420730591
sub-openieegDetroit059,openieeg,A45-AV,1,0.4895852208137512
sub-openieegDetroit059,openieeg,A46-AV,0,0.5846158266067505
sub-openieegDetroit059,openieeg,A47-AV,0,0.018390953540802
sub-openieegDetroit059,openieeg,A48-AV,0,0.0650021433830261
sub-openieegDetroit059,openieeg,A5-AV,0,0.2041176557540893
sub-openieegDetroit059,openieeg,A6-AV,0,0.4261353015899658
sub-openieegDetroit059,openieeg,A7-AV,0,0.4021216034889221
sub-openieegDetroit059,openieeg,A8-AV,0,0.63740473985672
sub-openieegDetroit059,openieeg,B1-AV,0,0.5351195335388184
sub-openieegDetroit059,openieeg,B10-AV,0,0.1197908520698547
sub-openieegDetroit059,openieeg,B12-AV,0,0.0771284699440002
sub-openieegDetroit059,openieeg,B13-AV,0,0.1293714642524719
sub-openieegDetroit059,openieeg,B14-AV,0,0.0128336548805236
sub-openieegDetroit059,openieeg,B15-AV,0,0.0125882625579833
sub-openieegDetroit059,openieeg,B17-AV,0,0.1806201338768005
sub-openieegDetroit059,openieeg,B18-AV,0,0.4771623611450195
sub-openieegDetroit059,openieeg,B19-AV,0,0.0200889110565185
sub-openieegDetroit059,openieeg,B2-AV,0,0.0233626365661621
sub-openieegDetroit059,openieeg,B20-AV,0,0.1798890829086303
sub-openieegDetroit059,openieeg,B21-AV,0,0.0186625719070434
sub-openieegDetroit059,openieeg,B22-AV,0,0.1570687890052795
sub-openieegDetroit059,openieeg,B23-AV,0,0.0164674520492553
sub-openieegDetroit059,openieeg,B24-AV,0,0.0204703211784362
sub-openieegDetroit059,openieeg,B25-AV,0,0.0258142948150634
sub-openieegDetroit059,openieeg,B26-AV,0,0.0240960121154785
sub-openieegDetroit059,openieeg,B27-AV,0,0.0234317779541015
sub-openieegDetroit059,openieeg,B28-AV,0,0.0119540691375732
sub-openieegDetroit059,openieeg,B29-AV,0,0.0184535384178161
sub-openieegDetroit059,openieeg,B3-AV,0,0.5909014940261841
sub-openieegDetroit059,openieeg,B30-AV,0,0.0222022533416748
sub-openieegDetroit059,openieeg,B31-AV,0,0.0113279819488525
sub-openieegDetroit059,openieeg,B33-AV,0,0.0835902094841003
sub-openieegDetroit059,openieeg,B34-AV,0,0.0512772798538208
sub-openieegDetroit059,openieeg,B35-AV,0,0.0222030282020568
sub-openieegDetroit059,openieeg,B36-AV,0,0.0186527967453002
sub-openieegDetroit059,openieeg,B37-AV,0,0.0141940712928771
sub-openieegDetroit059,openieeg,B38-AV,0,0.0180035829544067
sub-openieegDetroit059,openieeg,B39-AV,0,0.0458204746246337
sub-openieegDetroit059,openieeg,B4-AV,0,0.2910696268081665
sub-openieegDetroit059,openieeg,B40-AV,0,0.0149166584014892
sub-openieegDetroit059,openieeg,B41-AV,0,0.0134114623069763
sub-openieegDetroit059,openieeg,B42-AV,0,0.012059211730957
sub-openieegDetroit059,openieeg,B43-AV,0,0.1297128796577453
sub-openieegDetroit059,openieeg,B44-AV,0,0.0136398077011108
sub-openieegDetroit059,openieeg,B45-AV,0,0.0156463384628295
sub-openieegDetroit059,openieeg,B46-AV,0,0.0186734795570373
sub-openieegDetroit059,openieeg,B47-AV,0,0.0187404751777648
sub-openieegDetroit059,openieeg,B48-AV,0,0.0209121704101562
sub-openieegDetroit059,openieeg,B49-AV,0,0.0263790488243103
sub-openieegDetroit059,openieeg,B5-AV,0,0.0846165418624877
sub-openieegDetroit059,openieeg,B50-AV,0,0.0224276185035705
sub-openieegDetroit059,openieeg,B51-AV,0,0.0155941247940063
sub-openieegDetroit059,openieeg,B52-AV,0,0.0158974528312683
sub-openieegDetroit059,openieeg,B53-AV,0,0.0158556699752807
sub-openieegDetroit059,openieeg,B54-AV,0,0.0132017731666564
sub-openieegDetroit059,openieeg,B55-AV,0,0.0302392244338989
sub-openieegDetroit059,openieeg,B56-AV,0,0.0120078325271606
sub-openieegDetroit059,openieeg,B57-AV,0,0.2368769645690918
sub-openieegDetroit059,openieeg,B58-AV,0,0.1182206869125366
sub-openieegDetroit059,openieeg,B59-AV,0,0.0191007852554321
sub-openieegDetroit059,openieeg,B6-AV,0,0.037358283996582
sub-openieegDetroit059,openieeg,B60-AV,0,0.0306231975555419
sub-openieegDetroit059,openieeg,B61-AV,0,0.0336607694625854
sub-openieegDetroit059,openieeg,B62-AV,0,0.0164199471473693
sub-openieegDetroit059,openieeg,B63-AV,0,0.0392131209373474
sub-openieegDetroit059,openieeg,B64-AV,0,0.0329866409301757
sub-openieegDetroit059,openieeg,B7-AV,0,0.1220391988754272
sub-openieegDetroit059,openieeg,B8-AV,0,0.0201286673545837
sub-openieegDetroit059,openieeg,B9-AV,0,0.0106666684150695
sub-openieegDetroit063,openieeg,A1-AV,0,0.0352088809013366
sub-openieegDetroit063,openieeg,A11-AV,0,0.0335277318954467
sub-openieegDetroit063,openieeg,A12-AV,0,0.0853945016860961
sub-openieegDetroit063,openieeg,A13-AV,0,0.2567340135574341
sub-openieegDetroit063,openieeg,A14-AV,0,0.3180489540100097
sub-openieegDetroit063,openieeg,A15-AV,0,0.0584527254104614
sub-openieegDetroit063,openieeg,A16-AV,0,0.0729694366455078
sub-openieegDetroit063,openieeg,A17-AV,0,0.0878626704216003
sub-openieegDetroit063,openieeg,A18-AV,0,0.0614049434661865
sub-openieegDetroit063,openieeg,A19-AV,1,0.097385287284851
sub-openieegDetroit063,openieeg,A2-AV,0,0.1149613261222839
sub-openieegDetroit063,openieeg,A20-AV,1,0.1930574774742126
sub-openieegDetroit063,openieeg,A21-AV,1,0.0982899069786071
sub-openieegDetroit063,openieeg,A22-AV,1,0.1910353899002075
sub-openieegDetroit063,openieeg,A23-AV,0,0.0490531921386718
sub-openieegDetroit063,openieeg,A24-AV,0,0.0410133600234985
sub-openieegDetroit063,openieeg,A25-AV,0,0.0557559132575988
sub-openieegDetroit063,openieeg,A26-AV,0,0.1859238147735595
sub-openieegDetroit063,openieeg,A27-AV,0,0.3727402687072754
sub-openieegDetroit063,openieeg,A28-AV,0,0.1694264411926269
sub-openieegDetroit063,openieeg,A29-AV,0,0.1189479827880859
sub-openieegDetroit063,openieeg,A3-AV,0,0.0947061777114868
sub-openieegDetroit063,openieeg,A30-AV,0,0.0406827330589294
sub-openieegDetroit063,openieeg,A31-AV,0,0.1377280950546264
sub-openieegDetroit063,openieeg,A32-AV,0,0.0743492841720581
sub-openieegDetroit063,openieeg,A33-AV,0,0.2308608889579773
sub-openieegDetroit063,openieeg,A34-AV,0,0.2717782258987427
sub-openieegDetroit063,openieeg,A35-AV,0,0.3539267778396606
sub-openieegDetroit063,openieeg,A36-AV,0,0.1981862187385559
sub-openieegDetroit063,openieeg,A37-AV,0,0.185691237449646
sub-openieegDetroit063,openieeg,A38-AV,0,0.2273321151733398
sub-openieegDetroit063,openieeg,A39-AV,0,0.1190637350082397
sub-openieegDetroit063,openieeg,A4-AV,0,0.1864482164382934
sub-openieegDetroit063,openieeg,A40-AV,0,0.0774963498115539
sub-openieegDetroit063,openieeg,A41-AV,0,0.0845920443534851
sub-openieegDetroit063,openieeg,A42-AV,0,0.1810865402221679
sub-openieegDetroit063,openieeg,A43-AV,0,0.2334039211273193
sub-openieegDetroit063,openieeg,A44-AV,0,0.4512172937393188
sub-openieegDetroit063,openieeg,A45-AV,0,0.0669096708297729
sub-openieegDetroit063,openieeg,A46-AV,0,0.1375892758369445
sub-openieegDetroit063,openieeg,A47-AV,0,0.0842867493629455
sub-openieegDetroit063,openieeg,A48-AV,0,0.6386202573776245
sub-openieegDetroit063,openieeg,A49-AV,0,0.043225347995758
sub-openieegDetroit063,openieeg,A5-AV,0,0.2388938665390014
sub-openieegDetroit063,openieeg,A50-AV,0,0.2879359126091003
sub-openieegDetroit063,openieeg,A51-AV,0,0.4321332573890686
sub-openieegDetroit063,openieeg,A52-AV,0,0.1237325072288513
sub-openieegDetroit063,openieeg,A53-AV,0,0.3013035655021667
sub-openieegDetroit063,openieeg,A55-AV,0,0.634812593460083
sub-openieegDetroit063,openieeg,A56-AV,0,0.5171827077865601
sub-openieegDetroit063,openieeg,A57-AV,0,0.2079635858535766
sub-openieegDetroit063,openieeg,A58-AV,0,0.4222927689552307
sub-openieegDetroit063,openieeg,A59-AV,0,0.2018712162971496
sub-openieegDetroit063,openieeg,A6-AV,0,0.3430979251861572
sub-openieegDetroit063,openieeg,A60-AV,0,0.1512371897697448
sub-openieegDetroit063,openieeg,A61-AV,0,0.1907724738121032
sub-openieegDetroit063,openieeg,A62-AV,0,0.2782233953475952
sub-openieegDetroit063,openieeg,A63-AV,0,0.0981117486953735
sub-openieegDetroit063,openieeg,A64-AV,0,0.0677416324615478
sub-openieegDetroit063,openieeg,A7-AV,0,0.3185371160507202
sub-openieegDetroit063,openieeg,A8-AV,0,0.2776078581809997
sub-openieegDetroit063,openieeg,A9-AV,0,0.1545692086219787
sub-openieegDetroit063,openieeg,B1-AV,0,0.0537590980529785
sub-openieegDetroit063,openieeg,B10-AV,0,0.5244488716125488
sub-openieegDetroit063,openieeg,B12-AV,0,0.2465983033180236
sub-openieegDetroit063,openieeg,B13-AV,0,0.1429413557052612
sub-openieegDetroit063,openieeg,B14-AV,0,0.0341244339942932
sub-openieegDetroit063,openieeg,B15-AV,0,0.0335704088211059
sub-openieegDetroit063,openieeg,B16-AV,0,0.5285203456878662
sub-openieegDetroit063,openieeg,B17-AV,0,0.2440040707588195
sub-openieegDetroit063,openieeg,B18-AV,0,0.4487483501434326
sub-openieegDetroit063,openieeg,B19-AV,0,0.3215290904045105
sub-openieegDetroit063,openieeg,B2-AV,0,0.1259439587593078
sub-openieegDetroit063,openieeg,B20-AV,0,0.2523564100265503
sub-openieegDetroit063,openieeg,B21-AV,0,0.2550695538520813
sub-openieegDetroit063,openieeg,B22-AV,0,0.121852159500122
sub-openieegDetroit063,openieeg,B23-AV,0,0.0432860255241394
sub-openieegDetroit063,openieeg,B25-AV,0,0.179732859134674
sub-openieegDetroit063,openieeg,B26-AV,0,0.3154455423355102
sub-openieegDetroit063,openieeg,B27-AV,0,0.3738014698028564
sub-openieegDetroit063,openieeg,B28-AV,0,0.2369918823242187
sub-openieegDetroit063,openieeg,B29-AV,0,0.0699458122253418
sub-openieegDetroit063,openieeg,B3-AV,0,0.2250215411186218
sub-openieegDetroit063,openieeg,B30-AV,0,0.1522114872932434
sub-openieegDetroit063,openieeg,B31-AV,0,0.3152697682380676
sub-openieegDetroit063,openieeg,B32-AV,0,0.4890546202659607
sub-openieegDetroit063,openieeg,B33-AV,0,0.238946259021759
sub-openieegDetroit063,openieeg,B34-AV,0,0.1394748091697693
sub-openieegDetroit063,openieeg,B35-AV,0,0.181378960609436
sub-openieegDetroit063,openieeg,B36-AV,0,0.2858229875564575
sub-openieegDetroit063,openieeg,B37-AV,0,0.0336140394210815
sub-openieegDetroit063,openieeg,B38-AV,0,0.0454990267753601
sub-openieegDetroit063,openieeg,B39-AV,0,0.063488483428955
sub-openieegDetroit063,openieeg,B4-AV,0,0.1233776211738586
sub-openieegDetroit063,openieeg,B40-AV,0,0.064581274986267
sub-openieegDetroit063,openieeg,B41-AV,0,0.5465582013130188
sub-openieegDetroit063,openieeg,B42-AV,0,0.6141655445098877
sub-openieegDetroit063,openieeg,B43-AV,0,0.3316658735275268
sub-openieegDetroit063,openieeg,B44-AV,0,0.4171480536460876
sub-openieegDetroit063,openieeg,B45-AV,0,0.2216954231262207
sub-openieegDetroit063,openieeg,B46-AV,0,0.291611909866333
sub-openieegDetroit063,openieeg,B47-AV,0,0.0236018896102905
sub-openieegDetroit063,openieeg,B48-AV,0,0.5413922071456909
sub-openieegDetroit063,openieeg,B49-AV,0,0.1872642040252685
sub-openieegDetroit063,openieeg,B5-AV,0,0.0239412784576416
sub-openieegDetroit063,openieeg,B50-AV,0,0.0395077466964721
sub-openieegDetroit063,openieeg,B51-AV,0,0.1288225054740905
sub-openieegDetroit063,openieeg,B52-AV,0,0.3079496622085571
sub-openieegDetroit063,openieeg,B53-AV,0,0.025688350200653
sub-openieegDetroit063,openieeg,B54-AV,1,0.0415855050086975
sub-openieegDetroit063,openieeg,B55-AV,1,0.0423071384429931
sub-openieegDetroit063,openieeg,B56-AV,0,0.1438814997673034
sub-openieegDetroit063,openieeg,B57-AV,0,0.080366313457489
sub-openieegDetroit063,openieeg,B58-AV,0,0.1510776281356811
sub-openieegDetroit063,openieeg,B59-AV,0,0.2695610523223877
sub-openieegDetroit063,openieeg,B6-AV,0,0.299187958240509
sub-openieegDetroit063,openieeg,B60-AV,0,0.0864343643188476
sub-openieegDetroit063,openieeg,B61-AV,0,0.1341694593429565
sub-openieegDetroit063,openieeg,B62-AV,1,0.2918809652328491
sub-openieegDetroit063,openieeg,B63-AV,1,0.1835651397705078
sub-openieegDetroit063,openieeg,B64-AV,0,0.3357149362564087
sub-openieegDetroit063,openieeg,B7-AV,0,0.0673046112060546
sub-openieegDetroit063,openieeg,B8-AV,0,0.6643821001052856
sub-openieegDetroit063,openieeg,B9-AV,0,0.2331191301345825
sub-openieegDetroit063,openieeg,C1-AV,1,0.0751262903213501
sub-openieegDetroit063,openieeg,C10-AV,0,0.0828995108604431
sub-openieegDetroit063,openieeg,C2-AV,1,0.0946863889694213
sub-openieegDetroit063,openieeg,C3-AV,1,0.0843719244003295
sub-openieegDetroit063,openieeg,C4-AV,0,0.0321001410484313
sub-openieegDetroit063,openieeg,C5-AV,0,0.0629247426986694
sub-openieegDetroit063,openieeg,C6-AV,1,0.5285704135894775
sub-openieegDetroit063,openieeg,C7-AV,1,0.0652146339416503
sub-openieegDetroit063,openieeg,C8-AV,1,0.1062020063400268
sub-openieegDetroit063,openieeg,C9-AV,0,0.0684431195259094
sub-openieegDetroit065,openieeg,A1-AV,1,0.7979903817176819
sub-openieegDetroit065,openieeg,A10-AV,0,0.0223458409309387
sub-openieegDetroit065,openieeg,A11-AV,1,0.6098684668540955
sub-openieegDetroit065,openieeg,A12-AV,1,0.053282082080841
sub-openieegDetroit065,openieeg,A14-AV,1,0.7903609275817871
sub-openieegDetroit065,openieeg,A15-AV,1,0.8000990748405457
sub-openieegDetroit065,openieeg,A16-AV,1,0.7309842109680176
sub-openieegDetroit065,openieeg,A17-AV,0,0.6748266220092773
sub-openieegDetroit065,openieeg,A18-AV,0,0.6298702955245972
sub-openieegDetroit065,openieeg,A19-AV,0,0.7516840696334839
sub-openieegDetroit065,openieeg,A2-AV,1,0.6885719299316406
sub-openieegDetroit065,openieeg,A20-AV,0,0.6709287166595459
sub-openieegDetroit065,openieeg,A21-AV,0,0.7488415241241455
sub-openieegDetroit065,openieeg,A22-AV,0,0.7277359366416931
sub-openieegDetroit065,openieeg,A23-AV,0,0.4946984648704529
sub-openieegDetroit065,openieeg,A24-AV,0,0.2721124291419983
sub-openieegDetroit065,openieeg,A25-AV,0,0.0833826661109924
sub-openieegDetroit065,openieeg,A26-AV,0,0.647917628288269
sub-openieegDetroit065,openieeg,A27-AV,0,0.5031397342681885
sub-openieegDetroit065,openieeg,A28-AV,0,0.6158357858657837
sub-openieegDetroit065,openieeg,A3-AV,1,0.362269639968872
sub-openieegDetroit065,openieeg,A31-AV,0,0.5498225688934326
sub-openieegDetroit065,openieeg,A32-AV,0,0.3483107686042785
sub-openieegDetroit065,openieeg,A33-AV,0,0.0147491693496704
sub-openieegDetroit065,openieeg,A34-AV,0,0.1695968508720398
sub-openieegDetroit065,openieeg,A36-AV,0,0.5743141174316406
sub-openieegDetroit065,openieeg,A37-AV,0,0.0226494073867797
sub-openieegDetroit065,openieeg,A38-AV,0,0.010660707950592
sub-openieegDetroit065,openieeg,A39-AV,0,0.0117689967155456
sub-openieegDetroit065,openieeg,A4-AV,1,0.7746157050132751
sub-openieegDetroit065,openieeg,A5-AV,1,0.7564462423324585
sub-openieegDetroit065,openieeg,A6-AV,1,0.5373446941375732
sub-openieegDetroit065,openieeg,A7-AV,1,0.687120795249939
sub-openieegDetroit065,openieeg,A8-AV,1,0.7857707738876343
sub-openieegDetroit065,openieeg,A9-AV,0,0.3657290339469909
sub-openieegDetroit065,openieeg,B1-AV,0,0.0097535848617553
sub-openieegDetroit065,openieeg,B10-AV,0,0.0068936944007873
sub-openieegDetroit065,openieeg,B13-AV,0,0.0229329466819763
sub-openieegDetroit065,openieeg,B14-AV,0,0.0099047422409057
sub-openieegDetroit065,openieeg,B15-AV,0,0.0606176853179931
sub-openieegDetroit065,openieeg,B17-AV,0,0.0121651291847229
sub-openieegDetroit065,openieeg,B2-AV,0,0.0082682967185974
sub-openieegDetroit065,openieeg,B21-AV,0,0.0074503421783447
sub-openieegDetroit065,openieeg,B22-AV,0,0.0114520788192749
sub-openieegDetroit065,openieeg,B23-AV,0,0.0476601123809814
sub-openieegDetroit065,openieeg,B24-AV,0,0.0099056363105773
sub-openieegDetroit065,openieeg,B25-AV,0,0.0327491164207458
sub-openieegDetroit065,openieeg,B26-AV,0,0.093497633934021
sub-openieegDetroit065,openieeg,B27-AV,0,0.2378697991371154
sub-openieegDetroit065,openieeg,B28-AV,0,0.1758755445480346
sub-openieegDetroit065,openieeg,B29-AV,0,0.0087450742721557
sub-openieegDetroit065,openieeg,B3-AV,0,0.0085974335670471
sub-openieegDetroit065,openieeg,B30-AV,0,0.0091734528541564
sub-openieegDetroit065,openieeg,B31-AV,0,0.0094798803329467
sub-openieegDetroit065,openieeg,B32-AV,0,0.0075929760932922
sub-openieegDetroit065,openieeg,B33-AV,0,0.0468607544898986
sub-openieegDetroit065,openieeg,B34-AV,0,0.0088878273963928
sub-openieegDetroit065,openieeg,B35-AV,0,0.307166039943695
sub-openieegDetroit065,openieeg,B36-AV,0,0.0088382959365844
sub-openieegDetroit065,openieeg,B37-AV,0,0.0097483396530151
sub-openieegDetroit065,openieeg,B38-AV,0,0.0078102946281433
sub-openieegDetroit065,openieeg,B4-AV,0,0.0091376304626464
sub-openieegDetroit065,openieeg,B42-AV,0,0.0732486844062805
sub-openieegDetroit065,openieeg,B44-AV,0,0.0142119526863098
sub-openieegDetroit065,openieeg,B46-AV,0,0.1165996789932251
sub-openieegDetroit065,openieeg,B47-AV,0,0.0160664916038513
sub-openieegDetroit065,openieeg,B48-AV,0,0.0092910528182983
sub-openieegDetroit065,openieeg,B49-AV,0,0.3577302098274231
sub-openieegDetroit065,openieeg,B5-AV,0,0.0116671919822692
sub-openieegDetroit065,openieeg,B50-AV,0,0.4852918982505798
sub-openieegDetroit065,openieeg,B51-AV,0,0.0220513343811035
sub-openieegDetroit065,openieeg,B52-AV,0,0.0256078839302063
sub-openieegDetroit065,openieeg,B53-AV,0,0.217639684677124
sub-openieegDetroit065,openieeg,B54-AV,0,0.6412364840507507
sub-openieegDetroit065,openieeg,B56-AV,0,0.0988000631332397
sub-openieegDetroit065,openieeg,B57-AV,0,0.1467518806457519
sub-openieegDetroit065,openieeg,B58-AV,0,0.5164310336112976
sub-openieegDetroit065,openieeg,B59-AV,0,0.0164172053337097
sub-openieegDetroit065,openieeg,B6-AV,0,0.0097777843475341
sub-openieegDetroit065,openieeg,B60-AV,0,0.0090088844299316
sub-openieegDetroit065,openieeg,B61-AV,0,0.077440857887268
sub-openieegDetroit065,openieeg,B62-AV,0,0.1459884643554687
sub-openieegDetroit065,openieeg,B63-AV,0,0.0171259641647338
sub-openieegDetroit065,openieeg,B64-AV,0,0.2755976915359497
sub-openieegDetroit065,openieeg,B7-AV,0,0.0142005681991577
sub-openieegDetroit065,openieeg,B8-AV,0,0.0120937824249267
sub-openieegDetroit065,openieeg,B9-AV,0,0.0122082829475402
sub-openieegDetroit068,openieeg,A1-AV,0,0.2321813702583313
sub-openieegDetroit068,openieeg,A10-AV,0,0.1956489086151123
sub-openieegDetroit068,openieeg,A11-AV,1,0.0452055931091308
sub-openieegDetroit068,openieeg,A12-AV,1,0.0348590016365051
sub-openieegDetroit068,openieeg,A13-AV,0,0.1224706768989563
sub-openieegDetroit068,openieeg,A14-AV,0,0.2213279604911804
sub-openieegDetroit068,openieeg,A15-AV,0,0.1331319212913513
sub-openieegDetroit068,openieeg,A16-AV,0,0.0599084496498107
sub-openieegDetroit068,openieeg,A17-AV,0,0.3639929890632629
sub-openieegDetroit068,openieeg,A18-AV,0,0.040496289730072
sub-openieegDetroit068,openieeg,A19-AV,0,0.0901634693145752
sub-openieegDetroit068,openieeg,A2-AV,0,0.2830957174301147
sub-openieegDetroit068,openieeg,A20-AV,0,0.053050696849823
sub-openieegDetroit068,openieeg,A21-AV,0,0.2965900897979736
sub-openieegDetroit068,openieeg,A22-AV,0,0.3065360188484192
sub-openieegDetroit068,openieeg,A23-AV,0,0.4499029517173767
sub-openieegDetroit068,openieeg,A24-AV,1,0.3685104846954345
sub-openieegDetroit068,openieeg,A25-AV,0,0.0858272910118103
sub-openieegDetroit068,openieeg,A26-AV,0,0.164284348487854
sub-openieegDetroit068,openieeg,A27-AV,0,0.1570219993591308
sub-openieegDetroit068,openieeg,A28-AV,0,0.3424204587936401
sub-openieegDetroit068,openieeg,A29-AV,0,0.1661105155944824
sub-openieegDetroit068,openieeg,A3-AV,0,0.2980380654335022
sub-openieegDetroit068,openieeg,A30-AV,0,0.0471771955490112
sub-openieegDetroit068,openieeg,A31-AV,0,0.0440422296524047
sub-openieegDetroit068,openieeg,A32-AV,0,0.0542051792144775
sub-openieegDetroit068,openieeg,A33-AV,0,0.0584416389465332
sub-openieegDetroit068,openieeg,A34-AV,0,0.0540524721145629
sub-openieegDetroit068,openieeg,A35-AV,0,0.0770710706710815
sub-openieegDetroit068,openieeg,A36-AV,0,0.2430068254470825
sub-openieegDetroit068,openieeg,A37-AV,0,0.186357319355011
sub-openieegDetroit068,openieeg,A38-AV,0,0.0795307755470275
sub-openieegDetroit068,openieeg,A39-AV,0,0.2510036826133728
sub-openieegDetroit068,openieeg,A4-AV,0,0.0287835597991943
sub-openieegDetroit068,openieeg,A40-AV,0,0.0537550449371337
sub-openieegDetroit068,openieeg,A41-AV,0,0.1855143904685974
sub-openieegDetroit068,openieeg,A42-AV,0,0.0593593120574951
sub-openieegDetroit068,openieeg,A43-AV,0,0.176612377166748
sub-openieegDetroit068,openieeg,A44-AV,0,0.1236223578453064
sub-openieegDetroit068,openieeg,A45-AV,0,0.3080224990844726
sub-openieegDetroit068,openieeg,A46-AV,0,0.0595432519912719
sub-openieegDetroit068,openieeg,A47-AV,0,0.1751759648323059
sub-openieegDetroit068,openieeg,A48-AV,0,0.0815807580947876
sub-openieegDetroit068,openieeg,A49-AV,0,0.3433080315589905
sub-openieegDetroit068,openieeg,A5-AV,0,0.1283502578735351
sub-openieegDetroit068,openieeg,A50-AV,0,0.0745680928230285
sub-openieegDetroit068,openieeg,A51-AV,0,0.3855252265930176
sub-openieegDetroit068,openieeg,A52-AV,0,0.2995926737785339
sub-openieegDetroit068,openieeg,A53-AV,0,0.1946595907211303
sub-openieegDetroit068,openieeg,A54-AV,0,0.1673297882080078
sub-openieegDetroit068,openieeg,A55-AV,0,0.1319454908370971
sub-openieegDetroit068,openieeg,A56-AV,0,0.0350270867347717
sub-openieegDetroit068,openieeg,A57-AV,0,0.1545789241790771
sub-openieegDetroit068,openieeg,A58-AV,0,0.1676677465438842
sub-openieegDetroit068,openieeg,A59-AV,0,0.1122863888740539
sub-openieegDetroit068,openieeg,A6-AV,0,0.1848483085632324
sub-openieegDetroit068,openieeg,A60-AV,0,0.2098361849784851
sub-openieegDetroit068,openieeg,A7-AV,0,0.260856032371521
sub-openieegDetroit068,openieeg,A8-AV,0,0.1576065421104431
sub-openieegDetroit068,openieeg,A9-AV,0,0.2789065837860107
sub-openieegDetroit068,openieeg,B1-AV,0,0.4477111101150512
sub-openieegDetroit068,openieeg,B10-AV,0,0.0614329576492309
sub-openieegDetroit068,openieeg,B11-AV,0,0.0168669819831848
sub-openieegDetroit068,openieeg,B12-AV,0,0.3539758324623108
sub-openieegDetroit068,openieeg,B13-AV,0,0.0837175250053405
sub-openieegDetroit068,openieeg,B14-AV,0,0.089106261730194
sub-openieegDetroit068,openieeg,B15-AV,0,0.1555694937705993
sub-openieegDetroit068,openieeg,B16-AV,0,0.1241024732589721
sub-openieegDetroit068,openieeg,B17-AV,0,0.0364584922790527
sub-openieegDetroit068,openieeg,B18-AV,0,0.0364096760749816
sub-openieegDetroit068,openieeg,B19-AV,0,0.1492665410041809
sub-openieegDetroit068,openieeg,B2-AV,0,0.0242810845375061
sub-openieegDetroit068,openieeg,B20-AV,0,0.0407106876373291
sub-openieegDetroit068,openieeg,B21-AV,0,0.2636823058128357
sub-openieegDetroit068,openieeg,B22-AV,0,0.1033514738082885
sub-openieegDetroit068,openieeg,B23-AV,0,0.1821863055229187
sub-openieegDetroit068,openieeg,B24-AV,0,0.0161311030387878
sub-openieegDetroit068,openieeg,B25-AV,0,0.0216109156608581
sub-openieegDetroit068,openieeg,B26-AV,0,0.0818396210670471
sub-openieegDetroit068,openieeg,B27-AV,0,0.0466647148132324
sub-openieegDetroit068,openieeg,B28-AV,0,0.0905125141143798
sub-openieegDetroit068,openieeg,B29-AV,0,0.3282538652420044
sub-openieegDetroit068,openieeg,B3-AV,0,0.211094856262207
sub-openieegDetroit068,openieeg,B30-AV,0,0.055274486541748
sub-openieegDetroit068,openieeg,B31-AV,0,0.0817069411277771
sub-openieegDetroit068,openieeg,B32-AV,0,0.3351536989212036
sub-openieegDetroit068,openieeg,B33-AV,0,0.0317445397377014
sub-openieegDetroit068,openieeg,B34-AV,0,0.0686544179916381
sub-openieegDetroit068,openieeg,B35-AV,0,0.0287952423095703
sub-openieegDetroit068,openieeg,B36-AV,0,0.3661513328552246
sub-openieegDetroit068,openieeg,B37-AV,0,0.1728786826133728
sub-openieegDetroit068,openieeg,B38-AV,0,0.1919372081756591
sub-openieegDetroit068,openieeg,B39-AV,0,0.2473809123039245
sub-openieegDetroit068,openieeg,B4-AV,0,0.0805016756057739
sub-openieegDetroit068,openieeg,B40-AV,0,0.039118468761444
sub-openieegDetroit068,openieeg,B41-AV,0,0.0931633710861206
sub-openieegDetroit068,openieeg,B42-AV,0,0.3452998399734497
sub-openieegDetroit068,openieeg,B43-AV,0,0.2752304673194885
sub-openieegDetroit068,openieeg,B44-AV,0,0.2416601777076721
sub-openieegDetroit068,openieeg,B45-AV,0,0.1011334657669067
sub-openieegDetroit068,openieeg,B46-AV,0,0.0726386904716491
sub-openieegDetroit068,openieeg,B47-AV,0,0.0491434335708618
sub-openieegDetroit068,openieeg,B48-AV,0,0.2525687217712402
sub-openieegDetroit068,openieeg,B49-AV,0,0.1394299268722534
sub-openieegDetroit068,openieeg,B5-AV,0,0.0598577857017517
sub-openieegDetroit068,openieeg,B50-AV,0,0.0696324110031127
sub-openieegDetroit068,openieeg,B51-AV,0,0.055516242980957
sub-openieegDetroit068,openieeg,B52-AV,0,0.4469731450080871
sub-openieegDetroit068,openieeg,B53-AV,0,0.0708969831466674
sub-openieegDetroit068,openieeg,B54-AV,0,0.0557985305786132
sub-openieegDetroit068,openieeg,B55-AV,0,0.0221930146217346
sub-openieegDetroit068,openieeg,B56-AV,0,0.0601900815963745
sub-openieegDetroit068,openieeg,B57-AV,0,0.3029987215995788
sub-openieegDetroit068,openieeg,B58-AV,0,0.0293058156967163
sub-openieegDetroit068,openieeg,B59-AV,0,0.0464933514595031
sub-openieegDetroit068,openieeg,B6-AV,0,0.0273551940917968
sub-openieegDetroit068,openieeg,B60-AV,0,0.0924733877182006
sub-openieegDetroit068,openieeg,B61-AV,0,0.0448037385940551
sub-openieegDetroit068,openieeg,B62-AV,0,0.0427139997482299
sub-openieegDetroit068,openieeg,B63-AV,0,0.1116850972175598
sub-openieegDetroit068,openieeg,B64-AV,0,0.1409369707107544
sub-openieegDetroit068,openieeg,B7-AV,0,0.2115621566772461
sub-openieegDetroit068,openieeg,B8-AV,0,0.1914864182472229
sub-openieegDetroit068,openieeg,B9-AV,0,0.0238114595413208
sub-openieegDetroit069,openieeg,A1-AV,0,0.0155547261238098
sub-openieegDetroit069,openieeg,A10-AV,0,0.0452061295509338
sub-openieegDetroit069,openieeg,A11-AV,0,0.6553769111633301
sub-openieegDetroit069,openieeg,A12-AV,0,0.4874111413955688
sub-openieegDetroit069,openieeg,A14-AV,0,0.4042378664016723
sub-openieegDetroit069,openieeg,A15-AV,0,0.4052244424819946
sub-openieegDetroit069,openieeg,A16-AV,0,0.2058984041213989
sub-openieegDetroit069,openieeg,A17-AV,0,0.0833922624588012
sub-openieegDetroit069,openieeg,A18-AV,0,0.3313958644866943
sub-openieegDetroit069,openieeg,A19-AV,0,0.5949751138687134
sub-openieegDetroit069,openieeg,A2-AV,0,0.0221068263053894
sub-openieegDetroit069,openieeg,A20-AV,0,0.6054326295852661
sub-openieegDetroit069,openieeg,A21-AV,0,0.0504179596900939
sub-openieegDetroit069,openieeg,A22-AV,0,0.069797396659851
sub-openieegDetroit069,openieeg,A23-AV,0,0.0175198316574096
sub-openieegDetroit069,openieeg,A24-AV,0,0.0136452317237854
sub-openieegDetroit069,openieeg,A25-AV,0,0.0129090547561645
sub-openieegDetroit069,openieeg,A26-AV,0,0.3048880696296692
sub-openieegDetroit069,openieeg,A27-AV,0,0.0230153799057006
sub-openieegDetroit069,openieeg,A28-AV,0,0.0167011618614196
sub-openieegDetroit069,openieeg,A29-AV,1,0.1280913949012756
sub-openieegDetroit069,openieeg,A3-AV,0,0.0137625932693481
sub-openieegDetroit069,openieeg,A30-AV,1,0.0246647000312805
sub-openieegDetroit069,openieeg,A31-AV,0,0.0149843692779541
sub-openieegDetroit069,openieeg,A32-AV,0,0.0188660621643066
sub-openieegDetroit069,openieeg,A33-AV,0,0.0286208391189575
sub-openieegDetroit069,openieeg,A34-AV,0,0.0553052425384521
sub-openieegDetroit069,openieeg,A35-AV,0,0.0095377564430236
sub-openieegDetroit069,openieeg,A36-AV,0,0.0142419338226318
sub-openieegDetroit069,openieeg,A37-AV,1,0.0303208231925964
sub-openieegDetroit069,openieeg,A38-AV,1,0.0423998236656188
sub-openieegDetroit069,openieeg,A39-AV,0,0.082230806350708
sub-openieegDetroit069,openieeg,A4-AV,0,0.0397791862487793
sub-openieegDetroit069,openieeg,A40-AV,0,0.0136957764625549
sub-openieegDetroit069,openieeg,A41-AV,1,0.0327565670013427
sub-openieegDetroit069,openieeg,A42-AV,1,0.0358315110206604
sub-openieegDetroit069,openieeg,A43-AV,0,0.0295012593269348
sub-openieegDetroit069,openieeg,A44-AV,0,0.0111095905303955
sub-openieegDetroit069,openieeg,A45-AV,0,0.0354196429252624
sub-openieegDetroit069,openieeg,A46-AV,0,0.5030117034912109
sub-openieegDetroit069,openieeg,A47-AV,0,0.0121302008628845
sub-openieegDetroit069,openieeg,A48-AV,0,0.0443350672721862
sub-openieegDetroit069,openieeg,A49-AV,0,0.0478783249855041
sub-openieegDetroit069,openieeg,A5-AV,0,0.0226297974586486
sub-openieegDetroit069,openieeg,A51-AV,0,0.0405471920967102
sub-openieegDetroit069,openieeg,A52-AV,0,0.0807682871818542
sub-openieegDetroit069,openieeg,A53-AV,1,0.0181371569633483
sub-openieegDetroit069,openieeg,A54-AV,1,0.0259875655174255
sub-openieegDetroit069,openieeg,A56-AV,0,0.2764461040496826
sub-openieegDetroit069,openieeg,A57-AV,0,0.4635393619537353
sub-openieegDetroit069,openieeg,A58-AV,0,0.2923383712768554
sub-openieegDetroit069,openieeg,A59-AV,0,0.4848060607910156
sub-openieegDetroit069,openieeg,A6-AV,0,0.662377119064331
sub-openieegDetroit069,openieeg,A60-AV,0,0.3699220418930053
sub-openieegDetroit069,openieeg,A61-AV,0,0.4586837887763977
sub-openieegDetroit069,openieeg,A62-AV,0,0.2825884222984314
sub-openieegDetroit069,openieeg,A63-AV,0,0.3064916133880615
sub-openieegDetroit069,openieeg,A64-AV,0,0.6018097400665283
sub-openieegDetroit069,openieeg,A7-AV,0,0.0644885897636413
sub-openieegDetroit069,openieeg,A8-AV,0,0.2929672598838806
sub-openieegDetroit069,openieeg,A9-AV,0,0.4736950397491455
sub-openieegDetroit069,openieeg,B1-AV,0,0.7263357639312744
sub-openieegDetroit069,openieeg,B10-AV,0,0.061587631702423
sub-openieegDetroit069,openieeg,B11-AV,0,0.5706247687339783
sub-openieegDetroit069,openieeg,B12-AV,0,0.123451828956604
sub-openieegDetroit069,openieeg,B13-AV,0,0.1838759183883667
sub-openieegDetroit069,openieeg,B14-AV,0,0.3839199542999267
sub-openieegDetroit069,openieeg,B15-AV,0,0.0210508704185485
sub-openieegDetroit069,openieeg,B16-AV,0,0.1273731589317321
sub-openieegDetroit069,openieeg,B17-AV,0,0.1511753797531128
sub-openieegDetroit069,openieeg,B18-AV,0,0.5406787395477295
sub-openieegDetroit069,openieeg,B19-AV,0,0.3745560646057129
sub-openieegDetroit069,openieeg,B2-AV,0,0.6165145635604858
sub-openieegDetroit069,openieeg,B20-AV,0,0.577965497970581
sub-openieegDetroit069,openieeg,B21-AV,0,0.2994638681411743
sub-openieegDetroit069,openieeg,B22-AV,0,0.0644077658653259
sub-openieegDetroit069,openieeg,B4-AV,0,0.6924606561660767
sub-openieegDetroit069,openieeg,B5-AV,0,0.4382539391517639
sub-openieegDetroit069,openieeg,B7-AV,0,0.0102798342704772
sub-openieegDetroit069,openieeg,B8-AV,0,0.3122493624687195
sub-openieegDetroit069,openieeg,B9-AV,0,0.4868554472923279
sub-openieegDetroit070,openieeg,A1-AV,0,0.1167339086532592
sub-openieegDetroit070,openieeg,A10-AV,0,0.163374662399292
sub-openieegDetroit070,openieeg,A11-AV,0,0.0534491539001464
sub-openieegDetroit070,openieeg,A12-AV,0,0.0752297043800354
sub-openieegDetroit070,openieeg,A13-AV,0,0.0228770971298217
sub-openieegDetroit070,openieeg,A14-AV,0,0.078233003616333
sub-openieegDetroit070,openieeg,A15-AV,0,0.0332060456275939
sub-openieegDetroit070,openieeg,A16-AV,0,0.0357501506805419
sub-openieegDetroit070,openieeg,A17-AV,0,0.0278337001800537
sub-openieegDetroit070,openieeg,A18-AV,0,0.0341731309890747
sub-openieegDetroit070,openieeg,A19-AV,0,0.034473180770874
sub-openieegDetroit070,openieeg,A2-AV,0,0.2319153547286987
sub-openieegDetroit070,openieeg,A20-AV,0,0.0337017774581909
sub-openieegDetroit070,openieeg,A21-AV,0,0.0258061289787292
sub-openieegDetroit070,openieeg,A22-AV,0,0.0681546330451965
sub-openieegDetroit070,openieeg,A23-AV,0,0.0824390649795532
sub-openieegDetroit070,openieeg,A24-AV,0,0.0391452312469482
sub-openieegDetroit070,openieeg,A25-AV,0,0.0542517900466918
sub-openieegDetroit070,openieeg,A26-AV,0,0.2132797241210937
sub-openieegDetroit070,openieeg,A27-AV,0,0.3926780223846435
sub-openieegDetroit070,openieeg,A28-AV,0,0.292498230934143
sub-openieegDetroit070,openieeg,A29-AV,0,0.0427047610282897
sub-openieegDetroit070,openieeg,A3-AV,0,0.1857998371124267
sub-openieegDetroit070,openieeg,A30-AV,0,0.0831533074378967
sub-openieegDetroit070,openieeg,A31-AV,0,0.0597659945487976
sub-openieegDetroit070,openieeg,A32-AV,0,0.327849268913269
sub-openieegDetroit070,openieeg,A33-AV,0,0.4332238435745239
sub-openieegDetroit070,openieeg,A34-AV,0,0.3036535382270813
sub-openieegDetroit070,openieeg,A35-AV,0,0.2805083394050598
sub-openieegDetroit070,openieeg,A36-AV,0,0.185964286327362
sub-openieegDetroit070,openieeg,A37-AV,0,0.1036877632141113
sub-openieegDetroit070,openieeg,A38-AV,0,0.3230903744697571
sub-openieegDetroit070,openieeg,A39-AV,0,0.0529651045799255
sub-openieegDetroit070,openieeg,A4-AV,0,0.0194024443626403
sub-openieegDetroit070,openieeg,A40-AV,0,0.127019464969635
sub-openieegDetroit070,openieeg,A41-AV,0,0.1679764986038208
sub-openieegDetroit070,openieeg,A42-AV,0,0.0256918668746948
sub-openieegDetroit070,openieeg,A43-AV,0,0.2940402626991272
sub-openieegDetroit070,openieeg,A44-AV,0,0.181508183479309
sub-openieegDetroit070,openieeg,A45-AV,0,0.1394654512405395
sub-openieegDetroit070,openieeg,A46-AV,0,0.2351358532905578
sub-openieegDetroit070,openieeg,A47-AV,0,0.3117969036102295
sub-openieegDetroit070,openieeg,A48-AV,0,0.4020906090736389
sub-openieegDetroit070,openieeg,A49-AV,0,0.024146556854248
sub-openieegDetroit070,openieeg,A5-AV,0,0.0737748742103576
sub-openieegDetroit070,openieeg,A50-AV,0,0.0875952839851379
sub-openieegDetroit070,openieeg,A51-AV,0,0.0677194595336914
sub-openieegDetroit070,openieeg,A52-AV,0,0.0942335128784179
sub-openieegDetroit070,openieeg,A53-AV,0,0.0426262021064758
sub-openieegDetroit070,openieeg,A54-AV,0,0.0273255705833435
sub-openieegDetroit070,openieeg,A6-AV,0,0.0754286646842956
sub-openieegDetroit070,openieeg,A7-AV,0,0.1082303524017334
sub-openieegDetroit070,openieeg,A8-AV,0,0.0213093757629394
sub-openieegDetroit070,openieeg,A9-AV,0,0.1769216656684875
sub-openieegDetroit070,openieeg,B1-AV,0,0.0284076333045959
sub-openieegDetroit070,openieeg,B10-AV,0,0.0470765233039855
sub-openieegDetroit070,openieeg,B11-AV,0,0.1196473836898803
sub-openieegDetroit070,openieeg,B12-AV,0,0.1964231133460998
sub-openieegDetroit070,openieeg,B13-AV,0,0.0472534894943237
sub-openieegDetroit070,openieeg,B14-AV,0,0.0975049138069152
sub-openieegDetroit070,openieeg,B15-AV,0,0.1975271701812744
sub-openieegDetroit070,openieeg,B16-AV,0,0.1559175252914428
sub-openieegDetroit070,openieeg,B17-AV,0,0.0177043080329895
sub-openieegDetroit070,openieeg,B18-AV,0,0.0551342368125915
sub-openieegDetroit070,openieeg,B19-AV,0,0.0617127418518066
sub-openieegDetroit070,openieeg,B2-AV,0,0.0392493605613708
sub-openieegDetroit070,openieeg,B20-AV,0,0.2077441215515136
sub-openieegDetroit070,openieeg,B21-AV,0,0.027722954750061
sub-openieegDetroit070,openieeg,B22-AV,0,0.1406224966049194
sub-openieegDetroit070,openieeg,B23-AV,0,0.1732674241065979
sub-openieegDetroit070,openieeg,B24-AV,0,0.1864342093467712
sub-openieegDetroit070,openieeg,B25-AV,0,0.3390671610832214
sub-openieegDetroit070,openieeg,B26-AV,0,0.4789938330650329
sub-openieegDetroit070,openieeg,B27-AV,0,0.0497010946273803
sub-openieegDetroit070,openieeg,B28-AV,0,0.1891443133354187
sub-openieegDetroit070,openieeg,B29-AV,0,0.0144208669662475
sub-openieegDetroit070,openieeg,B3-AV,0,0.34878671169281
sub-openieegDetroit070,openieeg,B30-AV,0,0.2392436265945434
sub-openieegDetroit070,openieeg,B31-AV,0,0.2266671061515808
sub-openieegDetroit070,openieeg,B32-AV,0,0.516891598701477
sub-openieegDetroit070,openieeg,B33-AV,0,0.144328773021698
sub-openieegDetroit070,openieeg,B34-AV,0,0.099932849407196
sub-openieegDetroit070,openieeg,B35-AV,0,0.0575081706047058
sub-openieegDetroit070,openieeg,B36-AV,0,0.2256699204444885
sub-openieegDetroit070,openieeg,B37-AV,0,0.0216588377952575
sub-openieegDetroit070,openieeg,B38-AV,0,0.0209952592849731
sub-openieegDetroit070,openieeg,B39-AV,0,0.0217992067337036
sub-openieegDetroit070,openieeg,B4-AV,0,0.3347944617271423
sub-openieegDetroit070,openieeg,B40-AV,0,0.0139419436454772
sub-openieegDetroit070,openieeg,B41-AV,1,0.2268878817558288
sub-openieegDetroit070,openieeg,B42-AV,1,0.6418752670288086
sub-openieegDetroit070,openieeg,B43-AV,1,0.4076510667800903
sub-openieegDetroit070,openieeg,B44-AV,1,0.1626467108726501
sub-openieegDetroit070,openieeg,B45-AV,0,0.0307219624519348
sub-openieegDetroit070,openieeg,B46-AV,0,0.1030836701393127
sub-openieegDetroit070,openieeg,B47-AV,0,0.23288494348526
sub-openieegDetroit070,openieeg,B48-AV,0,0.1917086839675903
sub-openieegDetroit070,openieeg,B49-AV,1,0.7461718320846558
sub-openieegDetroit070,openieeg,B5-AV,0,0.2226708531379699
sub-openieegDetroit070,openieeg,B50-AV,1,0.6905704736709595
sub-openieegDetroit070,openieeg,B51-AV,1,0.7175597548484802
sub-openieegDetroit070,openieeg,B52-AV,0,0.1895397305488586
sub-openieegDetroit070,openieeg,B53-AV,0,0.1059811115264892
sub-openieegDetroit070,openieeg,B54-AV,0,0.0577982068061828
sub-openieegDetroit070,openieeg,B55-AV,0,0.0513744950294494
sub-openieegDetroit070,openieeg,B56-AV,0,0.0572109222412109
sub-openieegDetroit070,openieeg,B57-AV,1,0.6295427083969116
sub-openieegDetroit070,openieeg,B58-AV,1,0.6905419826507568
sub-openieegDetroit070,openieeg,B59-AV,1,0.4559420347213745
sub-openieegDetroit070,openieeg,B6-AV,0,0.0253236889839172
sub-openieegDetroit070,openieeg,B60-AV,0,0.1191787123680114
sub-openieegDetroit070,openieeg,B61-AV,0,0.0236867070198059
sub-openieegDetroit070,openieeg,B62-AV,0,0.0473024249076843
sub-openieegDetroit070,openieeg,B63-AV,0,0.4878646731376648
sub-openieegDetroit070,openieeg,B64-AV,0,0.0592827796936035
sub-openieegDetroit070,openieeg,B7-AV,0,0.0877320766448974
sub-openieegDetroit070,openieeg,B8-AV,0,0.0301101803779602
sub-openieegDetroit070,openieeg,B9-AV,0,0.0199595689773559
sub-openieegDetroit074,openieeg,A1-AV,1,0.6097806692123413
sub-openieegDetroit074,openieeg,A10-AV,0,0.1171112060546875
sub-openieegDetroit074,openieeg,A11-AV,0,0.1057047247886657
sub-openieegDetroit074,openieeg,A12-AV,0,0.0188064575195312
sub-openieegDetroit074,openieeg,A13-AV,0,0.0099166631698608
sub-openieegDetroit074,openieeg,A14-AV,0,0.0131179690361022
sub-openieegDetroit074,openieeg,A15-AV,0,0.0078968405723571
sub-openieegDetroit074,openieeg,A16-AV,0,0.007367193698883
sub-openieegDetroit074,openieeg,A17-AV,0,0.0063563585281372
sub-openieegDetroit074,openieeg,A18-AV,0,0.0068071484565734
sub-openieegDetroit074,openieeg,A19-AV,0,0.3894014358520508
sub-openieegDetroit074,openieeg,A2-AV,1,0.5966607928276062
sub-openieegDetroit074,openieeg,A20-AV,0,0.6465333700180054
sub-openieegDetroit074,openieeg,A21-AV,0,0.5619776248931885
sub-openieegDetroit074,openieeg,A23-AV,0,0.0303512215614318
sub-openieegDetroit074,openieeg,A24-AV,0,0.0100442171096801
sub-openieegDetroit074,openieeg,A25-AV,0,0.5971381664276123
sub-openieegDetroit074,openieeg,A26-AV,1,0.6837641000747681
sub-openieegDetroit074,openieeg,A27-AV,1,0.518020510673523
sub-openieegDetroit074,openieeg,A28-AV,0,0.6261300444602966
sub-openieegDetroit074,openieeg,A29-AV,0,0.2920988202095032
sub-openieegDetroit074,openieeg,A3-AV,0,0.3400525450706482
sub-openieegDetroit074,openieeg,A30-AV,0,0.1170092821121215
sub-openieegDetroit074,openieeg,A31-AV,0,0.0807825922966003
sub-openieegDetroit074,openieeg,A32-AV,0,0.2915421724319458
sub-openieegDetroit074,openieeg,A33-AV,0,0.6210432052612305
sub-openieegDetroit074,openieeg,A34-AV,0,0.4703911542892456
sub-openieegDetroit074,openieeg,A35-AV,0,0.0969916582107544
sub-openieegDetroit074,openieeg,A36-AV,0,0.7629573345184326
sub-openieegDetroit074,openieeg,A37-AV,1,0.5604445934295654
sub-openieegDetroit074,openieeg,A38-AV,1,0.672638475894928
sub-openieegDetroit074,openieeg,A39-AV,0,0.1627311706542968
sub-openieegDetroit074,openieeg,A4-AV,0,0.0254455804824829
sub-openieegDetroit074,openieeg,A40-AV,0,0.086053192615509
sub-openieegDetroit074,openieeg,A41-AV,1,0.5953117609024048
sub-openieegDetroit074,openieeg,A43-AV,1,0.4929627180099487
sub-openieegDetroit074,openieeg,A45-AV,1,0.5187920928001404
sub-openieegDetroit074,openieeg,A46-AV,1,0.0600131750106811
sub-openieegDetroit074,openieeg,A47-AV,1,0.0180685520172119
sub-openieegDetroit074,openieeg,A48-AV,1,0.0078366994857788
sub-openieegDetroit074,openieeg,A49-AV,1,0.4760840535163879
sub-openieegDetroit074,openieeg,A5-AV,0,0.1066548824310302
sub-openieegDetroit074,openieeg,A50-AV,1,0.6145530939102173
sub-openieegDetroit074,openieeg,A51-AV,1,0.5055253505706787
sub-openieegDetroit074,openieeg,A52-AV,1,0.6333591938018799
sub-openieegDetroit074,openieeg,A53-AV,1,0.3982375264167785
sub-openieegDetroit074,openieeg,A54-AV,1,0.0679991245269775
sub-openieegDetroit074,openieeg,A55-AV,1,0.1992958784103393
sub-openieegDetroit074,openieeg,A56-AV,1,0.0661618709564209
sub-openieegDetroit074,openieeg,A57-AV,1,0.0069502592086791
sub-openieegDetroit074,openieeg,A58-AV,1,0.0090878009796142
sub-openieegDetroit074,openieeg,A6-AV,0,0.2604866623878479
sub-openieegDetroit074,openieeg,A60-AV,0,0.1441711783409118
sub-openieegDetroit074,openieeg,A61-AV,0,0.2683086991310119
sub-openieegDetroit074,openieeg,A62-AV,1,0.5039854049682617
sub-openieegDetroit074,openieeg,A63-AV,1,0.535143256187439
sub-openieegDetroit074,openieeg,A64-AV,1,0.2085224390029907
sub-openieegDetroit074,openieeg,A7-AV,0,0.0340086817741394
sub-openieegDetroit074,openieeg,A8-AV,0,0.0073046684265136
sub-openieegDetroit074,openieeg,A9-AV,0,0.1323652267456054
sub-openieegDetroit074,openieeg,B1-AV,0,0.4228092432022095
sub-openieegDetroit074,openieeg,B10-AV,0,0.414625883102417
sub-openieegDetroit074,openieeg,B11-AV,0,0.0819792747497558
sub-openieegDetroit074,openieeg,B12-AV,0,0.1906313896179199
sub-openieegDetroit074,openieeg,B13-AV,0,0.0078369975090026
sub-openieegDetroit074,openieeg,B14-AV,0,0.0084262490272521
sub-openieegDetroit074,openieeg,B16-AV,0,0.0111703276634216
sub-openieegDetroit074,openieeg,B17-AV,0,0.2514569759368896
sub-openieegDetroit074,openieeg,B18-AV,0,0.2365637421607971
sub-openieegDetroit074,openieeg,B19-AV,0,0.0704490542411804
sub-openieegDetroit074,openieeg,B2-AV,0,0.0919334292411804
sub-openieegDetroit074,openieeg,B20-AV,0,0.0089614391326904
sub-openieegDetroit074,openieeg,B21-AV,0,0.0199645161628723
sub-openieegDetroit074,openieeg,B22-AV,0,0.0087413191795349
sub-openieegDetroit074,openieeg,B23-AV,0,0.0083363056182861
sub-openieegDetroit074,openieeg,B24-AV,0,0.0086555480957031
sub-openieegDetroit074,openieeg,B25-AV,0,0.1205969452857971
sub-openieegDetroit074,openieeg,B26-AV,0,0.1715443730354309
sub-openieegDetroit074,openieeg,B27-AV,0,0.0132493376731872
sub-openieegDetroit074,openieeg,B28-AV,0,0.0110064148902893
sub-openieegDetroit074,openieeg,B29-AV,0,0.0094764828681945
sub-openieegDetroit074,openieeg,B3-AV,0,0.31434166431427
sub-openieegDetroit074,openieeg,B30-AV,0,0.0088685154914855
sub-openieegDetroit074,openieeg,B31-AV,0,0.0092876553535461
sub-openieegDetroit074,openieeg,B32-AV,0,0.0090352296829223
sub-openieegDetroit074,openieeg,B33-AV,0,0.2187597155570984
sub-openieegDetroit074,openieeg,B34-AV,0,0.1832375526428222
sub-openieegDetroit074,openieeg,B35-AV,0,0.0302554965019226
sub-openieegDetroit074,openieeg,B36-AV,0,0.0073875188827514
sub-openieegDetroit074,openieeg,B37-AV,0,0.0080036520957946
sub-openieegDetroit074,openieeg,B38-AV,0,0.009015679359436
sub-openieegDetroit074,openieeg,B39-AV,0,0.0079905986785888
sub-openieegDetroit074,openieeg,B4-AV,0,0.0853134989738464
sub-openieegDetroit074,openieeg,B40-AV,0,0.0081132054328918
sub-openieegDetroit074,openieeg,B41-AV,0,0.0725677609443664
sub-openieegDetroit074,openieeg,B42-AV,0,0.1687634587287902
sub-openieegDetroit074,openieeg,B43-AV,0,0.0861011743545532
sub-openieegDetroit074,openieeg,B44-AV,0,0.0108596086502075
sub-openieegDetroit074,openieeg,B45-AV,0,0.0076541900634765
sub-openieegDetroit074,openieeg,B46-AV,0,0.0081573724746704
sub-openieegDetroit074,openieeg,B47-AV,0,0.0084210634231567
sub-openieegDetroit074,openieeg,B48-AV,0,0.0086970329284667
sub-openieegDetroit074,openieeg,B49-AV,0,0.0191027522087097
sub-openieegDetroit074,openieeg,B5-AV,0,0.0074566602706909
sub-openieegDetroit074,openieeg,B50-AV,0,0.0068739652633666
sub-openieegDetroit074,openieeg,B51-AV,0,0.0430502891540527
sub-openieegDetroit074,openieeg,B52-AV,0,0.0098933577537536
sub-openieegDetroit074,openieeg,B53-AV,0,0.1508811712265014
sub-openieegDetroit074,openieeg,B54-AV,0,0.0081088542938232
sub-openieegDetroit074,openieeg,B55-AV,0,0.0075268745422363
sub-openieegDetroit074,openieeg,B56-AV,0,0.0103658437728881
sub-openieegDetroit074,openieeg,B57-AV,0,0.2109500765800476
sub-openieegDetroit074,openieeg,B58-AV,0,0.0213056802749633
sub-openieegDetroit074,openieeg,B59-AV,0,0.0068766474723815
sub-openieegDetroit074,openieeg,B6-AV,0,0.0112159252166748
sub-openieegDetroit074,openieeg,B60-AV,0,0.0087764263153076
sub-openieegDetroit074,openieeg,B61-AV,0,0.0348323583602905
sub-openieegDetroit074,openieeg,B62-AV,0,0.0078166127204895
sub-openieegDetroit074,openieeg,B63-AV,0,0.030868113040924
sub-openieegDetroit074,openieeg,B64-AV,0,0.1037225127220153
sub-openieegDetroit074,openieeg,B7-AV,0,0.0634016990661621
sub-openieegDetroit074,openieeg,B8-AV,0,0.0097159743309021
sub-openieegDetroit074,openieeg,B9-AV,0,0.6151207685470581
sub-openieegDetroit075,openieeg,A1-AV,0,0.1042259931564331
sub-openieegDetroit075,openieeg,A10-AV,0,0.5175833702087402
sub-openieegDetroit075,openieeg,A11-AV,0,0.5576280951499939
sub-openieegDetroit075,openieeg,A12-AV,0,0.0319728255271911
sub-openieegDetroit075,openieeg,A13-AV,0,0.0911324024200439
sub-openieegDetroit075,openieeg,A14-AV,0,0.0122963190078735
sub-openieegDetroit075,openieeg,A15-AV,0,0.0811660885810852
sub-openieegDetroit075,openieeg,A16-AV,0,0.138478934764862
sub-openieegDetroit075,openieeg,A17-AV,0,0.0287524461746215
sub-openieegDetroit075,openieeg,A18-AV,0,0.1655416488647461
sub-openieegDetroit075,openieeg,A19-AV,0,0.2548823356628418
sub-openieegDetroit075,openieeg,A2-AV,0,0.3599510192871094
sub-openieegDetroit075,openieeg,A20-AV,0,0.2954127788543701
sub-openieegDetroit075,openieeg,A21-AV,0,0.2002035975456237
sub-openieegDetroit075,openieeg,A22-AV,0,0.045020580291748
sub-openieegDetroit075,openieeg,A23-AV,0,0.0593159794807434
sub-openieegDetroit075,openieeg,A24-AV,0,0.2748967409133911
sub-openieegDetroit075,openieeg,A25-AV,0,0.0323282480239868
sub-openieegDetroit075,openieeg,A26-AV,0,0.055739939212799
sub-openieegDetroit075,openieeg,A27-AV,0,0.0565749406814575
sub-openieegDetroit075,openieeg,A28-AV,0,0.0434797406196594
sub-openieegDetroit075,openieeg,A29-AV,0,0.0736034512519836
sub-openieegDetroit075,openieeg,A3-AV,0,0.2532921433448791
sub-openieegDetroit075,openieeg,A30-AV,0,0.0273361802101135
sub-openieegDetroit075,openieeg,A31-AV,0,0.0278640389442443
sub-openieegDetroit075,openieeg,A32-AV,0,0.0273715853691101
sub-openieegDetroit075,openieeg,A34-AV,0,0.0284929275512695
sub-openieegDetroit075,openieeg,A4-AV,0,0.3347013592720032
sub-openieegDetroit075,openieeg,A5-AV,0,0.0666254162788391
sub-openieegDetroit075,openieeg,A6-AV,0,0.0274752974510192
sub-openieegDetroit075,openieeg,A7-AV,0,0.1095772385597229
sub-openieegDetroit075,openieeg,A9-AV,0,0.365244448184967
sub-openieegDetroit077,openieeg,A1-AV,0,0.3079647421836853
sub-openieegDetroit077,openieeg,A10-AV,1,0.3858845829963684
sub-openieegDetroit077,openieeg,A11-AV,1,0.5154551267623901
sub-openieegDetroit077,openieeg,A12-AV,1,0.3489684462547302
sub-openieegDetroit077,openieeg,A13-AV,0,0.1239065527915954
sub-openieegDetroit077,openieeg,A14-AV,0,0.0687189698219299
sub-openieegDetroit077,openieeg,A15-AV,0,0.0842000246047973
sub-openieegDetroit077,openieeg,A16-AV,0,0.058958888053894
sub-openieegDetroit077,openieeg,A17-AV,0,0.1385746002197265
sub-openieegDetroit077,openieeg,A19-AV,0,0.1008845567703247
sub-openieegDetroit077,openieeg,A2-AV,0,0.6975502967834473
sub-openieegDetroit077,openieeg,A20-AV,0,0.0867136716842651
sub-openieegDetroit077,openieeg,A21-AV,0,0.0609461069107055
sub-openieegDetroit077,openieeg,A22-AV,0,0.0306395292282104
sub-openieegDetroit077,openieeg,A23-AV,0,0.1462197303771972
sub-openieegDetroit077,openieeg,A24-AV,0,0.0840672850608825
sub-openieegDetroit077,openieeg,A25-AV,0,0.0428426861763
sub-openieegDetroit077,openieeg,A26-AV,0,0.0315371751785278
sub-openieegDetroit077,openieeg,A27-AV,0,0.0695592761039733
sub-openieegDetroit077,openieeg,A28-AV,0,0.1361048817634582
sub-openieegDetroit077,openieeg,A29-AV,0,0.0757734775543212
sub-openieegDetroit077,openieeg,A3-AV,0,0.2457392215728759
sub-openieegDetroit077,openieeg,A30-AV,0,0.0341755747795105
sub-openieegDetroit077,openieeg,A32-AV,0,0.229342520236969
sub-openieegDetroit077,openieeg,A33-AV,0,0.1087710261344909
sub-openieegDetroit077,openieeg,A34-AV,0,0.1029112339019775
sub-openieegDetroit077,openieeg,A38-AV,0,0.1904711723327636
sub-openieegDetroit077,openieeg,A39-AV,0,0.0359430909156799
sub-openieegDetroit077,openieeg,A4-AV,1,0.6266164183616638
sub-openieegDetroit077,openieeg,A40-AV,0,0.0523552894592285
sub-openieegDetroit077,openieeg,A41-AV,0,0.2449110150337219
sub-openieegDetroit077,openieeg,A42-AV,0,0.0509669184684753
sub-openieegDetroit077,openieeg,A43-AV,0,0.1325083971023559
sub-openieegDetroit077,openieeg,A45-AV,0,0.1239237189292907
sub-openieegDetroit077,openieeg,A46-AV,0,0.3058403134346008
sub-openieegDetroit077,openieeg,A47-AV,0,0.1144570112228393
sub-openieegDetroit077,openieeg,A48-AV,0,0.0624009370803833
sub-openieegDetroit077,openieeg,A49-AV,0,0.1411404609680175
sub-openieegDetroit077,openieeg,A5-AV,1,0.4715951085090637
sub-openieegDetroit077,openieeg,A50-AV,0,0.0996232032775878
sub-openieegDetroit077,openieeg,A51-AV,0,0.051310122013092
sub-openieegDetroit077,openieeg,A52-AV,0,0.0607490539550781
sub-openieegDetroit077,openieeg,A53-AV,0,0.0431267619132995
sub-openieegDetroit077,openieeg,A54-AV,0,0.0181797742843627
sub-openieegDetroit077,openieeg,A56-AV,0,0.0871228575706482
sub-openieegDetroit077,openieeg,A57-AV,0,0.0813722610473632
sub-openieegDetroit077,openieeg,A58-AV,0,0.0360770225524902
sub-openieegDetroit077,openieeg,A59-AV,0,0.0436319708824157
sub-openieegDetroit077,openieeg,A6-AV,1,0.5759830474853516
sub-openieegDetroit077,openieeg,A61-AV,0,0.1996278762817382
sub-openieegDetroit077,openieeg,A62-AV,0,0.0759469866752624
sub-openieegDetroit077,openieeg,A63-AV,0,0.3489864468574524
sub-openieegDetroit077,openieeg,A64-AV,0,0.036952793598175
sub-openieegDetroit077,openieeg,A7-AV,0,0.6847007274627686
sub-openieegDetroit077,openieeg,A8-AV,0,0.6063516736030579
sub-openieegDetroit077,openieeg,A9-AV,0,0.6649057865142822
sub-openieegDetroit077,openieeg,B1-AV,0,0.0316492915153503
sub-openieegDetroit077,openieeg,B2-AV,0,0.1485847234725952
sub-openieegDetroit077,openieeg,B3-AV,0,0.2802915573120117
sub-openieegDetroit077,openieeg,B4-AV,0,0.185973584651947
sub-openieegDetroit077,openieeg,B5-AV,0,0.018908143043518
sub-openieegDetroit079,openieeg,A1-AV,0,0.0796960592269897
sub-openieegDetroit079,openieeg,A10-AV,0,0.2212507128715515
sub-openieegDetroit079,openieeg,A11-AV,0,0.2622393369674682
sub-openieegDetroit079,openieeg,A12-AV,0,0.0366037487983703
sub-openieegDetroit079,openieeg,A13-AV,0,0.0421420335769653
sub-openieegDetroit079,openieeg,A14-AV,0,0.0337034463882446
sub-openieegDetroit079,openieeg,A15-AV,0,0.0544459819793701
sub-openieegDetroit079,openieeg,A16-AV,0,0.0184125304222106
sub-openieegDetroit079,openieeg,A17-AV,0,0.0747362375259399
sub-openieegDetroit079,openieeg,A18-AV,0,0.2297201156616211
sub-openieegDetroit079,openieeg,A19-AV,0,0.0454776287078857
sub-openieegDetroit079,openieeg,A2-AV,0,0.030726671218872
sub-openieegDetroit079,openieeg,A20-AV,1,0.3801715970039367
sub-openieegDetroit079,openieeg,A21-AV,1,0.1489271521568298
sub-openieegDetroit079,openieeg,A22-AV,0,0.0153560638427734
sub-openieegDetroit079,openieeg,A23-AV,0,0.1348034143447876
sub-openieegDetroit079,openieeg,A24-AV,1,0.697636604309082
sub-openieegDetroit079,openieeg,A25-AV,1,0.5243216753005981
sub-openieegDetroit079,openieeg,A26-AV,1,0.1427534818649292
sub-openieegDetroit079,openieeg,A27-AV,0,0.1027265191078186
sub-openieegDetroit079,openieeg,A28-AV,0,0.1273158192634582
sub-openieegDetroit079,openieeg,A29-AV,0,0.4134168624877929
sub-openieegDetroit079,openieeg,A3-AV,0,0.0376537442207336
sub-openieegDetroit079,openieeg,A30-AV,0,0.3354030847549438
sub-openieegDetroit079,openieeg,A31-AV,0,0.0972113609313964
sub-openieegDetroit079,openieeg,A32-AV,0,0.6903859376907349
sub-openieegDetroit079,openieeg,A33-AV,0,0.4608902931213379
sub-openieegDetroit079,openieeg,A34-AV,0,0.0532487630844116
sub-openieegDetroit079,openieeg,A35-AV,0,0.382070243358612
sub-openieegDetroit079,openieeg,A36-AV,0,0.4170123338699341
sub-openieegDetroit079,openieeg,A38-AV,0,0.5588514804840088
sub-openieegDetroit079,openieeg,A39-AV,0,0.4196585416793823
sub-openieegDetroit079,openieeg,A4-AV,0,0.0340073108673095
sub-openieegDetroit079,openieeg,A41-AV,0,0.1313813924789428
sub-openieegDetroit079,openieeg,A42-AV,0,0.0536343455314636
sub-openieegDetroit079,openieeg,A43-AV,0,0.2291486859321594
sub-openieegDetroit079,openieeg,A44-AV,0,0.2865039110183716
sub-openieegDetroit079,openieeg,A45-AV,0,0.0428265333175659
sub-openieegDetroit079,openieeg,A46-AV,0,0.0311948060989379
sub-openieegDetroit079,openieeg,A47-AV,0,0.1037933826446533
sub-openieegDetroit079,openieeg,A48-AV,0,0.1571364998817443
sub-openieegDetroit079,openieeg,A49-AV,0,0.3921458721160888
sub-openieegDetroit079,openieeg,A5-AV,0,0.0846412777900695
sub-openieegDetroit079,openieeg,A50-AV,0,0.0441817641258239
sub-openieegDetroit079,openieeg,A51-AV,0,0.037294328212738
sub-openieegDetroit079,openieeg,A52-AV,0,0.0282265543937683
sub-openieegDetroit079,openieeg,A53-AV,0,0.044837474822998
sub-openieegDetroit079,openieeg,A54-AV,0,0.0437972545623779
sub-openieegDetroit079,openieeg,A55-AV,0,0.1486915349960327
sub-openieegDetroit079,openieeg,A57-AV,0,0.0227758884429931
sub-openieegDetroit079,openieeg,A58-AV,0,0.042170226573944
sub-openieegDetroit079,openieeg,A59-AV,0,0.023022174835205
sub-openieegDetroit079,openieeg,A6-AV,0,0.0388731956481933
sub-openieegDetroit079,openieeg,A60-AV,0,0.0177724957466125
sub-openieegDetroit079,openieeg,A61-AV,0,0.0478485226631164
sub-openieegDetroit079,openieeg,A62-AV,0,0.0322527885437011
sub-openieegDetroit079,openieeg,A63-AV,0,0.019620656967163
sub-openieegDetroit079,openieeg,A64-AV,0,0.0675080418586731
sub-openieegDetroit079,openieeg,A7-AV,0,0.5480064153671265
sub-openieegDetroit079,openieeg,A8-AV,0,0.3604430556297302
sub-openieegDetroit079,openieeg,A9-AV,0,0.0600346326828002
sub-openieegDetroit079,openieeg,B1-AV,0,0.0212566256523132
sub-openieegDetroit079,openieeg,B10-AV,0,0.3402382731437683
sub-openieegDetroit079,openieeg,B11-AV,0,0.436367928981781
sub-openieegDetroit079,openieeg,B12-AV,0,0.2596389651298523
sub-openieegDetroit079,openieeg,B13-AV,0,0.1683180928230285
sub-openieegDetroit079,openieeg,B17-AV,0,0.0434705018997192
sub-openieegDetroit079,openieeg,B18-AV,0,0.3832539319992065
sub-openieegDetroit079,openieeg,B2-AV,0,0.1120254397392273
sub-openieegDetroit079,openieeg,B20-AV,0,0.3631805777549743
sub-openieegDetroit079,openieeg,B21-AV,0,0.1724730134010315
sub-openieegDetroit079,openieeg,B23-AV,0,0.0246268510818481
sub-openieegDetroit079,openieeg,B24-AV,0,0.125964343547821
sub-openieegDetroit079,openieeg,B25-AV,0,0.2931652665138244
sub-openieegDetroit079,openieeg,B26-AV,0,0.23080575466156
sub-openieegDetroit079,openieeg,B27-AV,0,0.0344654321670532
sub-openieegDetroit079,openieeg,B28-AV,0,0.1118401288986206
sub-openieegDetroit079,openieeg,B29-AV,0,0.2371553778648376
sub-openieegDetroit079,openieeg,B3-AV,0,0.3709146976470947
sub-openieegDetroit079,openieeg,B30-AV,0,0.1029444336891174
sub-openieegDetroit079,openieeg,B31-AV,0,0.0476038455963134
sub-openieegDetroit079,openieeg,B32-AV,0,0.0687813162803649
sub-openieegDetroit079,openieeg,B33-AV,0,0.2988944053649902
sub-openieegDetroit079,openieeg,B34-AV,0,0.1209155321121215
sub-openieegDetroit079,openieeg,B37-AV,0,0.0256314277648925
sub-openieegDetroit079,openieeg,B38-AV,0,0.1563268303871154
sub-openieegDetroit079,openieeg,B39-AV,0,0.376753568649292
sub-openieegDetroit079,openieeg,B4-AV,0,0.0247001051902771
sub-openieegDetroit079,openieeg,B40-AV,0,0.0433588624000549
sub-openieegDetroit079,openieeg,B41-AV,0,0.4712365865707397
sub-openieegDetroit079,openieeg,B42-AV,0,0.038775086402893
sub-openieegDetroit079,openieeg,B43-AV,0,0.1940287947654724
sub-openieegDetroit079,openieeg,B44-AV,0,0.1693186163902282
sub-openieegDetroit079,openieeg,B45-AV,0,0.0217570066452026
sub-openieegDetroit079,openieeg,B46-AV,0,0.0551453232765197
sub-openieegDetroit079,openieeg,B47-AV,0,0.0703056454658508
sub-openieegDetroit079,openieeg,B48-AV,0,0.1381436586380005
sub-openieegDetroit079,openieeg,B49-AV,1,0.2692094445228576
sub-openieegDetroit079,openieeg,B5-AV,0,0.4540958404541015
sub-openieegDetroit079,openieeg,B50-AV,1,0.7106256484985352
sub-openieegDetroit079,openieeg,B51-AV,1,0.4759628176689148
sub-openieegDetroit079,openieeg,B52-AV,1,0.498950719833374
sub-openieegDetroit079,openieeg,B53-AV,1,0.0463708639144897
sub-openieegDetroit079,openieeg,B54-AV,1,0.0954768657684326
sub-openieegDetroit079,openieeg,B55-AV,1,0.3312919735908508
sub-openieegDetroit079,openieeg,B56-AV,1,0.3490867018699646
sub-openieegDetroit079,openieeg,B57-AV,1,0.438761293888092
sub-openieegDetroit079,openieeg,B58-AV,1,0.6285131573677063
sub-openieegDetroit079,openieeg,B59-AV,1,0.7478050589561462
sub-openieegDetroit079,openieeg,B6-AV,0,0.200864553451538
sub-openieegDetroit079,openieeg,B60-AV,1,0.3804133534431457
sub-openieegDetroit079,openieeg,B61-AV,1,0.0747219324111938
sub-openieegDetroit079,openieeg,B62-AV,1,0.0620169043540954
sub-openieegDetroit079,openieeg,B63-AV,1,0.4737382531166076
sub-openieegDetroit079,openieeg,B64-AV,1,0.4663721919059753
sub-openieegDetroit079,openieeg,B7-AV,0,0.1967121362686157
sub-openieegDetroit079,openieeg,B8-AV,0,0.3416230082511902
sub-openieegDetroit079,openieeg,B9-AV,0,0.315934419631958
sub-openieegDetroit080,openieeg,A1-AV,0,0.0192959308624267
sub-openieegDetroit080,openieeg,A10-AV,0,0.1471502184867859
sub-openieegDetroit080,openieeg,A11-AV,0,0.0243964791297912
sub-openieegDetroit080,openieeg,A12-AV,0,0.0390317440032959
sub-openieegDetroit080,openieeg,A13-AV,1,0.4814532995223999
sub-openieegDetroit080,openieeg,A14-AV,1,0.3476871252059936
sub-openieegDetroit080,openieeg,A15-AV,0,0.3854061365127563
sub-openieegDetroit080,openieeg,A16-AV,0,0.2113425135612487
sub-openieegDetroit080,openieeg,A17-AV,0,0.0292099118232727
sub-openieegDetroit080,openieeg,A18-AV,0,0.0472348928451538
sub-openieegDetroit080,openieeg,A19-AV,0,0.169960618019104
sub-openieegDetroit080,openieeg,A2-AV,0,0.0185107588768005
sub-openieegDetroit080,openieeg,A20-AV,0,0.2132697105407714
sub-openieegDetroit080,openieeg,A21-AV,1,0.6917874813079834
sub-openieegDetroit080,openieeg,A22-AV,1,0.7338594198226929
sub-openieegDetroit080,openieeg,A23-AV,0,0.0825821757316589
sub-openieegDetroit080,openieeg,A24-AV,0,0.2558571100234985
sub-openieegDetroit080,openieeg,A26-AV,0,0.050551950931549
sub-openieegDetroit080,openieeg,A27-AV,0,0.1061940193176269
sub-openieegDetroit080,openieeg,A28-AV,0,0.0314717888832092
sub-openieegDetroit080,openieeg,A29-AV,0,0.2150954008102417
sub-openieegDetroit080,openieeg,A3-AV,0,0.3656954169273376
sub-openieegDetroit080,openieeg,A30-AV,0,0.0536723136901855
sub-openieegDetroit080,openieeg,A31-AV,1,0.4199914336204529
sub-openieegDetroit080,openieeg,A32-AV,1,0.706477165222168
sub-openieegDetroit080,openieeg,A33-AV,0,0.0151868462562561
sub-openieegDetroit080,openieeg,A34-AV,1,0.73561692237854
sub-openieegDetroit080,openieeg,A35-AV,1,0.6328519582748413
sub-openieegDetroit080,openieeg,A37-AV,0,0.0211579203605651
sub-openieegDetroit080,openieeg,A38-AV,0,0.0118982791900634
sub-openieegDetroit080,openieeg,A39-AV,0,0.0166447758674621
sub-openieegDetroit080,openieeg,A4-AV,0,0.0884994268417358
sub-openieegDetroit080,openieeg,A40-AV,0,0.0272876620292663
sub-openieegDetroit080,openieeg,A41-AV,0,0.0528950691223144
sub-openieegDetroit080,openieeg,A42-AV,0,0.1315270662307739
sub-openieegDetroit080,openieeg,A43-AV,0,0.0106008052825927
sub-openieegDetroit080,openieeg,A44-AV,0,0.0117355585098266
sub-openieegDetroit080,openieeg,A45-AV,0,0.1250942945480346
sub-openieegDetroit080,openieeg,A46-AV,0,0.4816675186157226
sub-openieegDetroit080,openieeg,A47-AV,0,0.348671555519104
sub-openieegDetroit080,openieeg,A48-AV,0,0.1030091047286987
sub-openieegDetroit080,openieeg,A5-AV,0,0.027826964855194
sub-openieegDetroit080,openieeg,A6-AV,0,0.0141562223434448
sub-openieegDetroit080,openieeg,A7-AV,0,0.0508734583854675
sub-openieegDetroit080,openieeg,A8-AV,0,0.2381558418273925
sub-openieegDetroit080,openieeg,A9-AV,0,0.0271875858306884
sub-openieegDetroit080,openieeg,B1-AV,0,0.041596233844757
sub-openieegDetroit080,openieeg,B10-AV,0,0.0259372591972351
sub-openieegDetroit080,openieeg,B11-AV,0,0.1458825469017028
sub-openieegDetroit080,openieeg,B12-AV,0,0.0209191441535949
sub-openieegDetroit080,openieeg,B13-AV,0,0.0221651196479797
sub-openieegDetroit080,openieeg,B14-AV,0,0.1636160016059875
sub-openieegDetroit080,openieeg,B15-AV,0,0.0745927095413208
sub-openieegDetroit080,openieeg,B16-AV,0,0.2775891423225403
sub-openieegDetroit080,openieeg,B17-AV,0,0.1327691078186035
sub-openieegDetroit080,openieeg,B18-AV,0,0.0378135442733764
sub-openieegDetroit080,openieeg,B19-AV,0,0.347288966178894
sub-openieegDetroit080,openieeg,B20-AV,0,0.2422625422477722
sub-openieegDetroit080,openieeg,B21-AV,0,0.0669309496879577
sub-openieegDetroit080,openieeg,B22-AV,0,0.1229960918426513
sub-openieegDetroit080,openieeg,B23-AV,0,0.244821012020111
sub-openieegDetroit080,openieeg,B24-AV,0,0.0243565440177917
sub-openieegDetroit080,openieeg,B25-AV,0,0.1203522086143493
sub-openieegDetroit080,openieeg,B26-AV,0,0.0484755635261535
sub-openieegDetroit080,openieeg,B27-AV,0,0.3498448729515075
sub-openieegDetroit080,openieeg,B28-AV,0,0.2239068746566772
sub-openieegDetroit080,openieeg,B29-AV,0,0.1569437980651855
sub-openieegDetroit080,openieeg,B3-AV,0,0.0276360511779785
sub-openieegDetroit080,openieeg,B30-AV,0,0.050348937511444
sub-openieegDetroit080,openieeg,B31-AV,0,0.1576544046401977
sub-openieegDetroit080,openieeg,B32-AV,0,0.2400326132774353
sub-openieegDetroit080,openieeg,B33-AV,0,0.7059199810028076
sub-openieegDetroit080,openieeg,B34-AV,0,0.0359139442443847
sub-openieegDetroit080,openieeg,B35-AV,0,0.0787073969841003
sub-openieegDetroit080,openieeg,B36-AV,0,0.5197025537490845
sub-openieegDetroit080,openieeg,B37-AV,0,0.0163243412971496
sub-openieegDetroit080,openieeg,B38-AV,0,0.0516404509544372
sub-openieegDetroit080,openieeg,B39-AV,0,0.0230745077133178
sub-openieegDetroit080,openieeg,B4-AV,0,0.1608040332794189
sub-openieegDetroit080,openieeg,B40-AV,0,0.0114119052886962
sub-openieegDetroit080,openieeg,B41-AV,0,0.1569302678108215
sub-openieegDetroit080,openieeg,B42-AV,0,0.0499723553657531
sub-openieegDetroit080,openieeg,B43-AV,0,0.1543769836425781
sub-openieegDetroit080,openieeg,B44-AV,0,0.0157864093780517
sub-openieegDetroit080,openieeg,B45-AV,0,0.0159153938293457
sub-openieegDetroit080,openieeg,B46-AV,0,0.0141922235488891
sub-openieegDetroit080,openieeg,B47-AV,0,0.0168333649635314
sub-openieegDetroit080,openieeg,B48-AV,0,0.0173909664154052
sub-openieegDetroit080,openieeg,B49-AV,0,0.5836237668991089
sub-openieegDetroit080,openieeg,B5-AV,0,0.2564803957939148
sub-openieegDetroit080,openieeg,B50-AV,0,0.6317654252052307
sub-openieegDetroit080,openieeg,B51-AV,0,0.676141619682312
sub-openieegDetroit080,openieeg,B52-AV,0,0.0503758788108825
sub-openieegDetroit080,openieeg,B53-AV,0,0.0289148092269897
sub-openieegDetroit080,openieeg,B54-AV,0,0.276455819606781
sub-openieegDetroit080,openieeg,B55-AV,0,0.0355281233787536
sub-openieegDetroit080,openieeg,B56-AV,0,0.3418465256690979
sub-openieegDetroit080,openieeg,B57-AV,0,0.4848730564117431
sub-openieegDetroit080,openieeg,B58-AV,0,0.4927660226821899
sub-openieegDetroit080,openieeg,B59-AV,0,0.5664675235748291
sub-openieegDetroit080,openieeg,B6-AV,0,0.1355754137039184
sub-openieegDetroit080,openieeg,B60-AV,0,0.0268915891647338
sub-openieegDetroit080,openieeg,B61-AV,0,0.2088449001312255
sub-openieegDetroit080,openieeg,B62-AV,0,0.2626586556434631
sub-openieegDetroit080,openieeg,B63-AV,0,0.6151284575462341
sub-openieegDetroit080,openieeg,B64-AV,0,0.1787701845169067
sub-openieegDetroit080,openieeg,B7-AV,0,0.0607831478118896
sub-openieegDetroit080,openieeg,B8-AV,0,0.0965818166732788
sub-openieegDetroit080,openieeg,B9-AV,0,0.1305686831474304
sub-openieegDetroit084,openieeg,A1-AV,0,0.521338164806366
sub-openieegDetroit084,openieeg,A10-AV,0,0.0211499333381652
sub-openieegDetroit084,openieeg,A11-AV,0,0.0395200848579406
sub-openieegDetroit084,openieeg,A12-AV,0,0.0530699491500854
sub-openieegDetroit084,openieeg,A13-AV,0,0.1524416208267212
sub-openieegDetroit084,openieeg,A14-AV,0,0.0479300618171691
sub-openieegDetroit084,openieeg,A19-AV,0,0.1144354343414306
sub-openieegDetroit084,openieeg,A2-AV,0,0.5940414667129517
sub-openieegDetroit084,openieeg,A20-AV,0,0.0589524507522583
sub-openieegDetroit084,openieeg,A21-AV,0,0.0166404247283935
sub-openieegDetroit084,openieeg,A22-AV,0,0.0134662389755249
sub-openieegDetroit084,openieeg,A23-AV,0,0.0312902331352233
sub-openieegDetroit084,openieeg,A24-AV,0,0.0957849025726318
sub-openieegDetroit084,openieeg,A25-AV,0,0.3607938289642334
sub-openieegDetroit084,openieeg,A26-AV,0,0.0096675753593444
sub-openieegDetroit084,openieeg,A27-AV,0,0.0856357812881469
sub-openieegDetroit084,openieeg,A28-AV,0,0.0352828502655029
sub-openieegDetroit084,openieeg,A29-AV,0,0.061910331249237
sub-openieegDetroit084,openieeg,A3-AV,0,0.4801874160766601
sub-openieegDetroit084,openieeg,A30-AV,0,0.0947914719581604
sub-openieegDetroit084,openieeg,A31-AV,0,0.2755225896835327
sub-openieegDetroit084,openieeg,A32-AV,0,0.3016765117645263
sub-openieegDetroit084,openieeg,A33-AV,0,0.0502377152442932
sub-openieegDetroit084,openieeg,A34-AV,0,0.403128445148468
sub-openieegDetroit084,openieeg,A35-AV,0,0.0253581404685974
sub-openieegDetroit084,openieeg,A36-AV,0,0.0164692997932434
sub-openieegDetroit084,openieeg,A37-AV,0,0.4296995401382446
sub-openieegDetroit084,openieeg,A38-AV,0,0.0456170439720153
sub-openieegDetroit084,openieeg,A39-AV,0,0.0546250343322753
sub-openieegDetroit084,openieeg,A4-AV,0,0.4390516877174377
sub-openieegDetroit084,openieeg,A40-AV,0,0.1277656555175781
sub-openieegDetroit084,openieeg,A41-AV,0,0.0573791861534118
sub-openieegDetroit084,openieeg,A42-AV,0,0.0423712134361267
sub-openieegDetroit084,openieeg,A43-AV,0,0.2806372046470642
sub-openieegDetroit084,openieeg,A44-AV,0,0.0189176797866821
sub-openieegDetroit084,openieeg,A45-AV,0,0.0258824825286865
sub-openieegDetroit084,openieeg,A46-AV,0,0.0564014315605163
sub-openieegDetroit084,openieeg,A47-AV,0,0.320124089717865
sub-openieegDetroit084,openieeg,A48-AV,0,0.0151177048683166
sub-openieegDetroit084,openieeg,A49-AV,0,0.7193324565887451
sub-openieegDetroit084,openieeg,A5-AV,0,0.3868653178215027
sub-openieegDetroit084,openieeg,A50-AV,0,0.5038796067237854
sub-openieegDetroit084,openieeg,A51-AV,0,0.0697389841079711
sub-openieegDetroit084,openieeg,A52-AV,0,0.1037299633026123
sub-openieegDetroit084,openieeg,A53-AV,0,0.0668760538101196
sub-openieegDetroit084,openieeg,A54-AV,0,0.0504518151283264
sub-openieegDetroit084,openieeg,A55-AV,0,0.0602791309356689
sub-openieegDetroit084,openieeg,A56-AV,0,0.3170284628868103
sub-openieegDetroit084,openieeg,A57-AV,0,0.3765112161636352
sub-openieegDetroit084,openieeg,A58-AV,0,0.0187045335769653
sub-openieegDetroit084,openieeg,A59-AV,0,0.0385358929634094
sub-openieegDetroit084,openieeg,A6-AV,0,0.2181975841522216
sub-openieegDetroit084,openieeg,A60-AV,0,0.2263939976692199
sub-openieegDetroit084,openieeg,A61-AV,0,0.1964314579963684
sub-openieegDetroit084,openieeg,A62-AV,0,0.0217516422271728
sub-openieegDetroit084,openieeg,A63-AV,0,0.2279837131500244
sub-openieegDetroit084,openieeg,A64-AV,0,0.2225048542022705
sub-openieegDetroit084,openieeg,A7-AV,0,0.3709779381752014
sub-openieegDetroit084,openieeg,A8-AV,0,0.2340347170829773
sub-openieegDetroit084,openieeg,A9-AV,0,0.597557783126831
sub-openieegDetroit084,openieeg,B1-AV,0,0.2363483309745788
sub-openieegDetroit084,openieeg,B10-AV,0,0.3847560882568359
sub-openieegDetroit084,openieeg,B19-AV,0,0.1162978410720825
sub-openieegDetroit084,openieeg,B2-AV,1,0.7866015434265137
sub-openieegDetroit084,openieeg,B20-AV,0,0.2820885777473449
sub-openieegDetroit084,openieeg,B21-AV,0,0.0252624154090881
sub-openieegDetroit084,openieeg,B22-AV,0,0.0347136259078979
sub-openieegDetroit084,openieeg,B23-AV,0,0.0175780653953552
sub-openieegDetroit084,openieeg,B24-AV,0,0.0171332955360412
sub-openieegDetroit084,openieeg,B25-AV,0,0.0535749793052673
sub-openieegDetroit084,openieeg,B26-AV,0,0.0395455956459045
sub-openieegDetroit084,openieeg,B27-AV,0,0.4750170111656189
sub-openieegDetroit084,openieeg,B28-AV,0,0.1150782108306884
sub-openieegDetroit084,openieeg,B29-AV,0,0.1424591541290283
sub-openieegDetroit084,openieeg,B3-AV,0,0.5098037719726562
sub-openieegDetroit084,openieeg,B30-AV,0,0.0256211161613464
sub-openieegDetroit084,openieeg,B31-AV,0,0.0779692530632019
sub-openieegDetroit084,openieeg,B32-AV,0,0.0345297455787658
sub-openieegDetroit084,openieeg,B33-AV,0,0.0177103877067565
sub-openieegDetroit084,openieeg,B34-AV,0,0.0210529565811157
sub-openieegDetroit084,openieeg,B35-AV,1,0.743873119354248
sub-openieegDetroit084,openieeg,B36-AV,1,0.7617096900939941
sub-openieegDetroit084,openieeg,B37-AV,1,0.7852131128311157
sub-openieegDetroit084,openieeg,B38-AV,0,0.4300844073295593
sub-openieegDetroit084,openieeg,B39-AV,0,0.4302359819412231
sub-openieegDetroit084,openieeg,B4-AV,0,0.3755639195442199
sub-openieegDetroit084,openieeg,B40-AV,0,0.0184909105300903
sub-openieegDetroit084,openieeg,B41-AV,0,0.022657036781311
sub-openieegDetroit084,openieeg,B42-AV,0,0.0199232697486877
sub-openieegDetroit084,openieeg,B43-AV,1,0.76739501953125
sub-openieegDetroit084,openieeg,B44-AV,1,0.7748594880104065
sub-openieegDetroit084,openieeg,B45-AV,0,0.5611021518707275
sub-openieegDetroit084,openieeg,B46-AV,0,0.7041906118392944
sub-openieegDetroit084,openieeg,B47-AV,0,0.0536535382270813
sub-openieegDetroit084,openieeg,B48-AV,0,0.0711565613746643
sub-openieegDetroit084,openieeg,B49-AV,0,0.1205910444259643
sub-openieegDetroit084,openieeg,B5-AV,0,0.5232300758361816
sub-openieegDetroit084,openieeg,B50-AV,0,0.0386483073234558
sub-openieegDetroit084,openieeg,B51-AV,0,0.3455665707588196
sub-openieegDetroit084,openieeg,B52-AV,0,0.311616837978363
sub-openieegDetroit084,openieeg,B53-AV,0,0.0205262303352355
sub-openieegDetroit084,openieeg,B54-AV,0,0.1495264172554016
sub-openieegDetroit084,openieeg,B55-AV,0,0.0270598530769348
sub-openieegDetroit084,openieeg,B56-AV,0,0.2332287430763244
sub-openieegDetroit084,openieeg,B57-AV,0,0.6169583201408386
sub-openieegDetroit084,openieeg,B58-AV,0,0.2798260450363159
sub-openieegDetroit084,openieeg,B59-AV,0,0.4283064007759094
sub-openieegDetroit084,openieeg,B6-AV,0,0.3175172805786133
sub-openieegDetroit084,openieeg,B60-AV,0,0.3253688216209411
sub-openieegDetroit084,openieeg,B61-AV,0,0.1418417692184448
sub-openieegDetroit084,openieeg,B62-AV,0,0.0598593354225158
sub-openieegDetroit084,openieeg,B63-AV,0,0.021384835243225
sub-openieegDetroit084,openieeg,B64-AV,0,0.0137597918510437
sub-openieegDetroit084,openieeg,B7-AV,1,0.822736918926239
sub-openieegDetroit084,openieeg,B8-AV,1,0.5753011703491211
sub-openieegDetroit084,openieeg,B9-AV,0,0.6063452363014221
sub-openieegDetroit084,openieeg,C1-AV,0,0.0482574701309204
sub-openieegDetroit087,openieeg,A1-AV,1,0.0269931554794311
sub-openieegDetroit087,openieeg,A10-AV,1,0.0812128186225891
sub-openieegDetroit087,openieeg,A11-AV,1,0.0401301383972168
sub-openieegDetroit087,openieeg,A12-AV,1,0.0883135199546814
sub-openieegDetroit087,openieeg,A13-AV,0,0.0566438436508178
sub-openieegDetroit087,openieeg,A14-AV,0,0.0315079092979431
sub-openieegDetroit087,openieeg,A15-AV,0,0.1688204407691955
sub-openieegDetroit087,openieeg,A16-AV,0,0.2322055697441101
sub-openieegDetroit087,openieeg,A17-AV,0,0.0606578588485717
sub-openieegDetroit087,openieeg,A18-AV,0,0.063788890838623
sub-openieegDetroit087,openieeg,A19-AV,1,0.1004160046577453
sub-openieegDetroit087,openieeg,A2-AV,1,0.0638735294342041
sub-openieegDetroit087,openieeg,A20-AV,1,0.0900729894638061
sub-openieegDetroit087,openieeg,A21-AV,1,0.0413160920143127
sub-openieegDetroit087,openieeg,A23-AV,0,0.0846378207206726
sub-openieegDetroit087,openieeg,A24-AV,1,0.2368361949920654
sub-openieegDetroit087,openieeg,A29-AV,0,0.1403527855873108
sub-openieegDetroit087,openieeg,A3-AV,1,0.0585205554962158
sub-openieegDetroit087,openieeg,A30-AV,0,0.1552545428276062
sub-openieegDetroit087,openieeg,A31-AV,1,0.1458411216735839
sub-openieegDetroit087,openieeg,A32-AV,1,0.048638105392456
sub-openieegDetroit087,openieeg,A33-AV,0,0.1788769364356994
sub-openieegDetroit087,openieeg,A34-AV,0,0.0681728720664978
sub-openieegDetroit087,openieeg,A35-AV,1,0.1136940121650695
sub-openieegDetroit087,openieeg,A36-AV,1,0.1517912745475769
sub-openieegDetroit087,openieeg,A37-AV,0,0.0659052729606628
sub-openieegDetroit087,openieeg,A38-AV,1,0.169738233089447
sub-openieegDetroit087,openieeg,A39-AV,1,0.0760741829872131
sub-openieegDetroit087,openieeg,A4-AV,1,0.0358032584190368
sub-openieegDetroit087,openieeg,A40-AV,0,0.0740664601325988
sub-openieegDetroit087,openieeg,A41-AV,0,0.0698899030685424
sub-openieegDetroit087,openieeg,A42-AV,0,0.1630294322967529
sub-openieegDetroit087,openieeg,A43-AV,0,0.1016631722450256
sub-openieegDetroit087,openieeg,A44-AV,0,0.0478542447090148
sub-openieegDetroit087,openieeg,A45-AV,0,0.0571054220199584
sub-openieegDetroit087,openieeg,A46-AV,0,0.1242220997810363
sub-openieegDetroit087,openieeg,A47-AV,0,0.1441872715950012
sub-openieegDetroit087,openieeg,A48-AV,0,0.1011892557144165
sub-openieegDetroit087,openieeg,A49-AV,1,0.0945999026298523
sub-openieegDetroit087,openieeg,A5-AV,0,0.1668997406959533
sub-openieegDetroit087,openieeg,A50-AV,1,0.1137082576751709
sub-openieegDetroit087,openieeg,A53-AV,0,0.0734074711799621
sub-openieegDetroit087,openieeg,A54-AV,0,0.1538124084472656
sub-openieegDetroit087,openieeg,A55-AV,0,0.1370369791984558
sub-openieegDetroit087,openieeg,A56-AV,0,0.0787187814712524
sub-openieegDetroit087,openieeg,A57-AV,0,0.1940100789070129
sub-openieegDetroit087,openieeg,A58-AV,0,0.0929781198501586
sub-openieegDetroit087,openieeg,A59-AV,0,0.1433892250061035
sub-openieegDetroit087,openieeg,A6-AV,0,0.0822932124137878
sub-openieegDetroit087,openieeg,A60-AV,0,0.151858389377594
sub-openieegDetroit087,openieeg,A61-AV,0,0.101941704750061
sub-openieegDetroit087,openieeg,A62-AV,0,0.058698296546936
sub-openieegDetroit087,openieeg,A63-AV,0,0.1266704797744751
sub-openieegDetroit087,openieeg,A64-AV,0,0.0827484726905822
sub-openieegDetroit087,openieeg,A7-AV,0,0.0652832388877868
sub-openieegDetroit087,openieeg,A8-AV,0,0.0549368858337402
sub-openieegDetroit087,openieeg,A9-AV,1,0.274463415145874
sub-openieegDetroit087,openieeg,B1-AV,1,0.2144450545310974
sub-openieegDetroit087,openieeg,B10-AV,1,0.2561847567558288
sub-openieegDetroit087,openieeg,B11-AV,0,0.0472773313522338
sub-openieegDetroit087,openieeg,B12-AV,0,0.4689748883247375
sub-openieegDetroit087,openieeg,B13-AV,0,0.0340216755867004
sub-openieegDetroit087,openieeg,B14-AV,0,0.2223247289657592
sub-openieegDetroit087,openieeg,B15-AV,0,0.083031952381134
sub-openieegDetroit087,openieeg,B16-AV,0,0.1439951062202453
sub-openieegDetroit087,openieeg,B17-AV,0,0.0883001089096069
sub-openieegDetroit087,openieeg,B18-AV,0,0.1027612686157226
sub-openieegDetroit087,openieeg,B19-AV,0,0.1155189871788024
sub-openieegDetroit087,openieeg,B2-AV,1,0.2125676870346069
sub-openieegDetroit087,openieeg,B20-AV,0,0.3781672120094299
sub-openieegDetroit087,openieeg,B21-AV,0,0.0459099411964416
sub-openieegDetroit087,openieeg,B22-AV,0,0.1009702682495117
sub-openieegDetroit087,openieeg,B23-AV,0,0.1231552362442016
sub-openieegDetroit087,openieeg,B24-AV,0,0.1436041593551635
sub-openieegDetroit087,openieeg,B25-AV,0,0.0767467617988586
sub-openieegDetroit087,openieeg,B26-AV,0,0.1851847767829895
sub-openieegDetroit087,openieeg,B27-AV,0,0.1367385983467102
sub-openieegDetroit087,openieeg,B28-AV,0,0.2454185485839843
sub-openieegDetroit087,openieeg,B29-AV,0,0.1643574237823486
sub-openieegDetroit087,openieeg,B3-AV,0,0.0913461446762085
sub-openieegDetroit087,openieeg,B30-AV,0,0.1473125219345092
sub-openieegDetroit087,openieeg,B31-AV,0,0.2211291790008545
sub-openieegDetroit087,openieeg,B32-AV,0,0.17200767993927
sub-openieegDetroit087,openieeg,B33-AV,0,0.4916325211524963
sub-openieegDetroit087,openieeg,B34-AV,0,0.4694392085075378
sub-openieegDetroit087,openieeg,B35-AV,0,0.35234534740448
sub-openieegDetroit087,openieeg,B36-AV,0,0.1965106725692749
sub-openieegDetroit087,openieeg,B37-AV,0,0.0771510004997253
sub-openieegDetroit087,openieeg,B38-AV,0,0.1796545386314392
sub-openieegDetroit087,openieeg,B39-AV,0,0.1750600337982177
sub-openieegDetroit087,openieeg,B4-AV,0,0.1134463548660278
sub-openieegDetroit087,openieeg,B40-AV,0,0.19607675075531
sub-openieegDetroit087,openieeg,B41-AV,0,0.5331316590309143
sub-openieegDetroit087,openieeg,B42-AV,0,0.2694073319435119
sub-openieegDetroit087,openieeg,B43-AV,0,0.2127356529235839
sub-openieegDetroit087,openieeg,B44-AV,0,0.4339811205863952
sub-openieegDetroit087,openieeg,B45-AV,0,0.1821818351745605
sub-openieegDetroit087,openieeg,B46-AV,0,0.1347718834877014
sub-openieegDetroit087,openieeg,B47-AV,0,0.2121457457542419
sub-openieegDetroit087,openieeg,B48-AV,0,0.161307692527771
sub-openieegDetroit087,openieeg,B49-AV,0,0.1022118926048278
sub-openieegDetroit087,openieeg,B5-AV,0,0.2199934720993042
sub-openieegDetroit087,openieeg,B50-AV,0,0.2044737339019775
sub-openieegDetroit087,openieeg,B51-AV,0,0.2281948924064636
sub-openieegDetroit087,openieeg,B52-AV,0,0.099362313747406
sub-openieegDetroit087,openieeg,B53-AV,0,0.1737799644470214
sub-openieegDetroit087,openieeg,B54-AV,0,0.1686593294143676
sub-openieegDetroit087,openieeg,B55-AV,0,0.0854062438011169
sub-openieegDetroit087,openieeg,B56-AV,0,0.3088114857673645
sub-openieegDetroit087,openieeg,B57-AV,0,0.0630773305892944
sub-openieegDetroit087,openieeg,B58-AV,0,0.1842923164367675
sub-openieegDetroit087,openieeg,B59-AV,0,0.3140426278114319
sub-openieegDetroit087,openieeg,B6-AV,0,0.0686359405517578
sub-openieegDetroit087,openieeg,B60-AV,0,0.1279219388961792
sub-openieegDetroit087,openieeg,B61-AV,0,0.0766623020172119
sub-openieegDetroit087,openieeg,B62-AV,0,0.5518520474433899
sub-openieegDetroit087,openieeg,B63-AV,0,0.3144388794898987
sub-openieegDetroit087,openieeg,B64-AV,0,0.3522448539733886
sub-openieegDetroit087,openieeg,B7-AV,0,0.0599790215492248
sub-openieegDetroit087,openieeg,B8-AV,0,0.1317707300186157
sub-openieegDetroit087,openieeg,B9-AV,1,0.0644643902778625
sub-openieegDetroit087,openieeg,C1-AV,0,0.2242698073387146
sub-openieegDetroit087,openieeg,C10-AV,0,0.0649129152297973
sub-openieegDetroit087,openieeg,C11-AV,0,0.063227355480194
sub-openieegDetroit087,openieeg,C13-AV,0,0.1406260132789611
sub-openieegDetroit087,openieeg,C14-AV,0,0.1171933412551879
sub-openieegDetroit087,openieeg,C15-AV,0,0.1114922165870666
sub-openieegDetroit087,openieeg,C16-AV,0,0.0605354905128479
sub-openieegDetroit087,openieeg,C17-AV,0,0.1004295945167541
sub-openieegDetroit087,openieeg,C18-AV,0,0.3691398501396179
sub-openieegDetroit087,openieeg,C19-AV,0,0.1309620141983032
sub-openieegDetroit087,openieeg,C2-AV,0,0.2415101528167724
sub-openieegDetroit087,openieeg,C20-AV,0,0.0952499508857727
sub-openieegDetroit087,openieeg,C21-AV,0,0.0682358145713806
sub-openieegDetroit087,openieeg,C22-AV,0,0.1003289818763732
sub-openieegDetroit087,openieeg,C23-AV,0,0.1559742093086242
sub-openieegDetroit087,openieeg,C24-AV,0,0.0855540037155151
sub-openieegDetroit087,openieeg,C25-AV,0,0.0860916972160339
sub-openieegDetroit087,openieeg,C26-AV,0,0.1303914785385131
sub-openieegDetroit087,openieeg,C27-AV,0,0.2315582633018493
sub-openieegDetroit087,openieeg,C28-AV,0,0.3676891326904297
sub-openieegDetroit087,openieeg,C29-AV,0,0.1396195292472839
sub-openieegDetroit087,openieeg,C3-AV,0,0.4393278956413269
sub-openieegDetroit087,openieeg,C30-AV,0,0.1052590608596801
sub-openieegDetroit087,openieeg,C31-AV,0,0.102363109588623
sub-openieegDetroit087,openieeg,C32-AV,0,0.1688048839569091
sub-openieegDetroit087,openieeg,C36-AV,0,0.2089124917984008
sub-openieegDetroit087,openieeg,C4-AV,0,0.1319104433059692
sub-openieegDetroit087,openieeg,C5-AV,0,0.1588736176490783
sub-openieegDetroit087,openieeg,C6-AV,0,0.1757691502571106
sub-openieegDetroit087,openieeg,C7-AV,0,0.1161279082298278
sub-openieegDetroit087,openieeg,C8-AV,0,0.050034761428833
sub-openieegDetroit090,openieeg,A1-AV,0,0.0404086709022522
sub-openieegDetroit090,openieeg,A10-AV,0,0.0374445915222168
sub-openieegDetroit090,openieeg,A11-AV,0,0.0444883108139038
sub-openieegDetroit090,openieeg,A15-AV,0,0.0731828808784484
sub-openieegDetroit090,openieeg,A16-AV,0,0.0342238545417785
sub-openieegDetroit090,openieeg,A17-AV,0,0.1225364208221435
sub-openieegDetroit090,openieeg,A18-AV,0,0.1194440722465515
sub-openieegDetroit090,openieeg,A2-AV,0,0.3730742931365967
sub-openieegDetroit090,openieeg,A20-AV,0,0.0414227843284606
sub-openieegDetroit090,openieeg,A21-AV,0,0.0432003140449523
sub-openieegDetroit090,openieeg,A22-AV,1,0.0966085195541381
sub-openieegDetroit090,openieeg,A23-AV,1,0.1545742154121399
sub-openieegDetroit090,openieeg,A24-AV,0,0.2668219804763794
sub-openieegDetroit090,openieeg,A25-AV,0,0.4406898021697998
sub-openieegDetroit090,openieeg,A26-AV,1,0.1313064098358154
sub-openieegDetroit090,openieeg,A27-AV,1,0.0519955158233642
sub-openieegDetroit090,openieeg,A28-AV,0,0.0368109345436096
sub-openieegDetroit090,openieeg,A29-AV,1,0.0544086098670959
sub-openieegDetroit090,openieeg,A3-AV,0,0.4373699426651001
sub-openieegDetroit090,openieeg,A30-AV,1,0.1721561551094055
sub-openieegDetroit090,openieeg,A31-AV,1,0.1538059115409851
sub-openieegDetroit090,openieeg,A32-AV,1,0.0848525762557983
sub-openieegDetroit090,openieeg,A33-AV,1,0.0671170949935913
sub-openieegDetroit090,openieeg,A34-AV,1,0.1524665355682373
sub-openieegDetroit090,openieeg,A35-AV,1,0.2512891292572021
sub-openieegDetroit090,openieeg,A36-AV,0,0.045410931110382
sub-openieegDetroit090,openieeg,A37-AV,0,0.0504642724990844
sub-openieegDetroit090,openieeg,A38-AV,0,0.1299817562103271
sub-openieegDetroit090,openieeg,A39-AV,0,0.0328999161720275
sub-openieegDetroit090,openieeg,A4-AV,0,0.3527118563652038
sub-openieegDetroit090,openieeg,A40-AV,0,0.0333533287048339
sub-openieegDetroit090,openieeg,A41-AV,0,0.0302040576934814
sub-openieegDetroit090,openieeg,A42-AV,0,0.0455747246742248
sub-openieegDetroit090,openieeg,A44-AV,0,0.5403584241867065
sub-openieegDetroit090,openieeg,A45-AV,0,0.5234075784683228
sub-openieegDetroit090,openieeg,A46-AV,0,0.352649450302124
sub-openieegDetroit090,openieeg,A47-AV,0,0.3155099153518677
sub-openieegDetroit090,openieeg,A48-AV,0,0.2652835249900818
sub-openieegDetroit090,openieeg,A49-AV,0,0.034090518951416
sub-openieegDetroit090,openieeg,A5-AV,0,0.2929702997207641
sub-openieegDetroit090,openieeg,A50-AV,0,0.0488856434822082
sub-openieegDetroit090,openieeg,A51-AV,0,0.0535113215446472
sub-openieegDetroit090,openieeg,A52-AV,0,0.063685119152069
sub-openieegDetroit090,openieeg,A53-AV,0,0.1010187268257141
sub-openieegDetroit090,openieeg,A54-AV,0,0.025388479232788
sub-openieegDetroit090,openieeg,A55-AV,0,0.1403967142105102
sub-openieegDetroit090,openieeg,A56-AV,0,0.0344161987304687
sub-openieegDetroit090,openieeg,A57-AV,0,0.0778378844261169
sub-openieegDetroit090,openieeg,A58-AV,0,0.095497727394104
sub-openieegDetroit090,openieeg,A59-AV,0,0.1113383173942565
sub-openieegDetroit090,openieeg,A6-AV,0,0.1111577153205871
sub-openieegDetroit090,openieeg,A60-AV,0,0.04084974527359
sub-openieegDetroit090,openieeg,A62-AV,0,0.0789471268653869
sub-openieegDetroit090,openieeg,A7-AV,0,0.330035924911499
sub-openieegDetroit090,openieeg,A8-AV,0,0.4540203213691711
sub-openieegDetroit090,openieeg,A9-AV,0,0.1429917216300964
sub-openieegDetroit090,openieeg,B1-AV,0,0.0328838229179382
sub-openieegDetroit090,openieeg,B10-AV,0,0.0221890211105346
sub-openieegDetroit090,openieeg,B12-AV,0,0.0168151259422302
sub-openieegDetroit090,openieeg,B13-AV,0,0.1633204221725464
sub-openieegDetroit090,openieeg,B15-AV,0,0.0396453142166137
sub-openieegDetroit090,openieeg,B16-AV,0,0.0356432199478149
sub-openieegDetroit090,openieeg,B17-AV,0,0.3003402948379516
sub-openieegDetroit090,openieeg,B2-AV,0,0.0478277802467346
sub-openieegDetroit090,openieeg,B20-AV,0,0.1072834134101867
sub-openieegDetroit090,openieeg,B21-AV,0,0.4994977116584778
sub-openieegDetroit090,openieeg,B22-AV,0,0.0690459609031677
sub-openieegDetroit090,openieeg,B23-AV,0,0.0657939314842224
sub-openieegDetroit090,openieeg,B25-AV,0,0.1231282949447631
sub-openieegDetroit090,openieeg,B26-AV,0,0.0634384155273437
sub-openieegDetroit090,openieeg,B27-AV,0,0.2886412739753723
sub-openieegDetroit090,openieeg,B28-AV,0,0.1078318953514099
sub-openieegDetroit090,openieeg,B29-AV,0,0.1022557020187377
sub-openieegDetroit090,openieeg,B3-AV,0,0.050584852695465
sub-openieegDetroit090,openieeg,B31-AV,0,0.4156635403633117
sub-openieegDetroit090,openieeg,B32-AV,0,0.0700435638427734
sub-openieegDetroit090,openieeg,B33-AV,0,0.0825110673904419
sub-openieegDetroit090,openieeg,B34-AV,0,0.075158417224884
sub-openieegDetroit090,openieeg,B35-AV,0,0.4256611466407776
sub-openieegDetroit090,openieeg,B36-AV,0,0.2775213718414306
sub-openieegDetroit090,openieeg,B37-AV,0,0.1982232928276062
sub-openieegDetroit090,openieeg,B38-AV,0,0.0757336616516113
sub-openieegDetroit090,openieeg,B39-AV,0,0.0368569493293762
sub-openieegDetroit090,openieeg,B40-AV,0,0.2446867823600769
sub-openieegDetroit090,openieeg,B41-AV,0,0.1402325630187988
sub-openieegDetroit090,openieeg,B42-AV,0,0.1546010375022888
sub-openieegDetroit090,openieeg,B44-AV,0,0.0865740180015564
sub-openieegDetroit090,openieeg,B45-AV,0,0.304296612739563
sub-openieegDetroit090,openieeg,B46-AV,0,0.0752941370010376
sub-openieegDetroit090,openieeg,B47-AV,0,0.1413472294807434
sub-openieegDetroit090,openieeg,B48-AV,0,0.0813687443733215
sub-openieegDetroit090,openieeg,B49-AV,0,0.2033583521842956
sub-openieegDetroit090,openieeg,B5-AV,0,0.1832852959632873
sub-openieegDetroit090,openieeg,B50-AV,0,0.0509679913520813
sub-openieegDetroit090,openieeg,B51-AV,0,0.4436653852462768
sub-openieegDetroit090,openieeg,B52-AV,0,0.2408871054649353
sub-openieegDetroit090,openieeg,B53-AV,0,0.3603172898292541
sub-openieegDetroit090,openieeg,B55-AV,0,0.4154039621353149
sub-openieegDetroit090,openieeg,B56-AV,0,0.4074453711509704
sub-openieegDetroit090,openieeg,B57-AV,0,0.0946007966995239
sub-openieegDetroit090,openieeg,B58-AV,0,0.2004389762878418
sub-openieegDetroit090,openieeg,B59-AV,0,0.2596564888954162
sub-openieegDetroit090,openieeg,B6-AV,0,0.1635385155677795
sub-openieegDetroit090,openieeg,B60-AV,0,0.1849085688591003
sub-openieegDetroit090,openieeg,B61-AV,0,0.2841943502426147
sub-openieegDetroit090,openieeg,B62-AV,0,0.4307611584663391
sub-openieegDetroit090,openieeg,B63-AV,0,0.5486059188842773
sub-openieegDetroit090,openieeg,B64-AV,0,0.4930037260055542
sub-openieegDetroit090,openieeg,B7-AV,0,0.0284408330917358
sub-openieegDetroit090,openieeg,B9-AV,0,0.0583314895629882
sub-openieegDetroit091,openieeg,A1-AV,0,0.3282204866409302
sub-openieegDetroit091,openieeg,A10-AV,0,0.1700007915496826
sub-openieegDetroit091,openieeg,A11-AV,0,0.0126295089721679
sub-openieegDetroit091,openieeg,A12-AV,0,0.2920064926147461
sub-openieegDetroit091,openieeg,A13-AV,0,0.20252525806427
sub-openieegDetroit091,openieeg,A14-AV,0,0.334519624710083
sub-openieegDetroit091,openieeg,A15-AV,0,0.0090086460113525
sub-openieegDetroit091,openieeg,A16-AV,0,0.0125398635864257
sub-openieegDetroit091,openieeg,A17-AV,0,0.0305829644203186
sub-openieegDetroit091,openieeg,A18-AV,0,0.3237825036048889
sub-openieegDetroit091,openieeg,A19-AV,0,0.0354658961296081
sub-openieegDetroit091,openieeg,A2-AV,0,0.2248578667640686
sub-openieegDetroit091,openieeg,A20-AV,0,0.4581828117370605
sub-openieegDetroit091,openieeg,A21-AV,0,0.248308777809143
sub-openieegDetroit091,openieeg,A22-AV,0,0.012857437133789
sub-openieegDetroit091,openieeg,A23-AV,0,0.011301577091217
sub-openieegDetroit091,openieeg,A24-AV,0,0.1041035652160644
sub-openieegDetroit091,openieeg,A25-AV,0,0.0224794745445251
sub-openieegDetroit091,openieeg,A26-AV,0,0.4116173386573791
sub-openieegDetroit091,openieeg,A27-AV,0,0.0122920870780944
sub-openieegDetroit091,openieeg,A28-AV,0,0.4800036549568176
sub-openieegDetroit091,openieeg,A29-AV,0,0.2197799086570739
sub-openieegDetroit091,openieeg,A3-AV,0,0.2106775045394897
sub-openieegDetroit091,openieeg,A30-AV,0,0.0113694667816162
sub-openieegDetroit091,openieeg,A31-AV,0,0.2088805437088012
sub-openieegDetroit091,openieeg,A32-AV,0,0.3014442324638366
sub-openieegDetroit091,openieeg,A33-AV,0,0.0102322697639465
sub-openieegDetroit091,openieeg,A34-AV,0,0.4787965416908264
sub-openieegDetroit091,openieeg,A35-AV,0,0.0109314322471618
sub-openieegDetroit091,openieeg,A36-AV,0,0.0101861357688903
sub-openieegDetroit091,openieeg,A37-AV,0,0.0186116695404052
sub-openieegDetroit091,openieeg,A38-AV,0,0.0109954476356506
sub-openieegDetroit091,openieeg,A39-AV,0,0.0129801034927368
sub-openieegDetroit091,openieeg,A4-AV,0,0.3939852118492126
sub-openieegDetroit091,openieeg,A40-AV,0,0.3634521961212158
sub-openieegDetroit091,openieeg,A41-AV,0,0.1649681329727172
sub-openieegDetroit091,openieeg,A42-AV,0,0.0154795050621032
sub-openieegDetroit091,openieeg,A43-AV,0,0.0126078724861145
sub-openieegDetroit091,openieeg,A44-AV,0,0.0718470811843872
sub-openieegDetroit091,openieeg,A45-AV,0,0.0084989070892333
sub-openieegDetroit091,openieeg,A46-AV,0,0.0086122155189514
sub-openieegDetroit091,openieeg,A47-AV,0,0.2357823848724365
sub-openieegDetroit091,openieeg,A48-AV,0,0.0916087627410888
sub-openieegDetroit091,openieeg,A49-AV,0,0.0111511945724487
sub-openieegDetroit091,openieeg,A5-AV,0,0.2958835959434509
sub-openieegDetroit091,openieeg,A50-AV,0,0.0114296078681945
sub-openieegDetroit091,openieeg,A51-AV,0,0.0159946680068969
sub-openieegDetroit091,openieeg,A52-AV,0,0.0124450325965881
sub-openieegDetroit091,openieeg,A53-AV,0,0.4538912177085876
sub-openieegDetroit091,openieeg,A54-AV,0,0.0228136777877807
sub-openieegDetroit091,openieeg,A55-AV,0,0.4357850551605224
sub-openieegDetroit091,openieeg,A56-AV,0,0.063538372516632
sub-openieegDetroit091,openieeg,A57-AV,0,0.033186912536621
sub-openieegDetroit091,openieeg,A58-AV,0,0.0291229486465454
sub-openieegDetroit091,openieeg,A59-AV,0,0.0263119339942932
sub-openieegDetroit091,openieeg,A6-AV,0,0.377955675125122
sub-openieegDetroit091,openieeg,A60-AV,0,0.1747375726699829
sub-openieegDetroit091,openieeg,A61-AV,0,0.2527647614479065
sub-openieegDetroit091,openieeg,A62-AV,0,0.430289089679718
sub-openieegDetroit091,openieeg,A63-AV,0,0.0106152892112731
sub-openieegDetroit091,openieeg,A64-AV,0,0.1412279605865478
sub-openieegDetroit091,openieeg,A7-AV,0,0.2337321639060974
sub-openieegDetroit091,openieeg,A8-AV,0,0.0125322341918945
sub-openieegDetroit091,openieeg,A9-AV,0,0.0582632422447204
sub-openieegDetroit091,openieeg,B1-AV,0,0.010163128376007
sub-openieegDetroit091,openieeg,B10-AV,0,0.0119072794914245
sub-openieegDetroit091,openieeg,B11-AV,1,0.548954963684082
sub-openieegDetroit091,openieeg,B12-AV,0,0.2574451565742492
sub-openieegDetroit091,openieeg,B13-AV,0,0.4647093415260315
sub-openieegDetroit091,openieeg,B14-AV,0,0.1436079144477844
sub-openieegDetroit091,openieeg,B15-AV,0,0.011975347995758
sub-openieegDetroit091,openieeg,B16-AV,0,0.0101860165596008
sub-openieegDetroit091,openieeg,B17-AV,0,0.3849667310714721
sub-openieegDetroit091,openieeg,B18-AV,0,0.3075988292694092
sub-openieegDetroit091,openieeg,B19-AV,0,0.163274884223938
sub-openieegDetroit091,openieeg,B2-AV,0,0.0507606863975524
sub-openieegDetroit091,openieeg,B20-AV,0,0.0159888863563537
sub-openieegDetroit091,openieeg,B21-AV,0,0.0517261028289794
sub-openieegDetroit091,openieeg,B22-AV,0,0.0103353857994079
sub-openieegDetroit091,openieeg,B23-AV,0,0.0119786858558654
sub-openieegDetroit091,openieeg,B24-AV,0,0.0185479521751403
sub-openieegDetroit091,openieeg,B25-AV,0,0.27532559633255
sub-openieegDetroit091,openieeg,B26-AV,0,0.023585557937622
sub-openieegDetroit091,openieeg,B27-AV,0,0.0157384872436523
sub-openieegDetroit091,openieeg,B28-AV,0,0.0148591995239257
sub-openieegDetroit091,openieeg,B29-AV,0,0.0112557411193847
sub-openieegDetroit091,openieeg,B3-AV,0,0.6313409805297852
sub-openieegDetroit091,openieeg,B30-AV,0,0.0544171333312988
sub-openieegDetroit091,openieeg,B31-AV,0,0.0100739002227783
sub-openieegDetroit091,openieeg,B32-AV,0,0.0109567642211914
sub-openieegDetroit091,openieeg,B33-AV,0,0.4256740808486938
sub-openieegDetroit091,openieeg,B34-AV,0,0.5080627799034119
sub-openieegDetroit091,openieeg,B35-AV,0,0.5353624820709229
sub-openieegDetroit091,openieeg,B36-AV,0,0.5447577834129333
sub-openieegDetroit091,openieeg,B37-AV,0,0.2921953201293945
sub-openieegDetroit091,openieeg,B38-AV,0,0.1869140267372131
sub-openieegDetroit091,openieeg,B39-AV,0,0.0156973600387573
sub-openieegDetroit091,openieeg,B4-AV,0,0.372063398361206
sub-openieegDetroit091,openieeg,B40-AV,0,0.0097430944442749
sub-openieegDetroit091,openieeg,B41-AV,0,0.023824393749237
sub-openieegDetroit091,openieeg,B42-AV,0,0.0271381735801696
sub-openieegDetroit091,openieeg,B5-AV,0,0.1072682738304138
sub-openieegDetroit091,openieeg,B6-AV,0,0.6317816376686096
sub-openieegDetroit091,openieeg,B7-AV,0,0.6489983797073364
sub-openieegDetroit091,openieeg,B8-AV,0,0.6285037994384766
sub-openieegDetroit091,openieeg,B9-AV,0,0.5849944353103638
sub-openieegDetroit095,openieeg,A10-AV,0,0.020363450050354
sub-openieegDetroit095,openieeg,A11-AV,0,0.1718809008598327
sub-openieegDetroit095,openieeg,A12-AV,0,0.1334644556045532
sub-openieegDetroit095,openieeg,A13-AV,0,0.0696068406105041
sub-openieegDetroit095,openieeg,A14-AV,0,0.1260245442390442
sub-openieegDetroit095,openieeg,A16-AV,0,0.0822672247886657
sub-openieegDetroit095,openieeg,A17-AV,0,0.0763055086135864
sub-openieegDetroit095,openieeg,A18-AV,0,0.0403721332550048
sub-openieegDetroit095,openieeg,A19-AV,0,0.0555885434150695
sub-openieegDetroit095,openieeg,A20-AV,0,0.0542606115341186
sub-openieegDetroit095,openieeg,A22-AV,0,0.0703645944595336
sub-openieegDetroit095,openieeg,A23-AV,0,0.086515188217163
sub-openieegDetroit095,openieeg,A24-AV,0,0.1420344710350036
sub-openieegDetroit095,openieeg,A25-AV,1,0.5257861614227295
sub-openieegDetroit095,openieeg,A26-AV,0,0.6397939920425415
sub-openieegDetroit095,openieeg,A27-AV,0,0.0502792596817016
sub-openieegDetroit095,openieeg,A28-AV,0,0.224633514881134
sub-openieegDetroit095,openieeg,A29-AV,0,0.0449662208557128
sub-openieegDetroit095,openieeg,A30-AV,0,0.0646266341209411
sub-openieegDetroit095,openieeg,A31-AV,0,0.048153281211853
sub-openieegDetroit095,openieeg,A32-AV,0,0.117715835571289
sub-openieegDetroit095,openieeg,A33-AV,0,0.1071051359176635
sub-openieegDetroit095,openieeg,A34-AV,0,0.0470412373542785
sub-openieegDetroit095,openieeg,A35-AV,0,0.0801906585693359
sub-openieegDetroit095,openieeg,A36-AV,0,0.0633458495140075
sub-openieegDetroit095,openieeg,A38-AV,0,0.2811595201492309
sub-openieegDetroit095,openieeg,A39-AV,0,0.4493349194526672
sub-openieegDetroit095,openieeg,A40-AV,0,0.3857374191284179
sub-openieegDetroit095,openieeg,A41-AV,0,0.0742767453193664
sub-openieegDetroit095,openieeg,A42-AV,0,0.0516562461853027
sub-openieegDetroit095,openieeg,A47-AV,0,0.3911689519882202
sub-openieegDetroit095,openieeg,A48-AV,0,0.6079249382019043
sub-openieegDetroit095,openieeg,A49-AV,0,0.5936473608016968
sub-openieegDetroit095,openieeg,A5-AV,0,0.0202162265777587
sub-openieegDetroit095,openieeg,A50-AV,0,0.7199715375900269
sub-openieegDetroit095,openieeg,A51-AV,0,0.6583251953125
sub-openieegDetroit095,openieeg,A52-AV,0,0.4483587741851806
sub-openieegDetroit095,openieeg,A53-AV,0,0.0766777396202087
sub-openieegDetroit095,openieeg,A55-AV,0,0.0537090897560119
sub-openieegDetroit095,openieeg,A56-AV,0,0.0339010953903198
sub-openieegDetroit095,openieeg,A57-AV,0,0.1254013776779174
sub-openieegDetroit095,openieeg,A58-AV,0,0.029647946357727
sub-openieegDetroit095,openieeg,A59-AV,0,0.0248293876647949
sub-openieegDetroit095,openieeg,A6-AV,0,0.1809853315353393
sub-openieegDetroit095,openieeg,A60-AV,0,0.2465363144874572
sub-openieegDetroit095,openieeg,A62-AV,0,0.5084861516952515
sub-openieegDetroit095,openieeg,A7-AV,0,0.5080622434616089
sub-openieegDetroit095,openieeg,A8-AV,0,0.0397725105285644
sub-openieegDetroit095,openieeg,A9-AV,0,0.0435627698898315
sub-openieegDetroit095,openieeg,B1-AV,0,0.1487053632736206
sub-openieegDetroit095,openieeg,B10-AV,0,0.1951958537101745
sub-openieegDetroit095,openieeg,B12-AV,0,0.5104631185531616
sub-openieegDetroit095,openieeg,B13-AV,0,0.0626049041748046
sub-openieegDetroit095,openieeg,B14-AV,0,0.4306589961051941
sub-openieegDetroit095,openieeg,B15-AV,0,0.5218197107315063
sub-openieegDetroit095,openieeg,B16-AV,0,0.4195448160171509
sub-openieegDetroit095,openieeg,B17-AV,0,0.4540098905563354
sub-openieegDetroit095,openieeg,B18-AV,0,0.4266946315765381
sub-openieegDetroit095,openieeg,B19-AV,0,0.0910713672637939
sub-openieegDetroit095,openieeg,B20-AV,0,0.0165412425994873
sub-openieegDetroit095,openieeg,B21-AV,0,0.3776456117630005
sub-openieegDetroit095,openieeg,B22-AV,0,0.3910026550292969
sub-openieegDetroit095,openieeg,B23-AV,0,0.3970242738723755
sub-openieegDetroit095,openieeg,B24-AV,0,0.3362994790077209
sub-openieegDetroit095,openieeg,B25-AV,0,0.468759536743164
sub-openieegDetroit095,openieeg,B26-AV,0,0.1412094235420227
sub-openieegDetroit095,openieeg,B27-AV,0,0.4455296397209167
sub-openieegDetroit095,openieeg,B28-AV,0,0.0571836829185485
sub-openieegDetroit095,openieeg,B29-AV,0,0.1483128070831298
sub-openieegDetroit095,openieeg,B3-AV,0,0.0370920896530151
sub-openieegDetroit095,openieeg,B30-AV,0,0.1674363017082214
sub-openieegDetroit095,openieeg,B31-AV,0,0.4929277896881103
sub-openieegDetroit095,openieeg,B32-AV,0,0.0548108220100402
sub-openieegDetroit095,openieeg,B33-AV,0,0.028529405593872
sub-openieegDetroit095,openieeg,B34-AV,0,0.0340884327888488
sub-openieegDetroit095,openieeg,B35-AV,0,0.3810182809829712
sub-openieegDetroit095,openieeg,B36-AV,0,0.1386265754699707
sub-openieegDetroit095,openieeg,B37-AV,0,0.4608663320541382
sub-openieegDetroit095,openieeg,B38-AV,0,0.0278653502464294
sub-openieegDetroit095,openieeg,B39-AV,0,0.2978779673576355
sub-openieegDetroit095,openieeg,B4-AV,0,0.3606007695198059
sub-openieegDetroit095,openieeg,B40-AV,0,0.0313627123832702
sub-openieegDetroit095,openieeg,B41-AV,0,0.5531601905822754
sub-openieegDetroit095,openieeg,B42-AV,0,0.2843071818351745
sub-openieegDetroit095,openieeg,B43-AV,0,0.0195351839065551
sub-openieegDetroit095,openieeg,B44-AV,0,0.072360098361969
sub-openieegDetroit095,openieeg,B45-AV,0,0.1256452798843383
sub-openieegDetroit095,openieeg,B46-AV,0,0.1115712523460388
sub-openieegDetroit095,openieeg,B47-AV,0,0.2902279496192932
sub-openieegDetroit095,openieeg,B48-AV,0,0.0390371680259704
sub-openieegDetroit095,openieeg,B49-AV,0,0.0216256380081176
sub-openieegDetroit095,openieeg,B5-AV,0,0.0415796041488647
sub-openieegDetroit095,openieeg,B50-AV,0,0.013978898525238
sub-openieegDetroit095,openieeg,B51-AV,0,0.0135335326194763
sub-openieegDetroit095,openieeg,B52-AV,0,0.0197215676307678
sub-openieegDetroit095,openieeg,B53-AV,0,0.0508093833923339
sub-openieegDetroit095,openieeg,B54-AV,0,0.0171562433242797
sub-openieegDetroit095,openieeg,B55-AV,0,0.049254298210144
sub-openieegDetroit095,openieeg,B56-AV,0,0.1316179633140564
sub-openieegDetroit095,openieeg,B57-AV,0,0.1401918530464172
sub-openieegDetroit095,openieeg,B58-AV,0,0.180328369140625
sub-openieegDetroit095,openieeg,B59-AV,0,0.0215044617652893
sub-openieegDetroit095,openieeg,B6-AV,0,0.0974243283271789
sub-openieegDetroit095,openieeg,B60-AV,0,0.0873790979385376
sub-openieegDetroit095,openieeg,B61-AV,0,0.5093066692352295
sub-openieegDetroit095,openieeg,B62-AV,0,0.12139892578125
sub-openieegDetroit095,openieeg,B63-AV,0,0.0316354632377624
sub-openieegDetroit095,openieeg,B64-AV,0,0.2992405295372009
sub-openieegDetroit095,openieeg,B7-AV,0,0.4184780120849609
sub-openieegDetroit095,openieeg,B8-AV,0,0.3828900456428528
sub-openieegDetroit095,openieeg,B9-AV,0,0.3458999395370483
sub-openieegDetroit096,openieeg,A1-AV,0,0.2444736361503601
sub-openieegDetroit096,openieeg,A10-AV,0,0.7494432330131531
sub-openieegDetroit096,openieeg,A11-AV,0,0.1889645457267761
sub-openieegDetroit096,openieeg,A12-AV,0,0.1371848583221435
sub-openieegDetroit096,openieeg,A13-AV,0,0.0418974161148071
sub-openieegDetroit096,openieeg,A14-AV,0,0.1391611099243164
sub-openieegDetroit096,openieeg,A15-AV,0,0.0924391150474548
sub-openieegDetroit096,openieeg,A16-AV,0,0.071979820728302
sub-openieegDetroit096,openieeg,A17-AV,1,0.1160246133804321
sub-openieegDetroit096,openieeg,A18-AV,1,0.0204923748970031
sub-openieegDetroit096,openieeg,A19-AV,1,0.0177706480026245
sub-openieegDetroit096,openieeg,A2-AV,0,0.0138263702392578
sub-openieegDetroit096,openieeg,A21-AV,0,0.0213270783424377
sub-openieegDetroit096,openieeg,A22-AV,0,0.0500974059104919
sub-openieegDetroit096,openieeg,A23-AV,0,0.0105541348457336
sub-openieegDetroit096,openieeg,A25-AV,0,0.3216845989227295
sub-openieegDetroit096,openieeg,A26-AV,0,0.4881942272186279
sub-openieegDetroit096,openieeg,A27-AV,0,0.3791951537132263
sub-openieegDetroit096,openieeg,A28-AV,0,0.6294271945953369
sub-openieegDetroit096,openieeg,A29-AV,1,0.2980145215988159
sub-openieegDetroit096,openieeg,A3-AV,0,0.0110293626785278
sub-openieegDetroit096,openieeg,A30-AV,1,0.3168427348136902
sub-openieegDetroit096,openieeg,A31-AV,0,0.1041029691696167
sub-openieegDetroit096,openieeg,A32-AV,0,0.0224244594573974
sub-openieegDetroit096,openieeg,A33-AV,0,0.0321366786956787
sub-openieegDetroit096,openieeg,A34-AV,0,0.0470814108848571
sub-openieegDetroit096,openieeg,A35-AV,0,0.1359992623329162
sub-openieegDetroit096,openieeg,A36-AV,0,0.0403969287872314
sub-openieegDetroit096,openieeg,A4-AV,0,0.0201922059059143
sub-openieegDetroit096,openieeg,A41-AV,0,0.1195481419563293
sub-openieegDetroit096,openieeg,A42-AV,0,0.135405421257019
sub-openieegDetroit096,openieeg,A43-AV,0,0.0389612913131713
sub-openieegDetroit096,openieeg,A44-AV,0,0.016194999217987
sub-openieegDetroit096,openieeg,A45-AV,0,0.0794472098350524
sub-openieegDetroit096,openieeg,A46-AV,0,0.1064485907554626
sub-openieegDetroit096,openieeg,A47-AV,0,0.0384628176689147
sub-openieegDetroit096,openieeg,A48-AV,0,0.0345538854598999
sub-openieegDetroit096,openieeg,A49-AV,0,0.0840256810188293
sub-openieegDetroit096,openieeg,A5-AV,0,0.0231269598007202
sub-openieegDetroit096,openieeg,A50-AV,0,0.0259320139884948
sub-openieegDetroit096,openieeg,A51-AV,0,0.4138764142990112
sub-openieegDetroit096,openieeg,A52-AV,0,0.1757818460464477
sub-openieegDetroit096,openieeg,A53-AV,1,0.1914822459220886
sub-openieegDetroit096,openieeg,A54-AV,1,0.0531676411628723
sub-openieegDetroit096,openieeg,A55-AV,1,0.0583245158195495
sub-openieegDetroit096,openieeg,A56-AV,1,0.7691622972488403
sub-openieegDetroit096,openieeg,A57-AV,1,0.6879178285598755
sub-openieegDetroit096,openieeg,A58-AV,1,0.0287160873413085
sub-openieegDetroit096,openieeg,A59-AV,1,0.0932604074478149
sub-openieegDetroit096,openieeg,A6-AV,0,0.1296650767326355
sub-openieegDetroit096,openieeg,A60-AV,1,0.1036773920059204
sub-openieegDetroit096,openieeg,A7-AV,0,0.0269158482551574
sub-openieegDetroit096,openieeg,A8-AV,0,0.0380411744117736
sub-openieegDetroit096,openieeg,A9-AV,0,0.7099491357803345
sub-openieegDetroit096,openieeg,B1-AV,0,0.0854731798171997
sub-openieegDetroit096,openieeg,B10-AV,0,0.2850392460823059
sub-openieegDetroit096,openieeg,B11-AV,0,0.1752665638923645
sub-openieegDetroit096,openieeg,B12-AV,0,0.1026964783668518
sub-openieegDetroit096,openieeg,B13-AV,0,0.3946840167045593
sub-openieegDetroit096,openieeg,B14-AV,0,0.2104825973510742
sub-openieegDetroit096,openieeg,B15-AV,0,0.1268691420555114
sub-openieegDetroit096,openieeg,B16-AV,0,0.0491030812263488
sub-openieegDetroit096,openieeg,B17-AV,0,0.064062476158142
sub-openieegDetroit096,openieeg,B18-AV,0,0.3815791606903076
sub-openieegDetroit096,openieeg,B19-AV,0,0.464431881904602
sub-openieegDetroit096,openieeg,B2-AV,0,0.0690996646881103
sub-openieegDetroit096,openieeg,B20-AV,0,0.0546342730522155
sub-openieegDetroit096,openieeg,B21-AV,0,0.3522108197212219
sub-openieegDetroit096,openieeg,B22-AV,0,0.2508288025856018
sub-openieegDetroit096,openieeg,B23-AV,0,0.1725966930389404
sub-openieegDetroit096,openieeg,B24-AV,0,0.0686041116714477
sub-openieegDetroit096,openieeg,B25-AV,0,0.0565654039382934
sub-openieegDetroit096,openieeg,B26-AV,0,0.0211262702941894
sub-openieegDetroit096,openieeg,B27-AV,0,0.1700799465179443
sub-openieegDetroit096,openieeg,B28-AV,0,0.1881304383277893
sub-openieegDetroit096,openieeg,B29-AV,0,0.3510529398918152
sub-openieegDetroit096,openieeg,B3-AV,0,0.043358564376831
sub-openieegDetroit096,openieeg,B30-AV,0,0.1640784740447998
sub-openieegDetroit096,openieeg,B31-AV,0,0.2677841186523437
sub-openieegDetroit096,openieeg,B32-AV,0,0.0463157296180725
sub-openieegDetroit096,openieeg,B33-AV,0,0.1355441212654113
sub-openieegDetroit096,openieeg,B34-AV,0,0.0782873630523681
sub-openieegDetroit096,openieeg,B35-AV,0,0.0570899248123168
sub-openieegDetroit096,openieeg,B36-AV,0,0.1622098088264465
sub-openieegDetroit096,openieeg,B37-AV,0,0.0128931403160095
sub-openieegDetroit096,openieeg,B38-AV,0,0.0097352266311645
sub-openieegDetroit096,openieeg,B4-AV,0,0.0287808775901794
sub-openieegDetroit096,openieeg,B40-AV,0,0.053164005279541
sub-openieegDetroit096,openieeg,B41-AV,0,0.0181275010108947
sub-openieegDetroit096,openieeg,B42-AV,0,0.0401300191879272
sub-openieegDetroit096,openieeg,B44-AV,0,0.1408978104591369
sub-openieegDetroit096,openieeg,B45-AV,0,0.0465586185455322
sub-openieegDetroit096,openieeg,B46-AV,0,0.1734811067581176
sub-openieegDetroit096,openieeg,B47-AV,0,0.0405430197715759
sub-openieegDetroit096,openieeg,B48-AV,0,0.0214859843254089
sub-openieegDetroit096,openieeg,B49-AV,0,0.0239102840423584
sub-openieegDetroit096,openieeg,B5-AV,0,0.0365238785743713
sub-openieegDetroit096,openieeg,B50-AV,0,0.0155252218246459
sub-openieegDetroit096,openieeg,B51-AV,0,0.0147832632064819
sub-openieegDetroit096,openieeg,B52-AV,0,0.2632359862327575
sub-openieegDetroit096,openieeg,B53-AV,0,0.0199887752532959
sub-openieegDetroit096,openieeg,B54-AV,0,0.0899968743324279
sub-openieegDetroit096,openieeg,B55-AV,0,0.0646113753318786
sub-openieegDetroit096,openieeg,B56-AV,0,0.2113223075866699
sub-openieegDetroit096,openieeg,B57-AV,0,0.034732699394226
sub-openieegDetroit096,openieeg,B58-AV,0,0.0154441595077514
sub-openieegDetroit096,openieeg,B6-AV,0,0.1828901171684265
sub-openieegDetroit096,openieeg,B7-AV,0,0.0257530808448791
sub-openieegDetroit096,openieeg,B8-AV,0,0.2024016976356506
sub-openieegDetroit096,openieeg,B9-AV,0,0.0681522488594055
sub-openieegDetroit096,openieeg,C1-AV,0,0.0183643102645874
sub-openieegDetroit096,openieeg,C10-AV,0,0.0140911936759948
sub-openieegDetroit096,openieeg,C11-AV,0,0.0210309028625488
sub-openieegDetroit096,openieeg,C12-AV,0,0.0613389611244201
sub-openieegDetroit096,openieeg,C13-AV,0,0.0196411609649658
sub-openieegDetroit096,openieeg,C14-AV,0,0.0107321143150329
sub-openieegDetroit096,openieeg,C2-AV,0,0.0116087198257446
sub-openieegDetroit096,openieeg,C3-AV,0,0.0212359428405761
sub-openieegDetroit096,openieeg,C4-AV,0,0.0249642729759216
sub-openieegDetroit096,openieeg,C5-AV,0,0.0136923193931579
sub-openieegDetroit096,openieeg,C6-AV,0,0.0199215412139892
sub-openieegDetroit096,openieeg,C7-AV,0,0.0145240426063537
sub-openieegDetroit096,openieeg,C8-AV,0,0.0369907617568969
sub-openieegDetroit096,openieeg,C9-AV,0,0.0171629190444946
sub-openieegDetroit101,openieeg,A1-AV,0,0.0814996361732482
sub-openieegDetroit101,openieeg,A11-AV,1,0.2609940767288208
sub-openieegDetroit101,openieeg,A12-AV,0,0.5406545996665955
sub-openieegDetroit101,openieeg,A13-AV,0,0.0529496669769287
sub-openieegDetroit101,openieeg,A14-AV,0,0.1210876107215881
sub-openieegDetroit101,openieeg,A15-AV,0,0.199866771697998
sub-openieegDetroit101,openieeg,A16-AV,0,0.0233111977577209
sub-openieegDetroit101,openieeg,A17-AV,0,0.1814443469047546
sub-openieegDetroit101,openieeg,A18-AV,0,0.0412551760673522
sub-openieegDetroit101,openieeg,A19-AV,0,0.0181750655174255
sub-openieegDetroit101,openieeg,A2-AV,0,0.0622739195823669
sub-openieegDetroit101,openieeg,A20-AV,0,0.1097701787948608
sub-openieegDetroit101,openieeg,A22-AV,0,0.6766233444213867
sub-openieegDetroit101,openieeg,A23-AV,0,0.4523663520812988
sub-openieegDetroit101,openieeg,A24-AV,0,0.1361709833145141
sub-openieegDetroit101,openieeg,A25-AV,0,0.0835283398628234
sub-openieegDetroit101,openieeg,A26-AV,0,0.2492323517799377
sub-openieegDetroit101,openieeg,A27-AV,0,0.0774927735328674
sub-openieegDetroit101,openieeg,A28-AV,0,0.1420156955718994
sub-openieegDetroit101,openieeg,A29-AV,0,0.4959709644317627
sub-openieegDetroit101,openieeg,A3-AV,1,0.0616075992584228
sub-openieegDetroit101,openieeg,A30-AV,0,0.6403517127037048
sub-openieegDetroit101,openieeg,A31-AV,0,0.657245397567749
sub-openieegDetroit101,openieeg,A32-AV,0,0.5879263877868652
sub-openieegDetroit101,openieeg,A33-AV,0,0.0773699283599853
sub-openieegDetroit101,openieeg,A34-AV,0,0.358772873878479
sub-openieegDetroit101,openieeg,A35-AV,0,0.0794416666030883
sub-openieegDetroit101,openieeg,A36-AV,0,0.3307703137397766
sub-openieegDetroit101,openieeg,A37-AV,0,0.3473153114318847
sub-openieegDetroit101,openieeg,A38-AV,0,0.0558450818061828
sub-openieegDetroit101,openieeg,A39-AV,0,0.209287941455841
sub-openieegDetroit101,openieeg,A4-AV,1,0.0589185357093811
sub-openieegDetroit101,openieeg,A40-AV,0,0.6073363423347473
sub-openieegDetroit101,openieeg,A41-AV,0,0.4734057784080505
sub-openieegDetroit101,openieeg,A42-AV,0,0.1100270748138427
sub-openieegDetroit101,openieeg,A43-AV,0,0.0783182382583618
sub-openieegDetroit101,openieeg,A44-AV,0,0.0291777849197387
sub-openieegDetroit101,openieeg,A5-AV,1,0.3296393156051636
sub-openieegDetroit101,openieeg,A6-AV,1,0.3713335394859314
sub-openieegDetroit101,openieeg,A7-AV,0,0.2737410068511963
sub-openieegDetroit101,openieeg,A8-AV,0,0.2416563630104065
sub-openieegDetroit101,openieeg,B1-AV,0,0.3295613527297973
sub-openieegDetroit101,openieeg,B10-AV,0,0.4298900365829468
sub-openieegDetroit101,openieeg,B11-AV,0,0.4543608427047729
sub-openieegDetroit101,openieeg,B12-AV,0,0.2171303033828735
sub-openieegDetroit101,openieeg,B13-AV,0,0.2707910537719726
sub-openieegDetroit101,openieeg,B14-AV,0,0.1264875531196594
sub-openieegDetroit101,openieeg,B15-AV,0,0.215843379497528
sub-openieegDetroit101,openieeg,B17-AV,0,0.2108222246170044
sub-openieegDetroit101,openieeg,B18-AV,0,0.0619213581085205
sub-openieegDetroit101,openieeg,B19-AV,0,0.231406033039093
sub-openieegDetroit101,openieeg,B2-AV,0,0.0655478239059448
sub-openieegDetroit101,openieeg,B20-AV,0,0.0847055912017822
sub-openieegDetroit101,openieeg,B21-AV,0,0.2661218047142029
sub-openieegDetroit101,openieeg,B22-AV,0,0.2688127756118774
sub-openieegDetroit101,openieeg,B23-AV,0,0.5932552814483643
sub-openieegDetroit101,openieeg,B25-AV,0,0.0241835713386535
sub-openieegDetroit101,openieeg,B26-AV,0,0.182742953300476
sub-openieegDetroit101,openieeg,B27-AV,0,0.1764181852340698
sub-openieegDetroit101,openieeg,B28-AV,0,0.2922322154045105
sub-openieegDetroit101,openieeg,B29-AV,0,0.4227702021598816
sub-openieegDetroit101,openieeg,B3-AV,0,0.1333898901939392
sub-openieegDetroit101,openieeg,B30-AV,0,0.4848119616508484
sub-openieegDetroit101,openieeg,B31-AV,0,0.4398562312126159
sub-openieegDetroit101,openieeg,B33-AV,0,0.0503089427947998
sub-openieegDetroit101,openieeg,B34-AV,0,0.0505326986312866
sub-openieegDetroit101,openieeg,B35-AV,0,0.081794798374176
sub-openieegDetroit101,openieeg,B36-AV,0,0.075867474079132
sub-openieegDetroit101,openieeg,B37-AV,0,0.2200599908828735
sub-openieegDetroit101,openieeg,B38-AV,0,0.5272394418716431
sub-openieegDetroit101,openieeg,B39-AV,0,0.0415012240409851
sub-openieegDetroit101,openieeg,B4-AV,0,0.0482542514801025
sub-openieegDetroit101,openieeg,B41-AV,0,0.0822837948799133
sub-openieegDetroit101,openieeg,B42-AV,0,0.1179167032241821
sub-openieegDetroit101,openieeg,B43-AV,0,0.1966906785964965
sub-openieegDetroit101,openieeg,B44-AV,0,0.09830242395401
sub-openieegDetroit101,openieeg,B45-AV,0,0.0639825463294982
sub-openieegDetroit101,openieeg,B46-AV,0,0.1505568623542785
sub-openieegDetroit101,openieeg,B47-AV,0,0.0853709578514099
sub-openieegDetroit101,openieeg,B49-AV,0,0.1721664667129516
sub-openieegDetroit101,openieeg,B5-AV,0,0.4166954159736633
sub-openieegDetroit101,openieeg,B50-AV,0,0.0882899165153503
sub-openieegDetroit101,openieeg,B51-AV,0,0.3342794775962829
sub-openieegDetroit101,openieeg,B52-AV,0,0.0826602578163147
sub-openieegDetroit101,openieeg,B53-AV,0,0.1207267642021179
sub-openieegDetroit101,openieeg,B54-AV,0,0.0616549253463745
sub-openieegDetroit101,openieeg,B55-AV,0,0.0529966354370117
sub-openieegDetroit101,openieeg,B57-AV,0,0.3064913153648376
sub-openieegDetroit101,openieeg,B58-AV,0,0.0515024662017822
sub-openieegDetroit101,openieeg,B59-AV,0,0.0404870510101318
sub-openieegDetroit101,openieeg,B6-AV,0,0.065232515335083
sub-openieegDetroit101,openieeg,B60-AV,0,0.1214089393615722
sub-openieegDetroit101,openieeg,B61-AV,0,0.0885912179946899
sub-openieegDetroit101,openieeg,B62-AV,0,0.2565686702728271
sub-openieegDetroit101,openieeg,B63-AV,0,0.0826815962791442
sub-openieegDetroit101,openieeg,B7-AV,0,0.250953733921051
sub-openieegDetroit101,openieeg,B9-AV,0,0.1526063084602356
sub-openieegDetroit102,openieeg,A1-AV,0,0.0973805785179138
sub-openieegDetroit102,openieeg,A10-AV,0,0.4240459203720093
sub-openieegDetroit102,openieeg,A11-AV,0,0.0702553391456604
sub-openieegDetroit102,openieeg,A12-AV,0,0.0696519613265991
sub-openieegDetroit102,openieeg,A13-AV,0,0.177189826965332
sub-openieegDetroit102,openieeg,A14-AV,0,0.165496826171875
sub-openieegDetroit102,openieeg,A15-AV,0,0.0427169799804687
sub-openieegDetroit102,openieeg,A16-AV,0,0.3078010678291321
sub-openieegDetroit102,openieeg,A17-AV,0,0.202006459236145
sub-openieegDetroit102,openieeg,A18-AV,0,0.234772503376007
sub-openieegDetroit102,openieeg,A19-AV,0,0.1885687708854675
sub-openieegDetroit102,openieeg,A2-AV,0,0.023133099079132
sub-openieegDetroit102,openieeg,A20-AV,0,0.1804242134094238
sub-openieegDetroit102,openieeg,A21-AV,0,0.0728537440299987
sub-openieegDetroit102,openieeg,A22-AV,0,0.0527294874191284
sub-openieegDetroit102,openieeg,A23-AV,0,0.0410351753234863
sub-openieegDetroit102,openieeg,A24-AV,0,0.0247963666915893
sub-openieegDetroit102,openieeg,A25-AV,0,0.1450414657592773
sub-openieegDetroit102,openieeg,A26-AV,0,0.2327566742897033
sub-openieegDetroit102,openieeg,A27-AV,0,0.2314494252204895
sub-openieegDetroit102,openieeg,A28-AV,0,0.2707974910736084
sub-openieegDetroit102,openieeg,A29-AV,0,0.1256409883499145
sub-openieegDetroit102,openieeg,A3-AV,0,0.0642946362495422
sub-openieegDetroit102,openieeg,A30-AV,0,0.069638192653656
sub-openieegDetroit102,openieeg,A31-AV,0,0.1537863612174987
sub-openieegDetroit102,openieeg,A32-AV,0,0.4314008355140686
sub-openieegDetroit102,openieeg,A33-AV,0,0.1574365496635437
sub-openieegDetroit102,openieeg,A34-AV,0,0.1344388723373413
sub-openieegDetroit102,openieeg,A4-AV,0,0.2249032258987426
sub-openieegDetroit102,openieeg,A5-AV,0,0.2492836713790893
sub-openieegDetroit102,openieeg,A6-AV,0,0.0211449265480041
sub-openieegDetroit102,openieeg,A7-AV,0,0.0619882345199584
sub-openieegDetroit102,openieeg,A8-AV,0,0.1082630157470703
sub-openieegDetroit102,openieeg,A9-AV,0,0.1767281889915466
sub-openieegDetroit102,openieeg,B1-AV,0,0.0596669316291809
sub-openieegDetroit102,openieeg,B10-AV,0,0.1326433420181274
sub-openieegDetroit102,openieeg,B11-AV,0,0.0760618448257446
sub-openieegDetroit102,openieeg,B12-AV,0,0.0408745408058166
sub-openieegDetroit102,openieeg,B13-AV,0,0.0502272844314575
sub-openieegDetroit102,openieeg,B14-AV,0,0.0652854442596435
sub-openieegDetroit102,openieeg,B15-AV,0,0.0633226633071899
sub-openieegDetroit102,openieeg,B16-AV,0,0.0637106895446777
sub-openieegDetroit102,openieeg,B17-AV,0,0.2401431202888488
sub-openieegDetroit102,openieeg,B18-AV,0,0.0196110606193542
sub-openieegDetroit102,openieeg,B19-AV,0,0.0212969183921813
sub-openieegDetroit102,openieeg,B2-AV,0,0.207736849784851
sub-openieegDetroit102,openieeg,B20-AV,0,0.0728020071983337
sub-openieegDetroit102,openieeg,B21-AV,0,0.0695790648460388
sub-openieegDetroit102,openieeg,B22-AV,0,0.1478497385978698
sub-openieegDetroit102,openieeg,B23-AV,0,0.049671471118927
sub-openieegDetroit102,openieeg,B24-AV,0,0.1429706811904907
sub-openieegDetroit102,openieeg,B25-AV,0,0.2555069923400879
sub-openieegDetroit102,openieeg,B26-AV,0,0.0630739331245422
sub-openieegDetroit102,openieeg,B27-AV,0,0.1905168294906616
sub-openieegDetroit102,openieeg,B28-AV,0,0.1258791089057922
sub-openieegDetroit102,openieeg,B29-AV,1,0.2690687775611877
sub-openieegDetroit102,openieeg,B3-AV,0,0.066456913948059
sub-openieegDetroit102,openieeg,B30-AV,1,0.330596923828125
sub-openieegDetroit102,openieeg,B31-AV,0,0.2136772871017456
sub-openieegDetroit102,openieeg,B32-AV,0,0.0264161229133605
sub-openieegDetroit102,openieeg,B33-AV,0,0.3172145485877991
sub-openieegDetroit102,openieeg,B34-AV,0,0.2122525572776794
sub-openieegDetroit102,openieeg,B35-AV,0,0.3545984625816345
sub-openieegDetroit102,openieeg,B36-AV,0,0.0530889630317688
sub-openieegDetroit102,openieeg,B37-AV,0,0.0936114192008972
sub-openieegDetroit102,openieeg,B38-AV,0,0.1364005208015442
sub-openieegDetroit102,openieeg,B39-AV,0,0.4502741694450378
sub-openieegDetroit102,openieeg,B4-AV,0,0.1217751502990722
sub-openieegDetroit102,openieeg,B40-AV,0,0.0789849162101745
sub-openieegDetroit102,openieeg,B41-AV,0,0.2894949316978454
sub-openieegDetroit102,openieeg,B42-AV,0,0.0829360485076904
sub-openieegDetroit102,openieeg,B43-AV,0,0.2689528465270996
sub-openieegDetroit102,openieeg,B44-AV,0,0.0543879270553588
sub-openieegDetroit102,openieeg,B45-AV,0,0.0312752723693847
sub-openieegDetroit102,openieeg,B46-AV,0,0.0427883267402648
sub-openieegDetroit102,openieeg,B47-AV,0,0.1024785637855529
sub-openieegDetroit102,openieeg,B48-AV,0,0.0816754698753357
sub-openieegDetroit102,openieeg,B49-AV,0,0.0516531467437744
sub-openieegDetroit102,openieeg,B5-AV,0,0.1135101318359375
sub-openieegDetroit102,openieeg,B50-AV,0,0.0336357355117797
sub-openieegDetroit102,openieeg,B51-AV,0,0.0373910069465637
sub-openieegDetroit102,openieeg,B52-AV,0,0.0589607954025268
sub-openieegDetroit102,openieeg,B53-AV,0,0.1913594007492065
sub-openieegDetroit102,openieeg,B54-AV,0,0.0595298409461975
sub-openieegDetroit102,openieeg,B55-AV,0,0.0276146531105041
sub-openieegDetroit102,openieeg,B56-AV,0,0.0783742666244506
sub-openieegDetroit102,openieeg,B57-AV,0,0.0353217124938964
sub-openieegDetroit102,openieeg,B58-AV,0,0.0404449105262756
sub-openieegDetroit102,openieeg,B59-AV,0,0.0540600419044494
sub-openieegDetroit102,openieeg,B6-AV,0,0.0595816373825073
sub-openieegDetroit102,openieeg,B60-AV,0,0.3541361093521118
sub-openieegDetroit102,openieeg,B61-AV,0,0.0318550467491149
sub-openieegDetroit102,openieeg,B62-AV,0,0.2323169112205505
sub-openieegDetroit102,openieeg,B63-AV,0,0.0258963108062744
sub-openieegDetroit102,openieeg,B64-AV,0,0.1926704049110412
sub-openieegDetroit102,openieeg,B7-AV,0,0.050374150276184
sub-openieegDetroit102,openieeg,B8-AV,0,0.0663180947303772
sub-openieegDetroit102,openieeg,B9-AV,0,0.1532512903213501
sub-openieegDetroit103,openieeg,A1-AV,0,0.3879408240318298
sub-openieegDetroit103,openieeg,A10-AV,0,0.0393419861793518
sub-openieegDetroit103,openieeg,A11-AV,0,0.0368362665176391
sub-openieegDetroit103,openieeg,A12-AV,0,0.0281348824501037
sub-openieegDetroit103,openieeg,A13-AV,0,0.0326665639877319
sub-openieegDetroit103,openieeg,A14-AV,1,0.1848567724227905
sub-openieegDetroit103,openieeg,A15-AV,1,0.6636502742767334
sub-openieegDetroit103,openieeg,A16-AV,0,0.2489065527915954
sub-openieegDetroit103,openieeg,A17-AV,0,0.041761577129364
sub-openieegDetroit103,openieeg,A18-AV,0,0.0452780723571777
sub-openieegDetroit103,openieeg,A19-AV,1,0.5674139261245728
sub-openieegDetroit103,openieeg,A2-AV,0,0.2406778335571289
sub-openieegDetroit103,openieeg,A20-AV,1,0.6268321871757507
sub-openieegDetroit103,openieeg,A22-AV,0,0.0513110160827636
sub-openieegDetroit103,openieeg,A23-AV,0,0.036453902721405
sub-openieegDetroit103,openieeg,A24-AV,0,0.0592548847198486
sub-openieegDetroit103,openieeg,A25-AV,0,0.4233936667442322
sub-openieegDetroit103,openieeg,A26-AV,0,0.248171865940094
sub-openieegDetroit103,openieeg,A27-AV,0,0.0476517677307128
sub-openieegDetroit103,openieeg,A28-AV,0,0.0544403791427612
sub-openieegDetroit103,openieeg,A29-AV,0,0.0429173707962036
sub-openieegDetroit103,openieeg,A3-AV,0,0.3045833110809326
sub-openieegDetroit103,openieeg,A30-AV,0,0.0722516179084777
sub-openieegDetroit103,openieeg,A31-AV,0,0.0392493605613708
sub-openieegDetroit103,openieeg,A32-AV,0,0.0253030061721801
sub-openieegDetroit103,openieeg,A33-AV,0,0.1264055371284485
sub-openieegDetroit103,openieeg,A34-AV,0,0.259160578250885
sub-openieegDetroit103,openieeg,A35-AV,0,0.3910362720489502
sub-openieegDetroit103,openieeg,A36-AV,0,0.358639121055603
sub-openieegDetroit103,openieeg,A37-AV,0,0.3837420344352722
sub-openieegDetroit103,openieeg,A38-AV,0,0.0478991866111755
sub-openieegDetroit103,openieeg,A39-AV,0,0.2110869884490966
sub-openieegDetroit103,openieeg,A4-AV,0,0.3387508988380432
sub-openieegDetroit103,openieeg,A40-AV,0,0.0417953729629516
sub-openieegDetroit103,openieeg,A41-AV,0,0.037915825843811
sub-openieegDetroit103,openieeg,A42-AV,0,0.1721409559249878
sub-openieegDetroit103,openieeg,A43-AV,0,0.459439218044281
sub-openieegDetroit103,openieeg,A44-AV,0,0.2341088652610778
sub-openieegDetroit103,openieeg,A45-AV,0,0.4081167578697204
sub-openieegDetroit103,openieeg,A46-AV,0,0.1684077382087707
sub-openieegDetroit103,openieeg,A47-AV,0,0.3137434720993042
sub-openieegDetroit103,openieeg,A48-AV,0,0.2142980694770813
sub-openieegDetroit103,openieeg,A5-AV,0,0.1755875945091247
sub-openieegDetroit103,openieeg,A6-AV,0,0.185218334197998
sub-openieegDetroit103,openieeg,A7-AV,0,0.2629766464233398
sub-openieegDetroit103,openieeg,A8-AV,0,0.2719247341156006
sub-openieegDetroit103,openieeg,A9-AV,0,0.2283902168273925
sub-openieegDetroit103,openieeg,B1-AV,0,0.0574172139167785
sub-openieegDetroit103,openieeg,B10-AV,0,0.2916188836097717
sub-openieegDetroit103,openieeg,B11-AV,0,0.029524803161621
sub-openieegDetroit103,openieeg,B12-AV,0,0.3312900066375732
sub-openieegDetroit103,openieeg,B13-AV,0,0.3761900663375854
sub-openieegDetroit103,openieeg,B14-AV,0,0.0178268551826477
sub-openieegDetroit103,openieeg,B15-AV,0,0.0273670554161071
sub-openieegDetroit103,openieeg,B16-AV,0,0.0694206357002258
sub-openieegDetroit103,openieeg,B17-AV,0,0.0204419493675231
sub-openieegDetroit103,openieeg,B18-AV,0,0.0279529094696044
sub-openieegDetroit103,openieeg,B19-AV,0,0.2196869254112243
sub-openieegDetroit103,openieeg,B2-AV,0,0.1334966421127319
sub-openieegDetroit103,openieeg,B20-AV,0,0.1617850661277771
sub-openieegDetroit103,openieeg,B21-AV,0,0.1892674565315246
sub-openieegDetroit103,openieeg,B22-AV,0,0.0953088998794555
sub-openieegDetroit103,openieeg,B23-AV,0,0.2577162981033325
sub-openieegDetroit103,openieeg,B24-AV,0,0.1648890972137451
sub-openieegDetroit103,openieeg,B25-AV,0,0.0250614881515502
sub-openieegDetroit103,openieeg,B26-AV,0,0.1112476587295532
sub-openieegDetroit103,openieeg,B27-AV,0,0.0261979699134826
sub-openieegDetroit103,openieeg,B28-AV,0,0.1934468746185302
sub-openieegDetroit103,openieeg,B29-AV,0,0.3659614324569702
sub-openieegDetroit103,openieeg,B3-AV,0,0.0564561486244201
sub-openieegDetroit103,openieeg,B30-AV,0,0.0725288987159729
sub-openieegDetroit103,openieeg,B31-AV,0,0.3472143411636352
sub-openieegDetroit103,openieeg,B32-AV,0,0.0228928923606872
sub-openieegDetroit103,openieeg,B33-AV,0,0.0342458486557006
sub-openieegDetroit103,openieeg,B34-AV,0,0.3428404331207275
sub-openieegDetroit103,openieeg,B35-AV,0,0.0154114365577697
sub-openieegDetroit103,openieeg,B36-AV,0,0.1691062450408935
sub-openieegDetroit103,openieeg,B37-AV,0,0.0188468694686889
sub-openieegDetroit103,openieeg,B38-AV,0,0.0898700356483459
sub-openieegDetroit103,openieeg,B39-AV,0,0.2123384475708007
sub-openieegDetroit103,openieeg,B4-AV,0,0.2743538022041321
sub-openieegDetroit103,openieeg,B40-AV,0,0.1759110689163208
sub-openieegDetroit103,openieeg,B41-AV,0,0.0750141143798828
sub-openieegDetroit103,openieeg,B42-AV,0,0.192387044429779
sub-openieegDetroit103,openieeg,B43-AV,0,0.0484926104545593
sub-openieegDetroit103,openieeg,B44-AV,0,0.0790393352508544
sub-openieegDetroit103,openieeg,B46-AV,0,0.0300849676132202
sub-openieegDetroit103,openieeg,B47-AV,0,0.0908047556877136
sub-openieegDetroit103,openieeg,B48-AV,0,0.0260699987411499
sub-openieegDetroit103,openieeg,B5-AV,0,0.0241429209709167
sub-openieegDetroit103,openieeg,B50-AV,0,0.0428727269172668
sub-openieegDetroit103,openieeg,B51-AV,0,0.2533713579177856
sub-openieegDetroit103,openieeg,B52-AV,0,0.4975805878639221
sub-openieegDetroit103,openieeg,B53-AV,0,0.0203760266304016
sub-openieegDetroit103,openieeg,B54-AV,0,0.1316725015640258
sub-openieegDetroit103,openieeg,B55-AV,0,0.1056601405143737
sub-openieegDetroit103,openieeg,B56-AV,0,0.577115535736084
sub-openieegDetroit103,openieeg,B57-AV,0,0.2054416537284851
sub-openieegDetroit103,openieeg,B58-AV,0,0.2816306352615356
sub-openieegDetroit103,openieeg,B59-AV,0,0.2598005533218384
sub-openieegDetroit103,openieeg,B6-AV,0,0.0390017032623291
sub-openieegDetroit103,openieeg,B60-AV,0,0.2481346130371093
sub-openieegDetroit103,openieeg,B61-AV,0,0.024846613407135
sub-openieegDetroit103,openieeg,B62-AV,0,0.0691434144973754
sub-openieegDetroit103,openieeg,B63-AV,0,0.1225680112838745
sub-openieegDetroit103,openieeg,B64-AV,0,0.3650413155555725
sub-openieegDetroit103,openieeg,B7-AV,0,0.0351784825325012
sub-openieegDetroit103,openieeg,B8-AV,0,0.0383662581443786
sub-openieegDetroit103,openieeg,B9-AV,0,0.0400528311729431
sub-openieegDetroit103,openieeg,C1-AV,0,0.4848229885101318
sub-openieegDetroit103,openieeg,C10-AV,0,0.0178743600845336
sub-openieegDetroit103,openieeg,C11-AV,0,0.023293912410736
sub-openieegDetroit103,openieeg,C12-AV,0,0.0842326879501342
sub-openieegDetroit103,openieeg,C13-AV,0,0.028431236743927
sub-openieegDetroit103,openieeg,C14-AV,0,0.0464531779289245
sub-openieegDetroit103,openieeg,C15-AV,0,0.0434815883636474
sub-openieegDetroit103,openieeg,C16-AV,0,0.5608401298522949
sub-openieegDetroit103,openieeg,C17-AV,0,0.0316739082336425
sub-openieegDetroit103,openieeg,C18-AV,0,0.2052209973335266
sub-openieegDetroit103,openieeg,C19-AV,0,0.5076946020126343
sub-openieegDetroit103,openieeg,C2-AV,0,0.0563328862190246
sub-openieegDetroit103,openieeg,C20-AV,0,0.0393975377082824
sub-openieegDetroit103,openieeg,C3-AV,0,0.0495837330818176
sub-openieegDetroit103,openieeg,C4-AV,0,0.1283294558525085
sub-openieegDetroit103,openieeg,C5-AV,0,0.0458204746246337
sub-openieegDetroit103,openieeg,C6-AV,0,0.0212720036506652
sub-openieegDetroit103,openieeg,C7-AV,0,0.1284839510917663
sub-openieegDetroit103,openieeg,C8-AV,0,0.12561696767807
sub-openieegDetroit103,openieeg,C9-AV,0,0.1270066499710083
sub-openieegDetroit104,openieeg,A1-AV,0,0.0922062397003173
sub-openieegDetroit104,openieeg,A11-AV,0,0.0346107482910156
sub-openieegDetroit104,openieeg,A12-AV,0,0.2992097735404968
sub-openieegDetroit104,openieeg,A13-AV,1,0.1988963484764099
sub-openieegDetroit104,openieeg,A14-AV,1,0.0516170859336853
sub-openieegDetroit104,openieeg,A16-AV,0,0.2759131789207458
sub-openieegDetroit104,openieeg,A17-AV,0,0.4890750050544739
sub-openieegDetroit104,openieeg,A18-AV,1,0.334314227104187
sub-openieegDetroit104,openieeg,A19-AV,1,0.047408640384674
sub-openieegDetroit104,openieeg,A2-AV,0,0.4072387218475342
sub-openieegDetroit104,openieeg,A20-AV,0,0.1059664487838745
sub-openieegDetroit104,openieeg,A21-AV,0,0.0545160174369812
sub-openieegDetroit104,openieeg,A22-AV,0,0.18976491689682
sub-openieegDetroit104,openieeg,A23-AV,0,0.1667699217796325
sub-openieegDetroit104,openieeg,A24-AV,0,0.4947587847709656
sub-openieegDetroit104,openieeg,A25-AV,0,0.0788474678993225
sub-openieegDetroit104,openieeg,A26-AV,1,0.0903792381286621
sub-openieegDetroit104,openieeg,A28-AV,0,0.3873687386512756
sub-openieegDetroit104,openieeg,A29-AV,0,0.377354085445404
sub-openieegDetroit104,openieeg,A3-AV,0,0.0710017681121826
sub-openieegDetroit104,openieeg,A30-AV,0,0.224882960319519
sub-openieegDetroit104,openieeg,A31-AV,0,0.5056308507919312
sub-openieegDetroit104,openieeg,A32-AV,0,0.3672850728034973
sub-openieegDetroit104,openieeg,A34-AV,0,0.1855239868164062
sub-openieegDetroit104,openieeg,A35-AV,0,0.3707156777381897
sub-openieegDetroit104,openieeg,A36-AV,0,0.0371550917625427
sub-openieegDetroit104,openieeg,A37-AV,0,0.219995379447937
sub-openieegDetroit104,openieeg,A38-AV,0,0.0622447729110717
sub-openieegDetroit104,openieeg,A39-AV,0,0.0980100035667419
sub-openieegDetroit104,openieeg,A4-AV,0,0.1113069057464599
sub-openieegDetroit104,openieeg,A40-AV,0,0.1128387451171875
sub-openieegDetroit104,openieeg,A5-AV,0,0.0341808199882507
sub-openieegDetroit104,openieeg,A6-AV,0,0.0446723103523254
sub-openieegDetroit104,openieeg,A7-AV,0,0.0497363805770874
sub-openieegDetroit104,openieeg,A9-AV,0,0.5227962732315063
sub-openieegDetroit104,openieeg,B1-AV,0,0.050216257572174
sub-openieegDetroit104,openieeg,B10-AV,0,0.1050555109977722
sub-openieegDetroit104,openieeg,B15-AV,0,0.048307180404663
sub-openieegDetroit104,openieeg,B16-AV,0,0.5244802236557007
sub-openieegDetroit104,openieeg,B17-AV,0,0.0284503698348999
sub-openieegDetroit104,openieeg,B18-AV,0,0.217423677444458
sub-openieegDetroit104,openieeg,B2-AV,0,0.031288206577301
sub-openieegDetroit104,openieeg,B20-AV,0,0.0499199628829956
sub-openieegDetroit104,openieeg,B21-AV,0,0.0150821805000305
sub-openieegDetroit104,openieeg,B22-AV,0,0.1800004243850708
sub-openieegDetroit104,openieeg,B23-AV,0,0.2886664271354675
sub-openieegDetroit104,openieeg,B24-AV,0,0.0902531147003173
sub-openieegDetroit104,openieeg,B25-AV,0,0.0492582917213439
sub-openieegDetroit104,openieeg,B26-AV,0,0.186073362827301
sub-openieegDetroit104,openieeg,B27-AV,0,0.2646417617797851
sub-openieegDetroit104,openieeg,B28-AV,0,0.036616027355194
sub-openieegDetroit104,openieeg,B29-AV,0,0.147907555103302
sub-openieegDetroit104,openieeg,B3-AV,0,0.0562233328819274
sub-openieegDetroit104,openieeg,B30-AV,0,0.4023422598838806
sub-openieegDetroit104,openieeg,B31-AV,0,0.5245745182037354
sub-openieegDetroit104,openieeg,B32-AV,0,0.2308616042137146
sub-openieegDetroit104,openieeg,B33-AV,0,0.0307539701461792
sub-openieegDetroit104,openieeg,B34-AV,0,0.0397896170616149
sub-openieegDetroit104,openieeg,B35-AV,0,0.0483231544494628
sub-openieegDetroit104,openieeg,B36-AV,0,0.0258344411849975
sub-openieegDetroit104,openieeg,B37-AV,0,0.2344940900802612
sub-openieegDetroit104,openieeg,B38-AV,0,0.4900201559066772
sub-openieegDetroit104,openieeg,B39-AV,0,0.0797080993652343
sub-openieegDetroit104,openieeg,B4-AV,0,0.1500931978225708
sub-openieegDetroit104,openieeg,B40-AV,0,0.0570325851440429
sub-openieegDetroit104,openieeg,B41-AV,0,0.1691755056381225
sub-openieegDetroit104,openieeg,B42-AV,0,0.0774068832397461
sub-openieegDetroit104,openieeg,B44-AV,0,0.0180516242980957
sub-openieegDetroit104,openieeg,B45-AV,0,0.0381591916084289
sub-openieegDetroit104,openieeg,B46-AV,0,0.0532846450805664
sub-openieegDetroit104,openieeg,B47-AV,0,0.0625927448272705
sub-openieegDetroit104,openieeg,B48-AV,0,0.0269279479980468
sub-openieegDetroit104,openieeg,B49-AV,0,0.0538593530654907
sub-openieegDetroit104,openieeg,B5-AV,0,0.0825036168098449
sub-openieegDetroit104,openieeg,B50-AV,0,0.0835586786270141
sub-openieegDetroit104,openieeg,B51-AV,0,0.2312402725219726
sub-openieegDetroit104,openieeg,B52-AV,0,0.0811262726783752
sub-openieegDetroit104,openieeg,B53-AV,0,0.0398979783058166
sub-openieegDetroit104,openieeg,B54-AV,0,0.1472672820091247
sub-openieegDetroit104,openieeg,B55-AV,0,0.0475925207138061
sub-openieegDetroit104,openieeg,B56-AV,0,0.1570038795471191
sub-openieegDetroit104,openieeg,B58-AV,0,0.0426137447357177
sub-openieegDetroit104,openieeg,B59-AV,0,0.2214241623878479
sub-openieegDetroit104,openieeg,B6-AV,0,0.1801258325576782
sub-openieegDetroit104,openieeg,B60-AV,0,0.3050553202629089
sub-openieegDetroit104,openieeg,B61-AV,0,0.0758283734321594
sub-openieegDetroit104,openieeg,B62-AV,1,0.0197082161903381
sub-openieegDetroit104,openieeg,B7-AV,0,0.0426837801933288
sub-openieegDetroit104,openieeg,B8-AV,0,0.3195430040359497
sub-openieegDetroit106,openieeg,A1-AV,0,0.1378389596939087
sub-openieegDetroit106,openieeg,A10-AV,0,0.1362983584403991
sub-openieegDetroit106,openieeg,A11-AV,0,0.0698224902153015
sub-openieegDetroit106,openieeg,A12-AV,0,0.0480718612670898
sub-openieegDetroit106,openieeg,A13-AV,0,0.4894531965255737
sub-openieegDetroit106,openieeg,A14-AV,0,0.3294540047645569
sub-openieegDetroit106,openieeg,A15-AV,0,0.0287765860557556
sub-openieegDetroit106,openieeg,A16-AV,0,0.0563883781433105
sub-openieegDetroit106,openieeg,A18-AV,0,0.203775405883789
sub-openieegDetroit106,openieeg,A19-AV,0,0.5731246471405029
sub-openieegDetroit106,openieeg,A2-AV,0,0.0730947852134704
sub-openieegDetroit106,openieeg,A20-AV,0,0.569789469242096
sub-openieegDetroit106,openieeg,A21-AV,0,0.553102970123291
sub-openieegDetroit106,openieeg,A22-AV,0,0.6810376644134521
sub-openieegDetroit106,openieeg,A24-AV,0,0.6630301475524902
sub-openieegDetroit106,openieeg,A25-AV,0,0.5461645126342773
sub-openieegDetroit106,openieeg,A26-AV,0,0.2123178839683532
sub-openieegDetroit106,openieeg,A27-AV,0,0.3748700022697449
sub-openieegDetroit106,openieeg,A28-AV,1,0.3062147498130798
sub-openieegDetroit106,openieeg,A29-AV,1,0.6167992949485779
sub-openieegDetroit106,openieeg,A3-AV,0,0.0598247051239013
sub-openieegDetroit106,openieeg,A30-AV,1,0.5392863750457764
sub-openieegDetroit106,openieeg,A31-AV,1,0.4154441356658935
sub-openieegDetroit106,openieeg,A32-AV,1,0.6696866154670715
sub-openieegDetroit106,openieeg,A33-AV,1,0.7312554717063904
sub-openieegDetroit106,openieeg,A34-AV,1,0.7345026731491089
sub-openieegDetroit106,openieeg,A35-AV,0,0.4946882724761963
sub-openieegDetroit106,openieeg,A37-AV,1,0.6125530004501343
sub-openieegDetroit106,openieeg,A38-AV,1,0.2711080312728882
sub-openieegDetroit106,openieeg,A39-AV,1,0.5081319808959961
sub-openieegDetroit106,openieeg,A4-AV,0,0.1941059827804565
sub-openieegDetroit106,openieeg,A40-AV,1,0.2741682529449463
sub-openieegDetroit106,openieeg,A41-AV,1,0.7022216320037842
sub-openieegDetroit106,openieeg,A43-AV,1,0.2829967141151428
sub-openieegDetroit106,openieeg,A45-AV,1,0.710512638092041
sub-openieegDetroit106,openieeg,A46-AV,1,0.7035388946533203
sub-openieegDetroit106,openieeg,A47-AV,0,0.2078903317451477
sub-openieegDetroit106,openieeg,A48-AV,0,0.4175840020179748
sub-openieegDetroit106,openieeg,A49-AV,0,0.2705740928649902
sub-openieegDetroit106,openieeg,A5-AV,0,0.2016388773918151
sub-openieegDetroit106,openieeg,A50-AV,0,0.235205590724945
sub-openieegDetroit106,openieeg,A51-AV,0,0.0456409454345703
sub-openieegDetroit106,openieeg,A52-AV,0,0.109759509563446
sub-openieegDetroit106,openieeg,A53-AV,0,0.346604585647583
sub-openieegDetroit106,openieeg,A54-AV,0,0.0686644911766052
sub-openieegDetroit106,openieeg,A55-AV,0,0.2695052027702331
sub-openieegDetroit106,openieeg,A56-AV,0,0.4980480074882507
sub-openieegDetroit106,openieeg,A57-AV,0,0.1542670130729675
sub-openieegDetroit106,openieeg,A58-AV,0,0.1556171774864196
sub-openieegDetroit106,openieeg,A59-AV,0,0.0407007336616516
sub-openieegDetroit106,openieeg,A6-AV,0,0.1813453435897827
sub-openieegDetroit106,openieeg,A61-AV,0,0.1676936745643615
sub-openieegDetroit106,openieeg,A62-AV,0,0.1193329691886901
sub-openieegDetroit106,openieeg,A63-AV,0,0.1136838793754577
sub-openieegDetroit106,openieeg,A64-AV,0,0.108219027519226
sub-openieegDetroit106,openieeg,A7-AV,0,0.3557438254356384
sub-openieegDetroit106,openieeg,A8-AV,0,0.0124100446701049
sub-openieegDetroit106,openieeg,A9-AV,0,0.362813651561737
sub-openieegDetroit106,openieeg,B1-AV,0,0.0251120328903198
sub-openieegDetroit106,openieeg,B10-AV,0,0.1639152765274047
sub-openieegDetroit106,openieeg,B11-AV,0,0.0261659026145935
sub-openieegDetroit106,openieeg,B12-AV,0,0.0893701910972595
sub-openieegDetroit106,openieeg,B13-AV,0,0.0500847101211547
sub-openieegDetroit106,openieeg,B14-AV,0,0.233733594417572
sub-openieegDetroit106,openieeg,B15-AV,0,0.1116306185722351
sub-openieegDetroit106,openieeg,B16-AV,0,0.4233527779579162
sub-openieegDetroit106,openieeg,B18-AV,0,0.1355873942375183
sub-openieegDetroit106,openieeg,B19-AV,0,0.2595677971839905
sub-openieegDetroit106,openieeg,B2-AV,0,0.0564481616020202
sub-openieegDetroit106,openieeg,B20-AV,0,0.1037523746490478
sub-openieegDetroit106,openieeg,B21-AV,0,0.1049628257751464
sub-openieegDetroit106,openieeg,B22-AV,0,0.1350694894790649
sub-openieegDetroit106,openieeg,B23-AV,0,0.0451769828796386
sub-openieegDetroit106,openieeg,B24-AV,0,0.0834985971450805
sub-openieegDetroit106,openieeg,B25-AV,0,0.0460854768753051
sub-openieegDetroit106,openieeg,B26-AV,0,0.0302509069442749
sub-openieegDetroit106,openieeg,B27-AV,0,0.710557222366333
sub-openieegDetroit106,openieeg,B28-AV,0,0.0315503478050231
sub-openieegDetroit106,openieeg,B29-AV,0,0.2865486145019531
sub-openieegDetroit106,openieeg,B3-AV,0,0.0206042528152465
sub-openieegDetroit106,openieeg,B30-AV,0,0.1172564029693603
sub-openieegDetroit106,openieeg,B31-AV,0,0.2376117706298828
sub-openieegDetroit106,openieeg,B32-AV,0,0.0407590866088867
sub-openieegDetroit106,openieeg,B33-AV,0,0.0832747817039489
sub-openieegDetroit106,openieeg,B34-AV,0,0.2831679582595825
sub-openieegDetroit106,openieeg,B35-AV,0,0.6457845568656921
sub-openieegDetroit106,openieeg,B36-AV,0,0.0461789369583129
sub-openieegDetroit106,openieeg,B37-AV,0,0.5580604672431946
sub-openieegDetroit106,openieeg,B38-AV,0,0.3211839199066162
sub-openieegDetroit106,openieeg,B39-AV,0,0.0590388178825378
sub-openieegDetroit106,openieeg,B4-AV,0,0.4662635326385498
sub-openieegDetroit106,openieeg,B40-AV,0,0.0604534745216369
sub-openieegDetroit106,openieeg,B41-AV,0,0.3714714050292969
sub-openieegDetroit106,openieeg,B42-AV,0,0.1910386681556701
sub-openieegDetroit106,openieeg,B43-AV,0,0.3471202850341797
sub-openieegDetroit106,openieeg,B44-AV,0,0.0395931005477905
sub-openieegDetroit106,openieeg,B45-AV,0,0.3979318737983703
sub-openieegDetroit106,openieeg,B46-AV,0,0.121847927570343
sub-openieegDetroit106,openieeg,B47-AV,0,0.0405654311180114
sub-openieegDetroit106,openieeg,B48-AV,0,0.0300847291946411
sub-openieegDetroit106,openieeg,B49-AV,0,0.7303404808044434
sub-openieegDetroit106,openieeg,B5-AV,0,0.2540655136108398
sub-openieegDetroit106,openieeg,B50-AV,0,0.555764377117157
sub-openieegDetroit106,openieeg,B51-AV,0,0.0639767050743103
sub-openieegDetroit106,openieeg,B52-AV,0,0.0611034035682678
sub-openieegDetroit106,openieeg,B53-AV,0,0.0609147548675537
sub-openieegDetroit106,openieeg,B54-AV,0,0.0397477746009826
sub-openieegDetroit106,openieeg,B55-AV,0,0.0190275907516479
sub-openieegDetroit106,openieeg,B56-AV,0,0.0305216908454895
sub-openieegDetroit106,openieeg,B57-AV,1,0.4971137046813965
sub-openieegDetroit106,openieeg,B58-AV,1,0.5287196040153503
sub-openieegDetroit106,openieeg,B59-AV,0,0.0370426177978515
sub-openieegDetroit106,openieeg,B6-AV,0,0.5985286831855774
sub-openieegDetroit106,openieeg,B60-AV,0,0.0312802791595459
sub-openieegDetroit106,openieeg,B61-AV,0,0.0991672873497009
sub-openieegDetroit106,openieeg,B62-AV,0,0.0133867859840393
sub-openieegDetroit106,openieeg,B63-AV,0,0.1548367142677307
sub-openieegDetroit106,openieeg,B64-AV,0,0.0742588639259338
sub-openieegDetroit106,openieeg,B7-AV,0,0.1273410320281982
sub-openieegDetroit106,openieeg,B8-AV,0,0.1116291284561157
sub-openieegDetroit106,openieeg,B9-AV,0,0.0293298363685607
sub-openieegDetroit109,openieeg,A1-AV,0,0.0196410417556762
sub-openieegDetroit109,openieeg,A10-AV,1,0.1519850492477417
sub-openieegDetroit109,openieeg,A11-AV,0,0.2267835736274719
sub-openieegDetroit109,openieeg,A12-AV,0,0.6141105890274048
sub-openieegDetroit109,openieeg,A13-AV,0,0.1916196942329406
sub-openieegDetroit109,openieeg,A14-AV,0,0.017388641834259
sub-openieegDetroit109,openieeg,A15-AV,0,0.0386198759078979
sub-openieegDetroit109,openieeg,A16-AV,0,0.1664039492607116
sub-openieegDetroit109,openieeg,A17-AV,0,0.0387482047080993
sub-openieegDetroit109,openieeg,A18-AV,0,0.0662156343460083
sub-openieegDetroit109,openieeg,A19-AV,1,0.3507670164108276
sub-openieegDetroit109,openieeg,A2-AV,0,0.0407962799072265
sub-openieegDetroit109,openieeg,A20-AV,1,0.2452734112739563
sub-openieegDetroit109,openieeg,A21-AV,0,0.2564378380775451
sub-openieegDetroit109,openieeg,A22-AV,0,0.0351675748825073
sub-openieegDetroit109,openieeg,A23-AV,0,0.0156212449073791
sub-openieegDetroit109,openieeg,A24-AV,0,0.0101159811019897
sub-openieegDetroit109,openieeg,A25-AV,0,0.0114929676055908
sub-openieegDetroit109,openieeg,A26-AV,0,0.0546010732650756
sub-openieegDetroit109,openieeg,A27-AV,0,0.2572293877601623
sub-openieegDetroit109,openieeg,A28-AV,0,0.0485755205154418
sub-openieegDetroit109,openieeg,A29-AV,0,0.1714736819267273
sub-openieegDetroit109,openieeg,A3-AV,0,0.0117477774620056
sub-openieegDetroit109,openieeg,A30-AV,0,0.2274900674819946
sub-openieegDetroit109,openieeg,A31-AV,0,0.3925046324729919
sub-openieegDetroit109,openieeg,A32-AV,0,0.0784820914268493
sub-openieegDetroit109,openieeg,A33-AV,0,0.0726585984230041
sub-openieegDetroit109,openieeg,A34-AV,0,0.1950973272323608
sub-openieegDetroit109,openieeg,A35-AV,0,0.1791943907737732
sub-openieegDetroit109,openieeg,A36-AV,0,0.0157157182693481
sub-openieegDetroit109,openieeg,A37-AV,0,0.0212365984916687
sub-openieegDetroit109,openieeg,A38-AV,0,0.024785041809082
sub-openieegDetroit109,openieeg,A39-AV,0,0.0300020575523376
sub-openieegDetroit109,openieeg,A4-AV,1,0.1735731363296508
sub-openieegDetroit109,openieeg,A40-AV,0,0.0160417556762695
sub-openieegDetroit109,openieeg,A41-AV,0,0.3794392347335815
sub-openieegDetroit109,openieeg,A42-AV,0,0.2284876704216003
sub-openieegDetroit109,openieeg,A43-AV,0,0.0123659372329711
sub-openieegDetroit109,openieeg,A44-AV,0,0.0124750137329101
sub-openieegDetroit109,openieeg,A45-AV,0,0.0171563625335693
sub-openieegDetroit109,openieeg,A46-AV,0,0.1674716472625732
sub-openieegDetroit109,openieeg,A47-AV,0,0.0564081668853759
sub-openieegDetroit109,openieeg,A48-AV,0,0.2781891822814941
sub-openieegDetroit109,openieeg,A49-AV,0,0.2316609621047973
sub-openieegDetroit109,openieeg,A5-AV,1,0.2179377079010009
sub-openieegDetroit109,openieeg,A50-AV,0,0.0104674100875854
sub-openieegDetroit109,openieeg,A51-AV,0,0.0501436591148376
sub-openieegDetroit109,openieeg,A52-AV,0,0.0594172477722168
sub-openieegDetroit109,openieeg,A53-AV,0,0.0207528471946716
sub-openieegDetroit109,openieeg,A54-AV,0,0.0538755655288696
sub-openieegDetroit109,openieeg,A55-AV,0,0.310981273651123
sub-openieegDetroit109,openieeg,A56-AV,0,0.1756274700164795
sub-openieegDetroit109,openieeg,A6-AV,0,0.031378149986267
sub-openieegDetroit109,openieeg,A7-AV,0,0.0369077920913696
sub-openieegDetroit109,openieeg,A8-AV,0,0.0231884121894836
sub-openieegDetroit109,openieeg,A9-AV,1,0.2583324313163757
sub-openieegDetroit112,openieeg,A1-AV,0,0.180840790271759
sub-openieegDetroit112,openieeg,A13-AV,1,0.6407284736633301
sub-openieegDetroit112,openieeg,A14-AV,1,0.1129611134529113
sub-openieegDetroit112,openieeg,A15-AV,1,0.7206058502197266
sub-openieegDetroit112,openieeg,A16-AV,1,0.6809412837028503
sub-openieegDetroit112,openieeg,A17-AV,0,0.0277497768402099
sub-openieegDetroit112,openieeg,A18-AV,0,0.0202851891517639
sub-openieegDetroit112,openieeg,A19-AV,1,0.7122100591659546
sub-openieegDetroit112,openieeg,A2-AV,0,0.0148561596870422
sub-openieegDetroit112,openieeg,A20-AV,1,0.8056827187538147
sub-openieegDetroit112,openieeg,A21-AV,0,0.2624188065528869
sub-openieegDetroit112,openieeg,A22-AV,0,0.2167127728462219
sub-openieegDetroit112,openieeg,A23-AV,0,0.0722669959068298
sub-openieegDetroit112,openieeg,A24-AV,1,0.0325698852539062
sub-openieegDetroit112,openieeg,A25-AV,1,0.1791008114814758
sub-openieegDetroit112,openieeg,A26-AV,1,0.3642593622207641
sub-openieegDetroit112,openieeg,A27-AV,1,0.2223141193389892
sub-openieegDetroit112,openieeg,A28-AV,1,0.8114704489707947
sub-openieegDetroit112,openieeg,A3-AV,0,0.0123559832572937
sub-openieegDetroit112,openieeg,A30-AV,0,0.0999959111213684
sub-openieegDetroit112,openieeg,A31-AV,0,0.3512380719184875
sub-openieegDetroit112,openieeg,A32-AV,0,0.6904634833335876
sub-openieegDetroit112,openieeg,A33-AV,0,0.446174681186676
sub-openieegDetroit112,openieeg,A34-AV,1,0.761123776435852
sub-openieegDetroit112,openieeg,A35-AV,1,0.7813957929611206
sub-openieegDetroit112,openieeg,A36-AV,1,0.3459711670875549
sub-openieegDetroit112,openieeg,A37-AV,1,0.2401409745216369
sub-openieegDetroit112,openieeg,A38-AV,1,0.0194673538208007
sub-openieegDetroit112,openieeg,A39-AV,1,0.7369509935379028
sub-openieegDetroit112,openieeg,A4-AV,0,0.1150351762771606
sub-openieegDetroit112,openieeg,A40-AV,1,0.7560385465621948
sub-openieegDetroit112,openieeg,A41-AV,1,0.3411857485771179
sub-openieegDetroit112,openieeg,A42-AV,1,0.4152993559837341
sub-openieegDetroit112,openieeg,A43-AV,0,0.5425916314125061
sub-openieegDetroit112,openieeg,A44-AV,0,0.2387837171554565
sub-openieegDetroit112,openieeg,A5-AV,0,0.0651243925094604
sub-openieegDetroit112,openieeg,A6-AV,0,0.0554469227790832
sub-openieegDetroit112,openieeg,A7-AV,0,0.0203387737274169
sub-openieegDetroit112,openieeg,A8-AV,0,0.0289137959480285
sub-openieegDetroit112,openieeg,A9-AV,0,0.0214977264404296
sub-openieegDetroit112,openieeg,B1-AV,0,0.0170398950576782
sub-openieegDetroit112,openieeg,B10-AV,0,0.0163953900337219
sub-openieegDetroit112,openieeg,B11-AV,0,0.0285499691963195
sub-openieegDetroit112,openieeg,B12-AV,0,0.0254368185997009
sub-openieegDetroit112,openieeg,B13-AV,0,0.024732768535614
sub-openieegDetroit112,openieeg,B14-AV,0,0.0196694731712341
sub-openieegDetroit112,openieeg,B15-AV,0,0.0414206981658935
sub-openieegDetroit112,openieeg,B16-AV,0,0.0518121123313903
sub-openieegDetroit112,openieeg,B17-AV,0,0.0655419826507568
sub-openieegDetroit112,openieeg,B18-AV,0,0.0175164937973022
sub-openieegDetroit112,openieeg,B19-AV,0,0.0253505706787109
sub-openieegDetroit112,openieeg,B2-AV,0,0.0219532847404479
sub-openieegDetroit112,openieeg,B20-AV,0,0.0272272229194641
sub-openieegDetroit112,openieeg,B21-AV,0,0.0352895259857177
sub-openieegDetroit112,openieeg,B22-AV,0,0.0225907564163208
sub-openieegDetroit112,openieeg,B23-AV,0,0.0230455994606018
sub-openieegDetroit112,openieeg,B24-AV,0,0.0922703146934509
sub-openieegDetroit112,openieeg,B25-AV,0,0.0228803753852844
sub-openieegDetroit112,openieeg,B26-AV,0,0.0269393324851989
sub-openieegDetroit112,openieeg,B27-AV,0,0.0363175272941589
sub-openieegDetroit112,openieeg,B28-AV,0,0.0380899310111999
sub-openieegDetroit112,openieeg,B29-AV,0,0.4557132720947265
sub-openieegDetroit112,openieeg,B3-AV,0,0.0246861577033996
sub-openieegDetroit112,openieeg,B30-AV,0,0.2141675949096679
sub-openieegDetroit112,openieeg,B31-AV,0,0.6520794630050659
sub-openieegDetroit112,openieeg,B32-AV,0,0.4527273178100586
sub-openieegDetroit112,openieeg,B33-AV,0,0.0246558785438537
sub-openieegDetroit112,openieeg,B34-AV,0,0.1084488034248352
sub-openieegDetroit112,openieeg,B35-AV,0,0.0311159491539001
sub-openieegDetroit112,openieeg,B36-AV,0,0.2232745885848999
sub-openieegDetroit112,openieeg,B37-AV,0,0.5288714170455933
sub-openieegDetroit112,openieeg,B38-AV,0,0.0438877344131469
sub-openieegDetroit112,openieeg,B39-AV,0,0.7464622259140015
sub-openieegDetroit112,openieeg,B4-AV,0,0.0225272178649902
sub-openieegDetroit112,openieeg,B41-AV,0,0.0573140382766723
sub-openieegDetroit112,openieeg,B42-AV,0,0.4750062227249145
sub-openieegDetroit112,openieeg,B43-AV,0,0.6890011429786682
sub-openieegDetroit112,openieeg,B44-AV,0,0.469976544380188
sub-openieegDetroit112,openieeg,B45-AV,0,0.084053099155426
sub-openieegDetroit112,openieeg,B46-AV,0,0.3997552394866943
sub-openieegDetroit112,openieeg,B47-AV,0,0.8001934289932251
sub-openieegDetroit112,openieeg,B49-AV,0,0.0180389881134033
sub-openieegDetroit112,openieeg,B5-AV,0,0.2705056071281433
sub-openieegDetroit112,openieeg,B50-AV,0,0.0767309665679931
sub-openieegDetroit112,openieeg,B51-AV,0,0.5781428217887878
sub-openieegDetroit112,openieeg,B52-AV,0,0.5764232873916626
sub-openieegDetroit112,openieeg,B53-AV,0,0.1614693999290466
sub-openieegDetroit112,openieeg,B54-AV,1,0.6964519023895264
sub-openieegDetroit112,openieeg,B55-AV,1,0.8211634755134583
sub-openieegDetroit112,openieeg,B56-AV,1,0.6683069467544556
sub-openieegDetroit112,openieeg,B57-AV,0,0.0326817631721496
sub-openieegDetroit112,openieeg,B58-AV,0,0.0231050252914428
sub-openieegDetroit112,openieeg,B59-AV,0,0.014968991279602
sub-openieegDetroit112,openieeg,B6-AV,0,0.0229211449623107
sub-openieegDetroit112,openieeg,B60-AV,1,0.1482769846916198
sub-openieegDetroit112,openieeg,B61-AV,1,0.3781854510307312
sub-openieegDetroit112,openieeg,B62-AV,1,0.6534620523452759
sub-openieegDetroit112,openieeg,B63-AV,1,0.6504764556884766
sub-openieegDetroit112,openieeg,B64-AV,1,0.1751869320869445
sub-openieegDetroit112,openieeg,B7-AV,0,0.0195199251174926
sub-openieegDetroit112,openieeg,B8-AV,0,0.0132637619972229
sub-openieegDetroit112,openieeg,B9-AV,0,0.0638489723205566
sub-openieegDetroit114,openieeg,A1-AV,0,0.0562524199485778
sub-openieegDetroit114,openieeg,A10-AV,0,0.0256996750831604
sub-openieegDetroit114,openieeg,A11-AV,0,0.0376315116882324
sub-openieegDetroit114,openieeg,A12-AV,0,0.0367588400840759
sub-openieegDetroit114,openieeg,A13-AV,0,0.0153121352195739
sub-openieegDetroit114,openieeg,A14-AV,0,0.0118314623832702
sub-openieegDetroit114,openieeg,A15-AV,0,0.0121195912361145
sub-openieegDetroit114,openieeg,A16-AV,0,0.0134397745132446
sub-openieegDetroit114,openieeg,A17-AV,0,0.0126198530197143
sub-openieegDetroit114,openieeg,A18-AV,0,0.0183607339859008
sub-openieegDetroit114,openieeg,A19-AV,0,0.0413219928741455
sub-openieegDetroit114,openieeg,A2-AV,0,0.0178629755973815
sub-openieegDetroit114,openieeg,A20-AV,0,0.0183777809143066
sub-openieegDetroit114,openieeg,A21-AV,0,0.0174618363380432
sub-openieegDetroit114,openieeg,A22-AV,0,0.0178887248039245
sub-openieegDetroit114,openieeg,A23-AV,0,0.0264616608619689
sub-openieegDetroit114,openieeg,A24-AV,0,0.026012897491455
sub-openieegDetroit114,openieeg,A25-AV,0,0.0186306238174438
sub-openieegDetroit114,openieeg,A26-AV,0,0.0245686769485473
sub-openieegDetroit114,openieeg,A27-AV,0,0.0172868967056274
sub-openieegDetroit114,openieeg,A28-AV,0,0.0276017785072326
sub-openieegDetroit114,openieeg,A3-AV,0,0.1018576622009277
sub-openieegDetroit114,openieeg,A30-AV,0,0.0193836688995361
sub-openieegDetroit114,openieeg,A31-AV,0,0.0204861164093017
sub-openieegDetroit114,openieeg,A32-AV,0,0.0195630192756652
sub-openieegDetroit114,openieeg,A33-AV,0,0.0138202309608459
sub-openieegDetroit114,openieeg,A34-AV,0,0.0322721004486084
sub-openieegDetroit114,openieeg,A35-AV,0,0.6878461837768555
sub-openieegDetroit114,openieeg,A36-AV,0,0.4440592527389526
sub-openieegDetroit114,openieeg,A37-AV,0,0.2772247791290283
sub-openieegDetroit114,openieeg,A38-AV,0,0.1761537790298462
sub-openieegDetroit114,openieeg,A39-AV,0,0.0396735668182373
sub-openieegDetroit114,openieeg,A4-AV,0,0.0149536728858947
sub-openieegDetroit114,openieeg,A40-AV,0,0.0499725937843322
sub-openieegDetroit114,openieeg,A41-AV,0,0.6577790975570679
sub-openieegDetroit114,openieeg,A42-AV,0,0.01274174451828
sub-openieegDetroit114,openieeg,A43-AV,0,0.2082892060279846
sub-openieegDetroit114,openieeg,A44-AV,0,0.6505773067474365
sub-openieegDetroit114,openieeg,A45-AV,1,0.8158363103866577
sub-openieegDetroit114,openieeg,A46-AV,1,0.7964528203010559
sub-openieegDetroit114,openieeg,A47-AV,0,0.5594507455825806
sub-openieegDetroit114,openieeg,A48-AV,0,0.1224879622459411
sub-openieegDetroit114,openieeg,A49-AV,0,0.0260857343673706
sub-openieegDetroit114,openieeg,A5-AV,0,0.0588912963867187
sub-openieegDetroit114,openieeg,A50-AV,0,0.0167683362960815
sub-openieegDetroit114,openieeg,A51-AV,0,0.0523943305015563
sub-openieegDetroit114,openieeg,A52-AV,0,0.8215964436531067
sub-openieegDetroit114,openieeg,A53-AV,1,0.8138101100921631
sub-openieegDetroit114,openieeg,A54-AV,1,0.812289297580719
sub-openieegDetroit114,openieeg,A55-AV,0,0.7977756857872009
sub-openieegDetroit114,openieeg,A56-AV,0,0.8207030892372131
sub-openieegDetroit114,openieeg,A57-AV,0,0.2078046798706054
sub-openieegDetroit114,openieeg,A58-AV,0,0.300791323184967
sub-openieegDetroit114,openieeg,A59-AV,0,0.0900221467018127
sub-openieegDetroit114,openieeg,A6-AV,0,0.4563811421394348
sub-openieegDetroit114,openieeg,A7-AV,0,0.649713397026062
sub-openieegDetroit114,openieeg,A8-AV,0,0.6865227222442627
sub-openieegDetroit114,openieeg,A9-AV,0,0.0189092755317688
sub-openieegDetroit114,openieeg,B1-AV,0,0.014761209487915
sub-openieegDetroit114,openieeg,B10-AV,0,0.1298223137855529
sub-openieegDetroit114,openieeg,B11-AV,0,0.0317847728729248
sub-openieegDetroit114,openieeg,B12-AV,0,0.683300256729126
sub-openieegDetroit114,openieeg,B13-AV,0,0.8257015943527222
sub-openieegDetroit114,openieeg,B14-AV,0,0.825262725353241
sub-openieegDetroit114,openieeg,B15-AV,0,0.7623366117477417
sub-openieegDetroit114,openieeg,B16-AV,0,0.4195906519889831
sub-openieegDetroit114,openieeg,B17-AV,0,0.017593502998352
sub-openieegDetroit114,openieeg,B18-AV,0,0.066992163658142
sub-openieegDetroit114,openieeg,B19-AV,0,0.3212721347808838
sub-openieegDetroit114,openieeg,B2-AV,0,0.1331464052200317
sub-openieegDetroit114,openieeg,B20-AV,0,0.1732957363128662
sub-openieegDetroit114,openieeg,B21-AV,0,0.7380907535552979
sub-openieegDetroit114,openieeg,B22-AV,1,0.7737900614738464
sub-openieegDetroit114,openieeg,B23-AV,0,0.765418291091919
sub-openieegDetroit114,openieeg,B24-AV,0,0.5088897943496704
sub-openieegDetroit114,openieeg,B25-AV,0,0.6230331659317017
sub-openieegDetroit114,openieeg,B26-AV,0,0.2603939771652221
sub-openieegDetroit114,openieeg,B27-AV,0,0.1248658299446106
sub-openieegDetroit114,openieeg,B28-AV,0,0.3229063749313354
sub-openieegDetroit114,openieeg,B29-AV,1,0.7218992710113525
sub-openieegDetroit114,openieeg,B3-AV,0,0.3910713195800781
sub-openieegDetroit114,openieeg,B30-AV,0,0.6591723561286926
sub-openieegDetroit114,openieeg,B31-AV,0,0.6382197141647339
sub-openieegDetroit114,openieeg,B32-AV,0,0.0372169017791748
sub-openieegDetroit114,openieeg,B33-AV,0,0.0498679876327514
sub-openieegDetroit114,openieeg,B34-AV,0,0.0172059535980224
sub-openieegDetroit114,openieeg,B35-AV,0,0.0240006446838378
sub-openieegDetroit114,openieeg,B36-AV,0,0.0158033967018127
sub-openieegDetroit114,openieeg,B37-AV,0,0.0210346579551696
sub-openieegDetroit114,openieeg,B38-AV,0,0.0123860836029052
sub-openieegDetroit114,openieeg,B39-AV,0,0.014912724494934
sub-openieegDetroit114,openieeg,B4-AV,0,0.3826253414154053
sub-openieegDetroit114,openieeg,B40-AV,0,0.0168796777725219
sub-openieegDetroit114,openieeg,B5-AV,0,0.7986308336257935
sub-openieegDetroit114,openieeg,B6-AV,0,0.8166964054107666
sub-openieegDetroit114,openieeg,B7-AV,0,0.7991123199462891
sub-openieegDetroit114,openieeg,B8-AV,0,0.3971378207206726
sub-openieegDetroit114,openieeg,B9-AV,0,0.1838755011558532
sub-openieegDetroit118,openieeg,A1-AV,0,0.0245380401611328
sub-openieegDetroit118,openieeg,A10-AV,0,0.0331904888153076
sub-openieegDetroit118,openieeg,A11-AV,0,0.0100454092025756
sub-openieegDetroit118,openieeg,A13-AV,0,0.0460157990455627
sub-openieegDetroit118,openieeg,A14-AV,0,0.0251119136810302
sub-openieegDetroit118,openieeg,A15-AV,0,0.0164852142333984
sub-openieegDetroit118,openieeg,A16-AV,0,0.0186390280723571
sub-openieegDetroit118,openieeg,A17-AV,0,0.1364263296127319
sub-openieegDetroit118,openieeg,A18-AV,0,0.0366448163986206
sub-openieegDetroit118,openieeg,A19-AV,0,0.0248699188232421
sub-openieegDetroit118,openieeg,A2-AV,0,0.044817566871643
sub-openieegDetroit118,openieeg,A20-AV,0,0.0539895892143249
sub-openieegDetroit118,openieeg,A21-AV,0,0.0114932060241699
sub-openieegDetroit118,openieeg,A22-AV,0,0.0167346000671386
sub-openieegDetroit118,openieeg,A23-AV,0,0.0268893241882324
sub-openieegDetroit118,openieeg,A24-AV,0,0.0186255574226379
sub-openieegDetroit118,openieeg,A25-AV,0,0.0238531231880188
sub-openieegDetroit118,openieeg,A26-AV,0,0.1693413853645324
sub-openieegDetroit118,openieeg,A27-AV,0,0.0999286770820617
sub-openieegDetroit118,openieeg,A28-AV,0,0.0278082489967346
sub-openieegDetroit118,openieeg,A29-AV,0,0.0695327520370483
sub-openieegDetroit118,openieeg,A3-AV,0,0.1085515618324279
sub-openieegDetroit118,openieeg,A30-AV,0,0.0276131629943847
sub-openieegDetroit118,openieeg,A31-AV,0,0.0235657691955566
sub-openieegDetroit118,openieeg,A32-AV,0,0.0190613269805908
sub-openieegDetroit118,openieeg,A33-AV,0,0.1174163818359375
sub-openieegDetroit118,openieeg,A34-AV,0,0.104491651058197
sub-openieegDetroit118,openieeg,A35-AV,0,0.0174818634986877
sub-openieegDetroit118,openieeg,A36-AV,0,0.1886732578277588
sub-openieegDetroit118,openieeg,A37-AV,0,0.0647462606430053
sub-openieegDetroit118,openieeg,A38-AV,0,0.140932559967041
sub-openieegDetroit118,openieeg,A39-AV,0,0.3847255110740661
sub-openieegDetroit118,openieeg,A4-AV,1,0.5642935037612915
sub-openieegDetroit118,openieeg,A40-AV,0,0.5225163102149963
sub-openieegDetroit118,openieeg,A41-AV,0,0.6275447607040405
sub-openieegDetroit118,openieeg,A42-AV,0,0.6385875940322876
sub-openieegDetroit118,openieeg,A43-AV,0,0.1746497750282287
sub-openieegDetroit118,openieeg,A44-AV,0,0.1038891673088073
sub-openieegDetroit118,openieeg,A45-AV,0,0.2729838490486145
sub-openieegDetroit118,openieeg,A46-AV,0,0.5128960609436035
sub-openieegDetroit118,openieeg,A47-AV,0,0.2499628067016601
sub-openieegDetroit118,openieeg,A48-AV,0,0.2254596352577209
sub-openieegDetroit118,openieeg,A49-AV,0,0.6645845174789429
sub-openieegDetroit118,openieeg,A5-AV,1,0.4811152219772339
sub-openieegDetroit118,openieeg,A50-AV,0,0.3423394560813904
sub-openieegDetroit118,openieeg,A51-AV,0,0.2006147503852844
sub-openieegDetroit118,openieeg,A52-AV,0,0.0531883835792541
sub-openieegDetroit118,openieeg,A53-AV,0,0.0417852401733398
sub-openieegDetroit118,openieeg,A54-AV,0,0.2697800993919372
sub-openieegDetroit118,openieeg,A6-AV,0,0.126554250717163
sub-openieegDetroit118,openieeg,A7-AV,0,0.6121596693992615
sub-openieegDetroit118,openieeg,A8-AV,0,0.1122553348541259
sub-openieegDetroit118,openieeg,A9-AV,0,0.2030710577964782
sub-openieegDetroit118,openieeg,B1-AV,0,0.0151942372322082
sub-openieegDetroit118,openieeg,B10-AV,0,0.5169478058815002
sub-openieegDetroit118,openieeg,B11-AV,0,0.4383728504180908
sub-openieegDetroit118,openieeg,B12-AV,0,0.5525883436203003
sub-openieegDetroit118,openieeg,B13-AV,0,0.1887587308883667
sub-openieegDetroit118,openieeg,B14-AV,0,0.1174102425575256
sub-openieegDetroit118,openieeg,B15-AV,1,0.49892657995224
sub-openieegDetroit118,openieeg,B17-AV,0,0.0648185014724731
sub-openieegDetroit118,openieeg,B18-AV,0,0.2411025762557983
sub-openieegDetroit118,openieeg,B19-AV,0,0.365466296672821
sub-openieegDetroit118,openieeg,B2-AV,0,0.5669467449188232
sub-openieegDetroit118,openieeg,B20-AV,0,0.0232045650482177
sub-openieegDetroit118,openieeg,B21-AV,0,0.239486813545227
sub-openieegDetroit118,openieeg,B22-AV,0,0.5181800127029419
sub-openieegDetroit118,openieeg,B23-AV,1,0.6145405173301697
sub-openieegDetroit118,openieeg,B24-AV,1,0.6272289156913757
sub-openieegDetroit118,openieeg,B25-AV,0,0.1808031797409057
sub-openieegDetroit118,openieeg,B26-AV,0,0.0198409557342529
sub-openieegDetroit118,openieeg,B27-AV,0,0.0955464243888855
sub-openieegDetroit118,openieeg,B28-AV,0,0.3514430522918701
sub-openieegDetroit118,openieeg,B29-AV,0,0.0507134199142456
sub-openieegDetroit118,openieeg,B3-AV,0,0.1106601953506469
sub-openieegDetroit118,openieeg,B30-AV,0,0.0591455698013305
sub-openieegDetroit118,openieeg,B31-AV,0,0.1311690211296081
sub-openieegDetroit118,openieeg,B32-AV,0,0.1114590764045715
sub-openieegDetroit118,openieeg,B33-AV,0,0.2785705924034118
sub-openieegDetroit118,openieeg,B34-AV,0,0.0525664687156677
sub-openieegDetroit118,openieeg,B35-AV,0,0.0327305197715759
sub-openieegDetroit118,openieeg,B36-AV,0,0.0269861817359924
sub-openieegDetroit118,openieeg,B37-AV,0,0.0902099609375
sub-openieegDetroit118,openieeg,B38-AV,0,0.2167532444000244
sub-openieegDetroit118,openieeg,B39-AV,0,0.1215502023696899
sub-openieegDetroit118,openieeg,B4-AV,0,0.4902619123458862
sub-openieegDetroit118,openieeg,B40-AV,0,0.2018740177154541
sub-openieegDetroit118,openieeg,B41-AV,0,0.0199559330940246
sub-openieegDetroit118,openieeg,B42-AV,0,0.031866431236267
sub-openieegDetroit118,openieeg,B43-AV,0,0.092467188835144
sub-openieegDetroit118,openieeg,B44-AV,0,0.0213909745216369
sub-openieegDetroit118,openieeg,B45-AV,0,0.0342724323272705
sub-openieegDetroit118,openieeg,B46-AV,0,0.0583705306053161
sub-openieegDetroit118,openieeg,B47-AV,0,0.2720504403114319
sub-openieegDetroit118,openieeg,B48-AV,0,0.0524055957794189
sub-openieegDetroit118,openieeg,B49-AV,0,0.2855685949325561
sub-openieegDetroit118,openieeg,B5-AV,0,0.4557060003280639
sub-openieegDetroit118,openieeg,B50-AV,0,0.388236939907074
sub-openieegDetroit118,openieeg,B51-AV,0,0.025698184967041
sub-openieegDetroit118,openieeg,B52-AV,0,0.0238175392150878
sub-openieegDetroit118,openieeg,B53-AV,0,0.0589950680732727
sub-openieegDetroit118,openieeg,B54-AV,0,0.2206997871398925
sub-openieegDetroit118,openieeg,B55-AV,0,0.1051191091537475
sub-openieegDetroit118,openieeg,B56-AV,0,0.3969424962997436
sub-openieegDetroit118,openieeg,B57-AV,0,0.1324813961982727
sub-openieegDetroit118,openieeg,B58-AV,0,0.1428086757659912
sub-openieegDetroit118,openieeg,B59-AV,0,0.0219017267227172
sub-openieegDetroit118,openieeg,B6-AV,0,0.0767337083816528
sub-openieegDetroit118,openieeg,B60-AV,0,0.2426680326461792
sub-openieegDetroit118,openieeg,B61-AV,0,0.1666911244392395
sub-openieegDetroit118,openieeg,B62-AV,0,0.1909435391426086
sub-openieegDetroit118,openieeg,B63-AV,0,0.1764945387840271
sub-openieegDetroit118,openieeg,B64-AV,0,0.3523505926132202
sub-openieegDetroit118,openieeg,B7-AV,1,0.4834949374198913
sub-openieegDetroit118,openieeg,B8-AV,1,0.598682165145874
sub-openieegDetroit118,openieeg,B9-AV,0,0.3132381439208984
sub-openieegDetroit121,openieeg,A1-AV,0,0.03212571144104
sub-openieegDetroit121,openieeg,A10-AV,0,0.0969945788383483
sub-openieegDetroit121,openieeg,A11-AV,0,0.4071109294891357
sub-openieegDetroit121,openieeg,A12-AV,0,0.0614005327224731
sub-openieegDetroit121,openieeg,A13-AV,0,0.0843527317047119
sub-openieegDetroit121,openieeg,A14-AV,0,0.0820583701133728
sub-openieegDetroit121,openieeg,A15-AV,0,0.039769172668457
sub-openieegDetroit121,openieeg,A16-AV,0,0.4171963930130005
sub-openieegDetroit121,openieeg,A17-AV,0,0.0135926008224487
sub-openieegDetroit121,openieeg,A18-AV,0,0.0138163566589355
sub-openieegDetroit121,openieeg,A19-AV,0,0.0209061503410339
sub-openieegDetroit121,openieeg,A2-AV,0,0.0286979079246521
sub-openieegDetroit121,openieeg,A20-AV,0,0.0576542019844055
sub-openieegDetroit121,openieeg,A21-AV,0,0.0714823603630065
sub-openieegDetroit121,openieeg,A22-AV,0,0.1522179841995239
sub-openieegDetroit121,openieeg,A23-AV,0,0.0938604474067688
sub-openieegDetroit121,openieeg,A24-AV,0,0.3149412274360657
sub-openieegDetroit121,openieeg,A25-AV,0,0.0123531818389892
sub-openieegDetroit121,openieeg,A26-AV,0,0.0162413716316223
sub-openieegDetroit121,openieeg,A27-AV,0,0.0231063961982727
sub-openieegDetroit121,openieeg,A28-AV,0,0.0266263484954834
sub-openieegDetroit121,openieeg,A29-AV,0,0.0213860869407653
sub-openieegDetroit121,openieeg,A3-AV,0,0.0258809328079223
sub-openieegDetroit121,openieeg,A30-AV,0,0.0319944024085998
sub-openieegDetroit121,openieeg,A31-AV,0,0.0202320218086242
sub-openieegDetroit121,openieeg,A33-AV,0,0.2075586915016174
sub-openieegDetroit121,openieeg,A34-AV,0,0.0152675509452819
sub-openieegDetroit121,openieeg,A35-AV,0,0.0200096368789672
sub-openieegDetroit121,openieeg,A36-AV,0,0.072569191455841
sub-openieegDetroit121,openieeg,A37-AV,0,0.0513782501220703
sub-openieegDetroit121,openieeg,A38-AV,0,0.065085232257843
sub-openieegDetroit121,openieeg,A39-AV,0,0.0470587015151977
sub-openieegDetroit121,openieeg,A4-AV,0,0.0524598360061645
sub-openieegDetroit121,openieeg,A40-AV,0,0.1962193846702575
sub-openieegDetroit121,openieeg,A41-AV,0,0.0313776135444641
sub-openieegDetroit121,openieeg,A42-AV,0,0.0221226811408996
sub-openieegDetroit121,openieeg,A43-AV,0,0.5235117673873901
sub-openieegDetroit121,openieeg,A44-AV,0,0.2264272570610046
sub-openieegDetroit121,openieeg,A45-AV,0,0.3189324736595154
sub-openieegDetroit121,openieeg,A46-AV,0,0.0317116975784301
sub-openieegDetroit121,openieeg,A47-AV,0,0.7396137118339539
sub-openieegDetroit121,openieeg,A48-AV,0,0.4876672029495239
sub-openieegDetroit121,openieeg,A49-AV,0,0.0522931814193725
sub-openieegDetroit121,openieeg,A5-AV,0,0.0306613445281982
sub-openieegDetroit121,openieeg,A50-AV,0,0.0171045064926147
sub-openieegDetroit121,openieeg,A51-AV,0,0.0213727355003356
sub-openieegDetroit121,openieeg,A52-AV,0,0.0238158702850341
sub-openieegDetroit121,openieeg,A53-AV,0,0.0291633605957031
sub-openieegDetroit121,openieeg,A54-AV,0,0.1641382575035095
sub-openieegDetroit121,openieeg,A55-AV,0,0.3971798419952392
sub-openieegDetroit121,openieeg,A56-AV,0,0.4146272540092468
sub-openieegDetroit121,openieeg,A57-AV,0,0.0164151191711425
sub-openieegDetroit121,openieeg,A58-AV,0,0.0150622725486755
sub-openieegDetroit121,openieeg,A59-AV,0,0.0169776082038879
sub-openieegDetroit121,openieeg,A6-AV,0,0.0206806063652038
sub-openieegDetroit121,openieeg,A60-AV,0,0.0197684168815612
sub-openieegDetroit121,openieeg,A61-AV,0,0.0126973390579223
sub-openieegDetroit121,openieeg,A62-AV,0,0.0150926113128662
sub-openieegDetroit121,openieeg,A63-AV,0,0.3917909264564514
sub-openieegDetroit121,openieeg,A64-AV,0,0.7126908898353577
sub-openieegDetroit121,openieeg,A7-AV,0,0.0238671898841857
sub-openieegDetroit121,openieeg,A8-AV,0,0.1495915055274963
sub-openieegDetroit121,openieeg,A9-AV,0,0.5567852258682251
sub-openieegDetroit121,openieeg,B1-AV,0,0.0399496555328369
sub-openieegDetroit121,openieeg,B10-AV,0,0.5581234693527222
sub-openieegDetroit121,openieeg,B11-AV,0,0.7364687919616699
sub-openieegDetroit121,openieeg,B12-AV,0,0.6442861557006836
sub-openieegDetroit121,openieeg,B13-AV,0,0.5173133611679077
sub-openieegDetroit121,openieeg,B14-AV,0,0.0230622291564941
sub-openieegDetroit121,openieeg,B15-AV,0,0.0175947546958923
sub-openieegDetroit121,openieeg,B16-AV,0,0.3821107149124145
sub-openieegDetroit121,openieeg,B17-AV,0,0.2137510776519775
sub-openieegDetroit121,openieeg,B18-AV,0,0.6460492610931396
sub-openieegDetroit121,openieeg,B19-AV,0,0.5304463505744934
sub-openieegDetroit121,openieeg,B2-AV,0,0.036510169506073
sub-openieegDetroit121,openieeg,B20-AV,0,0.3068800568580627
sub-openieegDetroit121,openieeg,B21-AV,0,0.0195509791374206
sub-openieegDetroit121,openieeg,B22-AV,0,0.0177569389343261
sub-openieegDetroit121,openieeg,B23-AV,0,0.0197527408599853
sub-openieegDetroit121,openieeg,B24-AV,0,0.0567332506179809
sub-openieegDetroit121,openieeg,B25-AV,0,0.0390418767929077
sub-openieegDetroit121,openieeg,B26-AV,0,0.0395427346229553
sub-openieegDetroit121,openieeg,B29-AV,0,0.6927682161331177
sub-openieegDetroit121,openieeg,B3-AV,0,0.0320873260498046
sub-openieegDetroit121,openieeg,B30-AV,0,0.4241494536399841
sub-openieegDetroit121,openieeg,B31-AV,0,0.3436398506164551
sub-openieegDetroit121,openieeg,B32-AV,0,0.4982210993766784
sub-openieegDetroit121,openieeg,B33-AV,0,0.0650681257247924
sub-openieegDetroit121,openieeg,B34-AV,0,0.5619935989379883
sub-openieegDetroit121,openieeg,B35-AV,0,0.0167039036750793
sub-openieegDetroit121,openieeg,B36-AV,0,0.5456463098526001
sub-openieegDetroit121,openieeg,B38-AV,0,0.7624351978302002
sub-openieegDetroit121,openieeg,B39-AV,0,0.2219755053520202
sub-openieegDetroit121,openieeg,B4-AV,0,0.0495461225509643
sub-openieegDetroit121,openieeg,B40-AV,0,0.5068717002868652
sub-openieegDetroit121,openieeg,B41-AV,0,0.3570428490638733
sub-openieegDetroit121,openieeg,B42-AV,0,0.6265619993209839
sub-openieegDetroit121,openieeg,B43-AV,0,0.150825023651123
sub-openieegDetroit121,openieeg,B44-AV,0,0.5576633214950562
sub-openieegDetroit121,openieeg,B45-AV,0,0.626689076423645
sub-openieegDetroit121,openieeg,B46-AV,0,0.7505859732627869
sub-openieegDetroit121,openieeg,B47-AV,0,0.7267196774482727
sub-openieegDetroit121,openieeg,B48-AV,0,0.5991531610488892
sub-openieegDetroit121,openieeg,B49-AV,0,0.7165607213973999
sub-openieegDetroit121,openieeg,B50-AV,0,0.2967970967292785
sub-openieegDetroit121,openieeg,B51-AV,1,0.7417199015617371
sub-openieegDetroit121,openieeg,B52-AV,1,0.7647700309753418
sub-openieegDetroit121,openieeg,B53-AV,0,0.7394484281539917
sub-openieegDetroit121,openieeg,B54-AV,0,0.4040161371231079
sub-openieegDetroit121,openieeg,B55-AV,0,0.6689732074737549
sub-openieegDetroit121,openieeg,B56-AV,0,0.5430992245674133
sub-openieegDetroit121,openieeg,B57-AV,0,0.6765824556350708
sub-openieegDetroit121,openieeg,B58-AV,0,0.5383780002593994
sub-openieegDetroit121,openieeg,B59-AV,1,0.6077154874801636
sub-openieegDetroit121,openieeg,B60-AV,1,0.7049266695976257
sub-openieegDetroit121,openieeg,B7-AV,0,0.0250060558319091
sub-openieegDetroit121,openieeg,B8-AV,0,0.0262008309364318
sub-openieegDetroit121,openieeg,B9-AV,0,0.1484640836715698
sub-openieegDetroit123,openieeg,A10-AV,0,0.0157796144485473
sub-openieegDetroit123,openieeg,A13-AV,1,0.4307542443275451
sub-openieegDetroit123,openieeg,A14-AV,1,0.7168399095535278
sub-openieegDetroit123,openieeg,A15-AV,0,0.5717971324920654
sub-openieegDetroit123,openieeg,A16-AV,0,0.6680513620376587
sub-openieegDetroit123,openieeg,A17-AV,0,0.6327964067459106
sub-openieegDetroit123,openieeg,A18-AV,0,0.2068464159965515
sub-openieegDetroit123,openieeg,A19-AV,1,0.6534818410873413
sub-openieegDetroit123,openieeg,A2-AV,0,0.0378500819206237
sub-openieegDetroit123,openieeg,A20-AV,0,0.3256352543830871
sub-openieegDetroit123,openieeg,A21-AV,0,0.0192341804504394
sub-openieegDetroit123,openieeg,A22-AV,0,0.0277033448219299
sub-openieegDetroit123,openieeg,A23-AV,0,0.0468493700027465
sub-openieegDetroit123,openieeg,A24-AV,0,0.0356244444847106
sub-openieegDetroit123,openieeg,A25-AV,0,0.0292015671730041
sub-openieegDetroit123,openieeg,A26-AV,0,0.1871686577796936
sub-openieegDetroit123,openieeg,A27-AV,0,0.0195943117141723
sub-openieegDetroit123,openieeg,A28-AV,0,0.0171211957931518
sub-openieegDetroit123,openieeg,A29-AV,0,0.014703094959259
sub-openieegDetroit123,openieeg,A3-AV,0,0.0108360052108764
sub-openieegDetroit123,openieeg,A30-AV,0,0.0127854347229003
sub-openieegDetroit123,openieeg,A31-AV,0,0.0380491018295288
sub-openieegDetroit123,openieeg,A32-AV,0,0.0388569235801696
sub-openieegDetroit123,openieeg,A33-AV,0,0.6255049705505371
sub-openieegDetroit123,openieeg,A34-AV,0,0.50664222240448
sub-openieegDetroit123,openieeg,A35-AV,0,0.4947203397750854
sub-openieegDetroit123,openieeg,A36-AV,0,0.4083709716796875
sub-openieegDetroit123,openieeg,A37-AV,0,0.0159961581230163
sub-openieegDetroit123,openieeg,A38-AV,0,0.2137194871902465
sub-openieegDetroit123,openieeg,A39-AV,0,0.0130436420440673
sub-openieegDetroit123,openieeg,A4-AV,0,0.0351712703704834
sub-openieegDetroit123,openieeg,A40-AV,0,0.0204426050186157
sub-openieegDetroit123,openieeg,A41-AV,0,0.0454656481742858
sub-openieegDetroit123,openieeg,A42-AV,0,0.2276486158370971
sub-openieegDetroit123,openieeg,A43-AV,0,0.0992981791496276
sub-openieegDetroit123,openieeg,A44-AV,0,0.0112090110778808
sub-openieegDetroit123,openieeg,A45-AV,0,0.0148440599441528
sub-openieegDetroit123,openieeg,A46-AV,0,0.0386337637901306
sub-openieegDetroit123,openieeg,A5-AV,0,0.0403019785881042
sub-openieegDetroit123,openieeg,A6-AV,0,0.0211021900177001
sub-openieegDetroit123,openieeg,A7-AV,0,0.0185202956199646
sub-openieegDetroit123,openieeg,A8-AV,0,0.0265256166458129
sub-openieegDetroit123,openieeg,A9-AV,0,0.0108818411827087
sub-openieegDetroit123,openieeg,B1-AV,0,0.169532835483551
sub-openieegDetroit123,openieeg,B10-AV,0,0.1953858137130737
sub-openieegDetroit123,openieeg,B11-AV,0,0.062541663646698
sub-openieegDetroit123,openieeg,B12-AV,0,0.0997037291526794
sub-openieegDetroit123,openieeg,B13-AV,0,0.2839202284812927
sub-openieegDetroit123,openieeg,B14-AV,0,0.7224742770195007
sub-openieegDetroit123,openieeg,B15-AV,0,0.6104949116706848
sub-openieegDetroit123,openieeg,B16-AV,0,0.5019786357879639
sub-openieegDetroit123,openieeg,B17-AV,0,0.0090657472610473
sub-openieegDetroit123,openieeg,B18-AV,0,0.0113305449485778
sub-openieegDetroit123,openieeg,B19-AV,0,0.1653029918670654
sub-openieegDetroit123,openieeg,B2-AV,0,0.0134039521217346
sub-openieegDetroit123,openieeg,B20-AV,0,0.1464319825172424
sub-openieegDetroit123,openieeg,B21-AV,0,0.0798220634460449
sub-openieegDetroit123,openieeg,B22-AV,0,0.6259499788284302
sub-openieegDetroit123,openieeg,B23-AV,0,0.4152520895004272
sub-openieegDetroit123,openieeg,B24-AV,0,0.345444917678833
sub-openieegDetroit123,openieeg,B25-AV,0,0.0181511640548706
sub-openieegDetroit123,openieeg,B26-AV,0,0.012177288532257
sub-openieegDetroit123,openieeg,B27-AV,0,0.2790679931640625
sub-openieegDetroit123,openieeg,B28-AV,0,0.0185744762420654
sub-openieegDetroit123,openieeg,B29-AV,0,0.1881377100944519
sub-openieegDetroit123,openieeg,B3-AV,0,0.1150585412979126
sub-openieegDetroit123,openieeg,B30-AV,0,0.2507396340370178
sub-openieegDetroit123,openieeg,B31-AV,0,0.0847463607788086
sub-openieegDetroit123,openieeg,B32-AV,0,0.1108677387237548
sub-openieegDetroit123,openieeg,B33-AV,0,0.0135713219642639
sub-openieegDetroit123,openieeg,B34-AV,0,0.0335020422935485
sub-openieegDetroit123,openieeg,B35-AV,0,0.0160039067268371
sub-openieegDetroit123,openieeg,B36-AV,0,0.0936972498893737
sub-openieegDetroit123,openieeg,B37-AV,0,0.577963650226593
sub-openieegDetroit123,openieeg,B38-AV,0,0.04453045129776
sub-openieegDetroit123,openieeg,B39-AV,0,0.4256767630577087
sub-openieegDetroit123,openieeg,B4-AV,0,0.3716905117034912
sub-openieegDetroit123,openieeg,B40-AV,0,0.0390380024909973
sub-openieegDetroit123,openieeg,B42-AV,0,0.025162398815155
sub-openieegDetroit123,openieeg,B43-AV,0,0.4642777442932129
sub-openieegDetroit123,openieeg,B44-AV,0,0.497351586818695
sub-openieegDetroit123,openieeg,B45-AV,0,0.0272503495216369
sub-openieegDetroit123,openieeg,B46-AV,0,0.0438058376312255
sub-openieegDetroit123,openieeg,B47-AV,0,0.3996101021766662
sub-openieegDetroit123,openieeg,B48-AV,0,0.2090862989425659
sub-openieegDetroit123,openieeg,B49-AV,0,0.3206572532653808
sub-openieegDetroit123,openieeg,B5-AV,0,0.1062469482421875
sub-openieegDetroit123,openieeg,B50-AV,0,0.5613083839416504
sub-openieegDetroit123,openieeg,B51-AV,0,0.126515507698059
sub-openieegDetroit123,openieeg,B52-AV,0,0.2524638772010803
sub-openieegDetroit123,openieeg,B53-AV,0,0.6152058839797974
sub-openieegDetroit123,openieeg,B54-AV,0,0.0909810066223144
sub-openieegDetroit123,openieeg,B55-AV,0,0.3318169713020324
sub-openieegDetroit123,openieeg,B56-AV,0,0.0859657526016235
sub-openieegDetroit123,openieeg,B57-AV,0,0.1689444184303283
sub-openieegDetroit123,openieeg,B58-AV,0,0.1724231839179992
sub-openieegDetroit123,openieeg,B59-AV,0,0.0470139980316162
sub-openieegDetroit123,openieeg,B6-AV,0,0.4301153421401977
sub-openieegDetroit123,openieeg,B60-AV,0,0.0386325120925903
sub-openieegDetroit123,openieeg,B61-AV,0,0.196104347705841
sub-openieegDetroit123,openieeg,B62-AV,0,0.3123525977134704
sub-openieegDetroit123,openieeg,B63-AV,0,0.2374340295791626
sub-openieegDetroit123,openieeg,B64-AV,0,0.0089934468269348
sub-openieegDetroit123,openieeg,B7-AV,0,0.6154035329818726
sub-openieegDetroit123,openieeg,B8-AV,0,0.4418131709098816
sub-openieegDetroit123,openieeg,B9-AV,0,0.0799689292907714
sub-openieegDetroit126,openieeg,A1-AV,0,0.2710405588150024
sub-openieegDetroit126,openieeg,A10-AV,0,0.076608657836914
sub-openieegDetroit126,openieeg,A11-AV,0,0.0083393454551696
sub-openieegDetroit126,openieeg,A12-AV,0,0.0073635578155517
sub-openieegDetroit126,openieeg,A14-AV,0,0.0821853876113891
sub-openieegDetroit126,openieeg,A15-AV,0,0.2169498205184936
sub-openieegDetroit126,openieeg,A16-AV,0,0.096041738986969
sub-openieegDetroit126,openieeg,A17-AV,0,0.0084523558616638
sub-openieegDetroit126,openieeg,A19-AV,0,0.0212092399597167
sub-openieegDetroit126,openieeg,A2-AV,0,0.5463970899581909
sub-openieegDetroit126,openieeg,A20-AV,0,0.1727155447006225
sub-openieegDetroit126,openieeg,A21-AV,0,0.3992465138435364
sub-openieegDetroit126,openieeg,A22-AV,0,0.0543881058692932
sub-openieegDetroit126,openieeg,A23-AV,0,0.0115292072296142
sub-openieegDetroit126,openieeg,A25-AV,0,0.0347545742988586
sub-openieegDetroit126,openieeg,A26-AV,0,0.2743669748306274
sub-openieegDetroit126,openieeg,A27-AV,0,0.538966953754425
sub-openieegDetroit126,openieeg,A28-AV,0,0.045556902885437
sub-openieegDetroit126,openieeg,A29-AV,0,0.0217185616493225
sub-openieegDetroit126,openieeg,A3-AV,0,0.0389672517776489
sub-openieegDetroit126,openieeg,A30-AV,0,0.3804990649223327
sub-openieegDetroit126,openieeg,A31-AV,0,0.748017430305481
sub-openieegDetroit126,openieeg,A32-AV,0,0.6832468509674072
sub-openieegDetroit126,openieeg,A33-AV,0,0.2584695816040039
sub-openieegDetroit126,openieeg,A34-AV,0,0.0075597763061523
sub-openieegDetroit126,openieeg,A35-AV,0,0.4451995491981506
sub-openieegDetroit126,openieeg,A36-AV,0,0.0098240971565246
sub-openieegDetroit126,openieeg,A37-AV,0,0.0097111463546752
sub-openieegDetroit126,openieeg,A38-AV,0,0.0064877867698669
sub-openieegDetroit126,openieeg,A39-AV,0,0.0068958401679992
sub-openieegDetroit126,openieeg,A4-AV,0,0.1791347861289978
sub-openieegDetroit126,openieeg,A40-AV,0,0.0079790949821472
sub-openieegDetroit126,openieeg,A41-AV,0,0.0085301995277404
sub-openieegDetroit126,openieeg,A42-AV,0,0.0074079036712646
sub-openieegDetroit126,openieeg,A43-AV,0,0.006155252456665
sub-openieegDetroit126,openieeg,A44-AV,0,0.1246570944786071
sub-openieegDetroit126,openieeg,A45-AV,0,0.1490911245346069
sub-openieegDetroit126,openieeg,A46-AV,0,0.0153197646141052
sub-openieegDetroit126,openieeg,A47-AV,0,0.1324318051338195
sub-openieegDetroit126,openieeg,A48-AV,0,0.198066234588623
sub-openieegDetroit126,openieeg,A49-AV,0,0.2247502207756042
sub-openieegDetroit126,openieeg,A5-AV,0,0.1394169926643371
sub-openieegDetroit126,openieeg,A50-AV,0,0.0774999856948852
sub-openieegDetroit126,openieeg,A51-AV,0,0.3503654599189758
sub-openieegDetroit126,openieeg,A52-AV,0,0.3353572487831116
sub-openieegDetroit126,openieeg,A53-AV,0,0.3544942736625671
sub-openieegDetroit126,openieeg,A54-AV,0,0.3975909352302551
sub-openieegDetroit126,openieeg,A55-AV,0,0.1530022025108337
sub-openieegDetroit126,openieeg,A56-AV,0,0.0364945530891418
sub-openieegDetroit126,openieeg,A6-AV,0,0.3331984281539917
sub-openieegDetroit126,openieeg,A7-AV,0,0.0526182055473327
sub-openieegDetroit126,openieeg,A8-AV,0,0.0621148347854614
sub-openieegDetroit126,openieeg,A9-AV,0,0.0372514724731445
sub-openieegDetroit126,openieeg,B1-AV,0,0.0077876448631286
sub-openieegDetroit126,openieeg,B10-AV,0,0.00690758228302
sub-openieegDetroit126,openieeg,B11-AV,0,0.0211520195007324
sub-openieegDetroit126,openieeg,B12-AV,0,0.081756591796875
sub-openieegDetroit126,openieeg,B13-AV,0,0.0092408657073974
sub-openieegDetroit126,openieeg,B14-AV,0,0.092262327671051
sub-openieegDetroit126,openieeg,B15-AV,0,0.0070587396621704
sub-openieegDetroit126,openieeg,B16-AV,0,0.0424293875694274
sub-openieegDetroit126,openieeg,B17-AV,0,0.0073527097702026
sub-openieegDetroit126,openieeg,B18-AV,0,0.0161238312721252
sub-openieegDetroit126,openieeg,B19-AV,0,0.0073639750480651
sub-openieegDetroit126,openieeg,B2-AV,0,0.0069571733474731
sub-openieegDetroit126,openieeg,B20-AV,0,0.0183276534080505
sub-openieegDetroit126,openieeg,B21-AV,0,0.052739679813385
sub-openieegDetroit126,openieeg,B22-AV,0,0.0252758264541625
sub-openieegDetroit126,openieeg,B23-AV,0,0.023076593875885
sub-openieegDetroit126,openieeg,B24-AV,0,0.0078953504562377
sub-openieegDetroit126,openieeg,B25-AV,0,0.2306686639785766
sub-openieegDetroit126,openieeg,B26-AV,0,0.0173324942588806
sub-openieegDetroit126,openieeg,B27-AV,0,0.1341549754142761
sub-openieegDetroit126,openieeg,B28-AV,0,0.1386362314224243
sub-openieegDetroit126,openieeg,B29-AV,0,0.281055748462677
sub-openieegDetroit126,openieeg,B3-AV,0,0.0071017742156982
sub-openieegDetroit126,openieeg,B30-AV,0,0.0880651473999023
sub-openieegDetroit126,openieeg,B31-AV,0,0.1401939988136291
sub-openieegDetroit126,openieeg,B32-AV,0,0.0151147842407226
sub-openieegDetroit126,openieeg,B33-AV,0,0.0089809298515319
sub-openieegDetroit126,openieeg,B34-AV,0,0.0939981341361999
sub-openieegDetroit126,openieeg,B35-AV,0,0.1912025809288025
sub-openieegDetroit126,openieeg,B36-AV,0,0.6967893838882446
sub-openieegDetroit126,openieeg,B37-AV,0,0.4119817018508911
sub-openieegDetroit126,openieeg,B38-AV,0,0.1229483485221862
sub-openieegDetroit126,openieeg,B39-AV,0,0.0078140497207641
sub-openieegDetroit126,openieeg,B4-AV,0,0.1453164219856262
sub-openieegDetroit126,openieeg,B40-AV,0,0.0072078704833984
sub-openieegDetroit126,openieeg,B41-AV,0,0.1849399209022522
sub-openieegDetroit126,openieeg,B42-AV,0,0.2530868053436279
sub-openieegDetroit126,openieeg,B43-AV,0,0.7714860439300537
sub-openieegDetroit126,openieeg,B44-AV,0,0.7237716317176819
sub-openieegDetroit126,openieeg,B45-AV,0,0.7067629098892212
sub-openieegDetroit126,openieeg,B46-AV,0,0.4670244455337524
sub-openieegDetroit126,openieeg,B47-AV,0,0.0132484436035156
sub-openieegDetroit126,openieeg,B48-AV,0,0.0092580914497375
sub-openieegDetroit126,openieeg,B49-AV,0,0.1138023138046264
sub-openieegDetroit126,openieeg,B5-AV,0,0.0095709562301635
sub-openieegDetroit126,openieeg,B50-AV,0,0.0541957020759582
sub-openieegDetroit126,openieeg,B51-AV,0,0.6473914384841919
sub-openieegDetroit126,openieeg,B52-AV,0,0.7377308011054993
sub-openieegDetroit126,openieeg,B53-AV,0,0.7668449878692627
sub-openieegDetroit126,openieeg,B54-AV,0,0.136518120765686
sub-openieegDetroit126,openieeg,B55-AV,0,0.0200473666191101
sub-openieegDetroit126,openieeg,B56-AV,0,0.0729004740715026
sub-openieegDetroit126,openieeg,B57-AV,0,0.0102641582489013
sub-openieegDetroit126,openieeg,B58-AV,0,0.3709960579872131
sub-openieegDetroit126,openieeg,B59-AV,0,0.7484754323959351
sub-openieegDetroit126,openieeg,B6-AV,0,0.0074058175086975
sub-openieegDetroit126,openieeg,B60-AV,0,0.7685434818267822
sub-openieegDetroit126,openieeg,B61-AV,0,0.7613648772239685
sub-openieegDetroit126,openieeg,B62-AV,0,0.0121307969093322
sub-openieegDetroit126,openieeg,B63-AV,0,0.0364965200424194
sub-openieegDetroit126,openieeg,B64-AV,0,0.007918357849121
sub-openieegDetroit126,openieeg,B7-AV,0,0.2511030435562134
sub-openieegDetroit126,openieeg,B8-AV,0,0.0067614316940307
sub-openieegDetroit126,openieeg,B9-AV,0,0.0970754623413086
sub-openieegDetroit126,openieeg,C1-AV,0,0.212255597114563
sub-openieegDetroit126,openieeg,C10-AV,0,0.0096004605293273
sub-openieegDetroit126,openieeg,C11-AV,0,0.0711750984191894
sub-openieegDetroit126,openieeg,C12-AV,0,0.0244287848472595
sub-openieegDetroit126,openieeg,C14-AV,0,0.0094658136367797
sub-openieegDetroit126,openieeg,C15-AV,0,0.0081647634506225
sub-openieegDetroit126,openieeg,C16-AV,0,0.0074924826622009
sub-openieegDetroit126,openieeg,C17-AV,0,0.0515468716621398
sub-openieegDetroit126,openieeg,C18-AV,0,0.0084653496742248
sub-openieegDetroit126,openieeg,C19-AV,0,0.0174353718757629
sub-openieegDetroit126,openieeg,C2-AV,0,0.7267282605171204
sub-openieegDetroit126,openieeg,C20-AV,0,0.1110255718231201
sub-openieegDetroit126,openieeg,C3-AV,0,0.7929812073707581
sub-openieegDetroit126,openieeg,C4-AV,0,0.1170312166213989
sub-openieegDetroit126,openieeg,C5-AV,0,0.0119028091430664
sub-openieegDetroit126,openieeg,C6-AV,0,0.1004726290702819
sub-openieegDetroit126,openieeg,C7-AV,0,0.0632920861244201
sub-openieegDetroit126,openieeg,C8-AV,0,0.0533391237258911
sub-openieegDetroit126,openieeg,C9-AV,0,0.0095866322517395
sub-openieegDetroit127,openieeg,A1-AV,0,0.8052849769592285
sub-openieegDetroit127,openieeg,A10-AV,1,0.7709947824478149
sub-openieegDetroit127,openieeg,A11-AV,1,0.8574075698852539
sub-openieegDetroit127,openieeg,A12-AV,0,0.1192372441291809
sub-openieegDetroit127,openieeg,A13-AV,0,0.0803686380386352
sub-openieegDetroit127,openieeg,A14-AV,0,0.0577150583267211
sub-openieegDetroit127,openieeg,A15-AV,0,0.0109015703201293
sub-openieegDetroit127,openieeg,A17-AV,0,0.0216953754425048
sub-openieegDetroit127,openieeg,A18-AV,0,0.1118442416191101
sub-openieegDetroit127,openieeg,A19-AV,0,0.0358295440673828
sub-openieegDetroit127,openieeg,A2-AV,0,0.4282553791999817
sub-openieegDetroit127,openieeg,A20-AV,0,0.2691799998283386
sub-openieegDetroit127,openieeg,A21-AV,1,0.5930318832397461
sub-openieegDetroit127,openieeg,A22-AV,0,0.0433442592620849
sub-openieegDetroit127,openieeg,A23-AV,0,0.0286969542503356
sub-openieegDetroit127,openieeg,A24-AV,0,0.0188045501708984
sub-openieegDetroit127,openieeg,A25-AV,1,0.5153963565826416
sub-openieegDetroit127,openieeg,A26-AV,0,0.0161518454551696
sub-openieegDetroit127,openieeg,A27-AV,1,0.1321943998336792
sub-openieegDetroit127,openieeg,A28-AV,1,0.5903725624084473
sub-openieegDetroit127,openieeg,A29-AV,0,0.0190392732620239
sub-openieegDetroit127,openieeg,A3-AV,0,0.5775959491729736
sub-openieegDetroit127,openieeg,A30-AV,0,0.0305554866790771
sub-openieegDetroit127,openieeg,A31-AV,0,0.5674731731414795
sub-openieegDetroit127,openieeg,A32-AV,1,0.7757810354232788
sub-openieegDetroit127,openieeg,A33-AV,0,0.0314490795135498
sub-openieegDetroit127,openieeg,A34-AV,0,0.0398190021514892
sub-openieegDetroit127,openieeg,A35-AV,0,0.0604075789451599
sub-openieegDetroit127,openieeg,A36-AV,0,0.017253041267395
sub-openieegDetroit127,openieeg,A37-AV,0,0.3980211615562439
sub-openieegDetroit127,openieeg,A38-AV,0,0.6795768141746521
sub-openieegDetroit127,openieeg,A39-AV,0,0.2091124057769775
sub-openieegDetroit127,openieeg,A4-AV,0,0.5711938738822937
sub-openieegDetroit127,openieeg,A40-AV,0,0.4120780229568481
sub-openieegDetroit127,openieeg,A41-AV,0,0.2575041055679321
sub-openieegDetroit127,openieeg,A42-AV,0,0.0390918254852294
sub-openieegDetroit127,openieeg,A43-AV,1,0.7410637736320496
sub-openieegDetroit127,openieeg,A44-AV,1,0.6992061138153076
sub-openieegDetroit127,openieeg,A45-AV,0,0.7307510375976562
sub-openieegDetroit127,openieeg,A46-AV,0,0.0280631780624389
sub-openieegDetroit127,openieeg,A47-AV,0,0.032860517501831
sub-openieegDetroit127,openieeg,A48-AV,0,0.078245460987091
sub-openieegDetroit127,openieeg,A49-AV,0,0.0947122573852539
sub-openieegDetroit127,openieeg,A5-AV,0,0.2037092447280883
sub-openieegDetroit127,openieeg,A50-AV,0,0.0270050168037414
sub-openieegDetroit127,openieeg,A51-AV,0,0.0742189884185791
sub-openieegDetroit127,openieeg,A52-AV,0,0.168916642665863
sub-openieegDetroit127,openieeg,A53-AV,1,0.7151756286621094
sub-openieegDetroit127,openieeg,A54-AV,1,0.5175315737724304
sub-openieegDetroit127,openieeg,A55-AV,1,0.5911723375320435
sub-openieegDetroit127,openieeg,A56-AV,0,0.7055971622467041
sub-openieegDetroit127,openieeg,A57-AV,0,0.3754529953002929
sub-openieegDetroit127,openieeg,A58-AV,0,0.1683921217918396
sub-openieegDetroit127,openieeg,A59-AV,0,0.1552179455757141
sub-openieegDetroit127,openieeg,A6-AV,0,0.3552019000053406
sub-openieegDetroit127,openieeg,A60-AV,0,0.1778444051742553
sub-openieegDetroit127,openieeg,A61-AV,0,0.4811215400695801
sub-openieegDetroit127,openieeg,A62-AV,0,0.8178510069847107
sub-openieegDetroit127,openieeg,A63-AV,1,0.8064567446708679
sub-openieegDetroit127,openieeg,A64-AV,1,0.8013762831687927
sub-openieegDetroit127,openieeg,A7-AV,0,0.5738787651062012
sub-openieegDetroit127,openieeg,A8-AV,1,0.7947676181793213
sub-openieegDetroit127,openieeg,A9-AV,1,0.7873117327690125
sub-openieegDetroit127,openieeg,B1-AV,0,0.0184008479118347
sub-openieegDetroit127,openieeg,B10-AV,0,0.0495218038558959
sub-openieegDetroit127,openieeg,B12-AV,0,0.0396590232849121
sub-openieegDetroit127,openieeg,B13-AV,0,0.0143579840660095
sub-openieegDetroit127,openieeg,B14-AV,0,0.0155772566795349
sub-openieegDetroit127,openieeg,B15-AV,0,0.0310847163200378
sub-openieegDetroit127,openieeg,B16-AV,0,0.0277661085128784
sub-openieegDetroit127,openieeg,B17-AV,0,0.3025787472724914
sub-openieegDetroit127,openieeg,B18-AV,0,0.6983523368835449
sub-openieegDetroit127,openieeg,B19-AV,0,0.0150894522666931
sub-openieegDetroit127,openieeg,B2-AV,0,0.1289014220237732
sub-openieegDetroit127,openieeg,B20-AV,0,0.0195343494415283
sub-openieegDetroit127,openieeg,B21-AV,0,0.0143362283706665
sub-openieegDetroit127,openieeg,B22-AV,0,0.0107322335243225
sub-openieegDetroit127,openieeg,B23-AV,0,0.0237891674041748
sub-openieegDetroit127,openieeg,B24-AV,0,0.0237629413604736
sub-openieegDetroit127,openieeg,B25-AV,0,0.6337133646011353
sub-openieegDetroit127,openieeg,B26-AV,0,0.0188663601875305
sub-openieegDetroit127,openieeg,B27-AV,0,0.2341691255569458
sub-openieegDetroit127,openieeg,B28-AV,0,0.0226039886474609
sub-openieegDetroit127,openieeg,B29-AV,0,0.0155153274536132
sub-openieegDetroit127,openieeg,B3-AV,0,0.0158336162567138
sub-openieegDetroit127,openieeg,B30-AV,0,0.0594479441642761
sub-openieegDetroit127,openieeg,B31-AV,0,0.0783787369728088
sub-openieegDetroit127,openieeg,B32-AV,0,0.0249263644218444
sub-openieegDetroit127,openieeg,B33-AV,0,0.8277815580368042
sub-openieegDetroit127,openieeg,B34-AV,0,0.6895653009414673
sub-openieegDetroit127,openieeg,B35-AV,0,0.0382211804389953
sub-openieegDetroit127,openieeg,B36-AV,0,0.0176175236701965
sub-openieegDetroit127,openieeg,B37-AV,0,0.0185219049453735
sub-openieegDetroit127,openieeg,B38-AV,0,0.056505262851715
sub-openieegDetroit127,openieeg,B39-AV,0,0.063861072063446
sub-openieegDetroit127,openieeg,B4-AV,0,0.0112395286560058
sub-openieegDetroit127,openieeg,B40-AV,0,0.0158917903900146
sub-openieegDetroit127,openieeg,B41-AV,0,0.1442285776138305
sub-openieegDetroit127,openieeg,B42-AV,0,0.2245048880577087
sub-openieegDetroit127,openieeg,B43-AV,0,0.7723117470741272
sub-openieegDetroit127,openieeg,B44-AV,0,0.0744608044624328
sub-openieegDetroit127,openieeg,B45-AV,0,0.0217441916465759
sub-openieegDetroit127,openieeg,B46-AV,0,0.0172528028488159
sub-openieegDetroit127,openieeg,B47-AV,0,0.0184391140937805
sub-openieegDetroit127,openieeg,B48-AV,0,0.0129129886627197
sub-openieegDetroit127,openieeg,B49-AV,0,0.2420610189437866
sub-openieegDetroit127,openieeg,B5-AV,0,0.0512447953224182
sub-openieegDetroit127,openieeg,B50-AV,0,0.2059246301651001
sub-openieegDetroit127,openieeg,B51-AV,0,0.8057479858398438
sub-openieegDetroit127,openieeg,B52-AV,0,0.7520451545715332
sub-openieegDetroit127,openieeg,B53-AV,0,0.0337754487991333
sub-openieegDetroit127,openieeg,B54-AV,0,0.2178393006324768
sub-openieegDetroit127,openieeg,B55-AV,0,0.1495397686958313
sub-openieegDetroit127,openieeg,B56-AV,0,0.0368124842643737
sub-openieegDetroit127,openieeg,B57-AV,0,0.040054976940155
sub-openieegDetroit127,openieeg,B58-AV,0,0.763312578201294
sub-openieegDetroit127,openieeg,B59-AV,0,0.5996395349502563
sub-openieegDetroit127,openieeg,B6-AV,0,0.0214583277702331
sub-openieegDetroit127,openieeg,B60-AV,0,0.2242911458015442
sub-openieegDetroit127,openieeg,B61-AV,0,0.1049163341522216
sub-openieegDetroit127,openieeg,B62-AV,0,0.1935150027275085
sub-openieegDetroit127,openieeg,B63-AV,0,0.4586274027824402
sub-openieegDetroit127,openieeg,B64-AV,0,0.7568637728691101
sub-openieegDetroit127,openieeg,B7-AV,0,0.0298477411270141
sub-openieegDetroit127,openieeg,B8-AV,0,0.0655381679534912
sub-openieegDetroit127,openieeg,B9-AV,0,0.0709519386291503
sub-openieegDetroit129,openieeg,A1-AV,1,0.012510597705841
sub-openieegDetroit129,openieeg,A10-AV,0,0.0575538277626037
sub-openieegDetroit129,openieeg,A11-AV,0,0.0187649130821228
sub-openieegDetroit129,openieeg,A12-AV,0,0.0229083895683288
sub-openieegDetroit129,openieeg,A13-AV,0,0.0368905663490295
sub-openieegDetroit129,openieeg,A14-AV,0,0.2353631258010864
sub-openieegDetroit129,openieeg,A15-AV,0,0.3612544536590576
sub-openieegDetroit129,openieeg,A16-AV,0,0.0218836069107055
sub-openieegDetroit129,openieeg,A17-AV,0,0.7374579906463623
sub-openieegDetroit129,openieeg,A18-AV,1,0.7465953826904297
sub-openieegDetroit129,openieeg,A19-AV,1,0.6281883716583252
sub-openieegDetroit129,openieeg,A2-AV,0,0.021324336528778
sub-openieegDetroit129,openieeg,A20-AV,0,0.4222335815429687
sub-openieegDetroit129,openieeg,A21-AV,0,0.4950796961784363
sub-openieegDetroit129,openieeg,A22-AV,0,0.5408653020858765
sub-openieegDetroit129,openieeg,A23-AV,1,0.7534851431846619
sub-openieegDetroit129,openieeg,A24-AV,1,0.7445265650749207
sub-openieegDetroit129,openieeg,A25-AV,0,0.0417733788490295
sub-openieegDetroit129,openieeg,A26-AV,0,0.0180559158325195
sub-openieegDetroit129,openieeg,A27-AV,0,0.8353583812713623
sub-openieegDetroit129,openieeg,A28-AV,0,0.677751898765564
sub-openieegDetroit129,openieeg,A3-AV,0,0.1686152815818786
sub-openieegDetroit129,openieeg,A30-AV,0,0.4899178147315979
sub-openieegDetroit129,openieeg,A31-AV,0,0.737873911857605
sub-openieegDetroit129,openieeg,A32-AV,0,0.7332947850227356
sub-openieegDetroit129,openieeg,A33-AV,0,0.1883814930915832
sub-openieegDetroit129,openieeg,A35-AV,0,0.0707852244377136
sub-openieegDetroit129,openieeg,A36-AV,0,0.8064126968383789
sub-openieegDetroit129,openieeg,A37-AV,0,0.4407865405082702
sub-openieegDetroit129,openieeg,A38-AV,0,0.7987009286880493
sub-openieegDetroit129,openieeg,A39-AV,0,0.776687502861023
sub-openieegDetroit129,openieeg,A4-AV,0,0.3464064002037048
sub-openieegDetroit129,openieeg,A40-AV,0,0.6732096672058105
sub-openieegDetroit129,openieeg,A41-AV,1,0.5190098881721497
sub-openieegDetroit129,openieeg,A42-AV,1,0.7265455722808838
sub-openieegDetroit129,openieeg,A43-AV,0,0.1817709803581237
sub-openieegDetroit129,openieeg,A44-AV,0,0.7333844304084778
sub-openieegDetroit129,openieeg,A45-AV,0,0.4623990654945373
sub-openieegDetroit129,openieeg,A46-AV,0,0.2753149271011352
sub-openieegDetroit129,openieeg,A47-AV,0,0.6504703760147095
sub-openieegDetroit129,openieeg,A48-AV,0,0.1025723814964294
sub-openieegDetroit129,openieeg,A49-AV,0,0.4227547645568847
sub-openieegDetroit129,openieeg,A5-AV,0,0.1248000264167785
sub-openieegDetroit129,openieeg,A50-AV,0,0.1616031527519226
sub-openieegDetroit129,openieeg,A51-AV,0,0.2778292894363403
sub-openieegDetroit129,openieeg,A53-AV,1,0.5370803475379944
sub-openieegDetroit129,openieeg,A54-AV,1,0.6735098958015442
sub-openieegDetroit129,openieeg,A55-AV,1,0.6285159587860107
sub-openieegDetroit129,openieeg,A56-AV,1,0.780853271484375
sub-openieegDetroit129,openieeg,A57-AV,0,0.0376997590065002
sub-openieegDetroit129,openieeg,A58-AV,0,0.1967968344688415
sub-openieegDetroit129,openieeg,A59-AV,1,0.1185526847839355
sub-openieegDetroit129,openieeg,A6-AV,0,0.6847004890441895
sub-openieegDetroit129,openieeg,A60-AV,1,0.0953934788703918
sub-openieegDetroit129,openieeg,A61-AV,1,0.3988301157951355
sub-openieegDetroit129,openieeg,A62-AV,1,0.3080825805664062
sub-openieegDetroit129,openieeg,A63-AV,1,0.769736647605896
sub-openieegDetroit129,openieeg,A64-AV,0,0.3364598155021667
sub-openieegDetroit129,openieeg,A7-AV,0,0.0902712345123291
sub-openieegDetroit129,openieeg,A8-AV,0,0.6460167169570923
sub-openieegDetroit129,openieeg,A9-AV,0,0.0147713422775268
sub-openieegDetroit129,openieeg,B1-AV,0,0.0342628955841064
sub-openieegDetroit129,openieeg,B10-AV,0,0.0289471745491027
sub-openieegDetroit129,openieeg,B11-AV,0,0.0172878503799438
sub-openieegDetroit129,openieeg,B12-AV,0,0.0179029107093811
sub-openieegDetroit129,openieeg,B13-AV,0,0.0207854509353637
sub-openieegDetroit129,openieeg,B14-AV,0,0.0729848742485046
sub-openieegDetroit129,openieeg,B15-AV,0,0.0454821586608886
sub-openieegDetroit129,openieeg,B16-AV,0,0.1831023097038269
sub-openieegDetroit129,openieeg,B17-AV,0,0.0852905511856079
sub-openieegDetroit129,openieeg,B18-AV,0,0.0498353838920593
sub-openieegDetroit129,openieeg,B19-AV,0,0.6802631616592407
sub-openieegDetroit129,openieeg,B2-AV,0,0.0165920853614807
sub-openieegDetroit129,openieeg,B20-AV,0,0.0432953834533691
sub-openieegDetroit129,openieeg,B21-AV,0,0.0516005754470825
sub-openieegDetroit129,openieeg,B22-AV,0,0.03450208902359
sub-openieegDetroit129,openieeg,B23-AV,0,0.7559750080108643
sub-openieegDetroit129,openieeg,B24-AV,0,0.7641061544418335
sub-openieegDetroit129,openieeg,B25-AV,0,0.5815377235412598
sub-openieegDetroit129,openieeg,B26-AV,0,0.7827784419059753
sub-openieegDetroit129,openieeg,B27-AV,0,0.382733404636383
sub-openieegDetroit129,openieeg,B28-AV,0,0.0421630144119262
sub-openieegDetroit129,openieeg,B29-AV,0,0.017468512058258
sub-openieegDetroit129,openieeg,B3-AV,0,0.0420642495155334
sub-openieegDetroit129,openieeg,B30-AV,0,0.6226727962493896
sub-openieegDetroit129,openieeg,B31-AV,0,0.6192042827606201
sub-openieegDetroit129,openieeg,B32-AV,0,0.8242226243019104
sub-openieegDetroit129,openieeg,B33-AV,0,0.5341558456420898
sub-openieegDetroit129,openieeg,B34-AV,0,0.7936787605285645
sub-openieegDetroit129,openieeg,B35-AV,0,0.50493323802948
sub-openieegDetroit129,openieeg,B36-AV,0,0.588754415512085
sub-openieegDetroit129,openieeg,B37-AV,0,0.0435588359832763
sub-openieegDetroit129,openieeg,B38-AV,0,0.7748838663101196
sub-openieegDetroit129,openieeg,B39-AV,0,0.7054794430732727
sub-openieegDetroit129,openieeg,B4-AV,0,0.0100985765457153
sub-openieegDetroit129,openieeg,B40-AV,0,0.766646683216095
sub-openieegDetroit129,openieeg,B41-AV,0,0.6797101497650146
sub-openieegDetroit129,openieeg,B42-AV,0,0.6072326898574829
sub-openieegDetroit129,openieeg,B43-AV,0,0.79908686876297
sub-openieegDetroit129,openieeg,B44-AV,0,0.6598386168479919
sub-openieegDetroit129,openieeg,B45-AV,0,0.0411259531974792
sub-openieegDetroit129,openieeg,B46-AV,0,0.138495922088623
sub-openieegDetroit129,openieeg,B47-AV,0,0.6780359745025635
sub-openieegDetroit129,openieeg,B48-AV,0,0.4072808623313904
sub-openieegDetroit129,openieeg,B49-AV,0,0.2020518183708191
sub-openieegDetroit129,openieeg,B5-AV,0,0.0182464718818664
sub-openieegDetroit129,openieeg,B50-AV,0,0.1502096056938171
sub-openieegDetroit129,openieeg,B51-AV,0,0.6958303451538086
sub-openieegDetroit129,openieeg,B52-AV,0,0.1103203296661377
sub-openieegDetroit129,openieeg,B53-AV,0,0.0265821814537048
sub-openieegDetroit129,openieeg,B54-AV,0,0.0270747542381286
sub-openieegDetroit129,openieeg,B55-AV,0,0.1013714075088501
sub-openieegDetroit129,openieeg,B56-AV,0,0.7644351124763489
sub-openieegDetroit129,openieeg,B57-AV,0,0.2182090282440185
sub-openieegDetroit129,openieeg,B58-AV,0,0.1202260255813598
sub-openieegDetroit129,openieeg,B59-AV,0,0.0350338816642761
sub-openieegDetroit129,openieeg,B6-AV,0,0.0162815451622009
sub-openieegDetroit129,openieeg,B60-AV,0,0.0320112705230712
sub-openieegDetroit129,openieeg,B61-AV,0,0.0255363583564758
sub-openieegDetroit129,openieeg,B62-AV,0,0.4060357213020324
sub-openieegDetroit129,openieeg,B63-AV,0,0.7567535042762756
sub-openieegDetroit129,openieeg,B64-AV,0,0.8264628648757935
sub-openieegDetroit129,openieeg,B7-AV,0,0.0170618891716003
sub-openieegDetroit129,openieeg,B8-AV,0,0.0168062448501586
sub-openieegDetroit129,openieeg,B9-AV,0,0.0265772342681884
sub-openieegDetroit129,openieeg,C1-AV,0,0.1996142864227295
sub-openieegDetroit129,openieeg,C10-AV,0,0.3594034314155578
sub-openieegDetroit129,openieeg,C11-AV,0,0.1298946142196655
sub-openieegDetroit129,openieeg,C12-AV,0,0.0743679404258728
sub-openieegDetroit129,openieeg,C13-AV,0,0.1058841943740844
sub-openieegDetroit129,openieeg,C14-AV,0,0.0852801799774169
sub-openieegDetroit129,openieeg,C15-AV,0,0.70298171043396
sub-openieegDetroit129,openieeg,C16-AV,0,0.8073853850364685
sub-openieegDetroit129,openieeg,C17-AV,0,0.6365609169006348
sub-openieegDetroit129,openieeg,C18-AV,0,0.3399659395217895
sub-openieegDetroit129,openieeg,C19-AV,0,0.0792844295501709
sub-openieegDetroit129,openieeg,C2-AV,0,0.1453791260719299
sub-openieegDetroit129,openieeg,C20-AV,0,0.0112959742546081
sub-openieegDetroit129,openieeg,C21-AV,0,0.0137499570846557
sub-openieegDetroit129,openieeg,C22-AV,0,0.0150527954101562
sub-openieegDetroit129,openieeg,C23-AV,0,0.0183066725730896
sub-openieegDetroit129,openieeg,C24-AV,0,0.0129398107528686
sub-openieegDetroit129,openieeg,C26-AV,0,0.0183796882629394
sub-openieegDetroit129,openieeg,C27-AV,0,0.0244209766387939
sub-openieegDetroit129,openieeg,C28-AV,0,0.012800395488739
sub-openieegDetroit129,openieeg,C5-AV,1,0.101051390171051
sub-openieegDetroit129,openieeg,C6-AV,0,0.0862051844596862
sub-openieegDetroit129,openieeg,C7-AV,0,0.7612660527229309
sub-openieegDetroit129,openieeg,C8-AV,0,0.7716774940490723
sub-openieegDetroit129,openieeg,C9-AV,0,0.3457313179969787
sub-openieegDetroit130,openieeg,A1-AV,0,0.3274792432785034
sub-openieegDetroit130,openieeg,A10-AV,0,0.0366900563240051
sub-openieegDetroit130,openieeg,A11-AV,0,0.0454382896423339
sub-openieegDetroit130,openieeg,A12-AV,0,0.1462148427963256
sub-openieegDetroit130,openieeg,A17-AV,0,0.0297852158546447
sub-openieegDetroit130,openieeg,A18-AV,0,0.0191030502319335
sub-openieegDetroit130,openieeg,A19-AV,0,0.0234924554824829
sub-openieegDetroit130,openieeg,A2-AV,0,0.1811192631721496
sub-openieegDetroit130,openieeg,A20-AV,0,0.0189415216445922
sub-openieegDetroit130,openieeg,A21-AV,0,0.015529990196228
sub-openieegDetroit130,openieeg,A22-AV,0,0.0146554112434387
sub-openieegDetroit130,openieeg,A23-AV,0,0.0103234648704528
sub-openieegDetroit130,openieeg,A24-AV,0,0.0693004727363586
sub-openieegDetroit130,openieeg,A25-AV,0,0.0525586009025573
sub-openieegDetroit130,openieeg,A26-AV,0,0.0519417524337768
sub-openieegDetroit130,openieeg,A27-AV,0,0.04761803150177
sub-openieegDetroit130,openieeg,A28-AV,0,0.0392301678657531
sub-openieegDetroit130,openieeg,A29-AV,0,0.4772167205810547
sub-openieegDetroit130,openieeg,A3-AV,0,0.2429995536804199
sub-openieegDetroit130,openieeg,A30-AV,0,0.0873130559921264
sub-openieegDetroit130,openieeg,A31-AV,1,0.7721807360649109
sub-openieegDetroit130,openieeg,A32-AV,0,0.121013343334198
sub-openieegDetroit130,openieeg,A33-AV,0,0.143106460571289
sub-openieegDetroit130,openieeg,A34-AV,0,0.0471417903900146
sub-openieegDetroit130,openieeg,A35-AV,0,0.0712473392486572
sub-openieegDetroit130,openieeg,A36-AV,0,0.0431972742080688
sub-openieegDetroit130,openieeg,A37-AV,0,0.1360741257667541
sub-openieegDetroit130,openieeg,A38-AV,0,0.043306291103363
sub-openieegDetroit130,openieeg,A39-AV,0,0.0539586544036865
sub-openieegDetroit130,openieeg,A4-AV,0,0.0542619824409484
sub-openieegDetroit130,openieeg,A40-AV,0,0.0476661324501037
sub-openieegDetroit130,openieeg,A42-AV,0,0.1346192359924316
sub-openieegDetroit130,openieeg,A45-AV,0,0.6223192811012268
sub-openieegDetroit130,openieeg,A46-AV,0,0.7622949481010437
sub-openieegDetroit130,openieeg,A47-AV,0,0.3443113565444946
sub-openieegDetroit130,openieeg,A48-AV,0,0.3751056790351867
sub-openieegDetroit130,openieeg,A49-AV,0,0.1068036556243896
sub-openieegDetroit130,openieeg,A5-AV,0,0.1470168828964233
sub-openieegDetroit130,openieeg,A50-AV,0,0.2899680733680725
sub-openieegDetroit130,openieeg,A51-AV,0,0.2203884124755859
sub-openieegDetroit130,openieeg,A52-AV,0,0.2969942688941955
sub-openieegDetroit130,openieeg,A53-AV,0,0.3149338364601135
sub-openieegDetroit130,openieeg,A54-AV,0,0.5887386202812195
sub-openieegDetroit130,openieeg,A55-AV,0,0.5430782437324524
sub-openieegDetroit130,openieeg,A56-AV,0,0.6378532648086548
sub-openieegDetroit130,openieeg,A57-AV,0,0.4383819699287414
sub-openieegDetroit130,openieeg,A58-AV,0,0.3019949197769165
sub-openieegDetroit130,openieeg,A59-AV,0,0.2404547333717346
sub-openieegDetroit130,openieeg,A6-AV,0,0.5906775593757629
sub-openieegDetroit130,openieeg,A60-AV,0,0.2655325531959533
sub-openieegDetroit130,openieeg,A61-AV,0,0.2797053456306457
sub-openieegDetroit130,openieeg,A62-AV,0,0.2573438882827759
sub-openieegDetroit130,openieeg,A7-AV,0,0.1500648260116577
sub-openieegDetroit130,openieeg,A8-AV,0,0.0363762378692626
sub-openieegDetroit130,openieeg,A9-AV,0,0.2389083504676818
sub-openieegDetroit130,openieeg,B1-AV,0,0.0214971303939819
sub-openieegDetroit130,openieeg,B10-AV,0,0.0174528956413269
sub-openieegDetroit130,openieeg,B11-AV,0,0.1615532040596008
sub-openieegDetroit130,openieeg,B12-AV,0,0.2253754138946533
sub-openieegDetroit130,openieeg,B13-AV,0,0.3387960791587829
sub-openieegDetroit130,openieeg,B14-AV,0,0.3517753481864929
sub-openieegDetroit130,openieeg,B15-AV,0,0.4519090056419372
sub-openieegDetroit130,openieeg,B16-AV,0,0.5107231736183167
sub-openieegDetroit130,openieeg,B17-AV,0,0.0548279285430908
sub-openieegDetroit130,openieeg,B18-AV,0,0.0153961777687072
sub-openieegDetroit130,openieeg,B19-AV,0,0.053043782711029
sub-openieegDetroit130,openieeg,B2-AV,0,0.085203468799591
sub-openieegDetroit130,openieeg,B20-AV,0,0.0420831441879272
sub-openieegDetroit130,openieeg,B21-AV,0,0.0648346543312072
sub-openieegDetroit130,openieeg,B22-AV,0,0.2897568345069885
sub-openieegDetroit130,openieeg,B23-AV,0,0.4728554487228393
sub-openieegDetroit130,openieeg,B24-AV,0,0.3564859628677368
sub-openieegDetroit130,openieeg,B25-AV,0,0.0195246338844299
sub-openieegDetroit130,openieeg,B26-AV,0,0.0213545560836792
sub-openieegDetroit130,openieeg,B27-AV,0,0.0187657475471496
sub-openieegDetroit130,openieeg,B28-AV,0,0.0421728491783142
sub-openieegDetroit130,openieeg,B29-AV,0,0.0665951967239379
sub-openieegDetroit130,openieeg,B3-AV,0,0.019091248512268
sub-openieegDetroit130,openieeg,B30-AV,0,0.2603511810302734
sub-openieegDetroit130,openieeg,B31-AV,0,0.2259737849235534
sub-openieegDetroit130,openieeg,B32-AV,0,0.2658228278160095
sub-openieegDetroit130,openieeg,B33-AV,0,0.0275931358337402
sub-openieegDetroit130,openieeg,B34-AV,0,0.0548674464225769
sub-openieegDetroit130,openieeg,B35-AV,0,0.2025297880172729
sub-openieegDetroit130,openieeg,B36-AV,0,0.068329632282257
sub-openieegDetroit130,openieeg,B37-AV,0,0.263491690158844
sub-openieegDetroit130,openieeg,B38-AV,0,0.1659491062164306
sub-openieegDetroit130,openieeg,B39-AV,0,0.4301463961601257
sub-openieegDetroit130,openieeg,B4-AV,0,0.0637832283973693
sub-openieegDetroit130,openieeg,B40-AV,0,0.066013216972351
sub-openieegDetroit130,openieeg,B41-AV,0,0.056407630443573
sub-openieegDetroit130,openieeg,B42-AV,0,0.0260760188102722
sub-openieegDetroit130,openieeg,B43-AV,0,0.2271599769592285
sub-openieegDetroit130,openieeg,B44-AV,0,0.0372934341430664
sub-openieegDetroit130,openieeg,B45-AV,0,0.1857280135154724
sub-openieegDetroit130,openieeg,B46-AV,0,0.1121631264686584
sub-openieegDetroit130,openieeg,B47-AV,0,0.1043281555175781
sub-openieegDetroit130,openieeg,B48-AV,0,0.0313121676445007
sub-openieegDetroit130,openieeg,B49-AV,0,0.0538179278373718
sub-openieegDetroit130,openieeg,B5-AV,0,0.1498028635978698
sub-openieegDetroit130,openieeg,B50-AV,0,0.042129635810852
sub-openieegDetroit130,openieeg,B51-AV,0,0.0352807641029357
sub-openieegDetroit130,openieeg,B52-AV,0,0.032880961894989
sub-openieegDetroit130,openieeg,B53-AV,0,0.0218379497528076
sub-openieegDetroit130,openieeg,B54-AV,0,0.0480437278747558
sub-openieegDetroit130,openieeg,B55-AV,0,0.039826214313507
sub-openieegDetroit130,openieeg,B56-AV,0,0.0474629402160644
sub-openieegDetroit130,openieeg,B57-AV,0,0.0687366127967834
sub-openieegDetroit130,openieeg,B58-AV,0,0.0519418716430664
sub-openieegDetroit130,openieeg,B59-AV,0,0.0472879409790039
sub-openieegDetroit130,openieeg,B6-AV,0,0.2412202954292297
sub-openieegDetroit130,openieeg,B60-AV,0,0.043539822101593
sub-openieegDetroit130,openieeg,B61-AV,0,0.0601251125335693
sub-openieegDetroit130,openieeg,B62-AV,0,0.0645052194595336
sub-openieegDetroit130,openieeg,B63-AV,0,0.0353361368179321
sub-openieegDetroit130,openieeg,B64-AV,0,0.0957818627357482
sub-openieegDetroit130,openieeg,B7-AV,0,0.4340823292732239
sub-openieegDetroit130,openieeg,B8-AV,0,0.3929470181465149
sub-openieegDetroit130,openieeg,B9-AV,0,0.0178506970405578
sub-openieegDetroit130,openieeg,C1-AV,0,0.3012175559997558
sub-openieegDetroit130,openieeg,C10-AV,0,0.5594512820243835
sub-openieegDetroit130,openieeg,C2-AV,0,0.092170774936676
sub-openieegDetroit130,openieeg,C3-AV,0,0.3154932260513305
sub-openieegDetroit130,openieeg,C4-AV,0,0.0238538980484008
sub-openieegDetroit130,openieeg,C5-AV,0,0.0101307034492492
sub-openieegDetroit130,openieeg,C6-AV,0,0.030083417892456
sub-openieegDetroit130,openieeg,C7-AV,0,0.0273889303207397
sub-openieegDetroit130,openieeg,C8-AV,0,0.5458279848098755
sub-openieegDetroit130,openieeg,C9-AV,0,0.2467328906059265
sub-openieegDetroit132,openieeg,A1-AV,0,0.0165846347808837
sub-openieegDetroit132,openieeg,A10-AV,1,0.8197540640830994
sub-openieegDetroit132,openieeg,A11-AV,0,0.0146203637123107
sub-openieegDetroit132,openieeg,A12-AV,0,0.0818690657615661
sub-openieegDetroit132,openieeg,A13-AV,0,0.01018488407135
sub-openieegDetroit132,openieeg,A14-AV,0,0.0144721865653991
sub-openieegDetroit132,openieeg,A15-AV,0,0.0170439481735229
sub-openieegDetroit132,openieeg,A16-AV,0,0.0984542965888977
sub-openieegDetroit132,openieeg,A17-AV,0,0.0138806104660034
sub-openieegDetroit132,openieeg,A18-AV,0,0.1507941484451294
sub-openieegDetroit132,openieeg,A19-AV,0,0.0211690068244934
sub-openieegDetroit132,openieeg,A2-AV,0,0.7554571628570557
sub-openieegDetroit132,openieeg,A20-AV,0,0.0363493561744689
sub-openieegDetroit132,openieeg,A21-AV,0,0.027989387512207
sub-openieegDetroit132,openieeg,A22-AV,0,0.0237312316894531
sub-openieegDetroit132,openieeg,A23-AV,0,0.0298683643341064
sub-openieegDetroit132,openieeg,A24-AV,0,0.0240318775177001
sub-openieegDetroit132,openieeg,A25-AV,0,0.3674483299255371
sub-openieegDetroit132,openieeg,A26-AV,0,0.6282105445861816
sub-openieegDetroit132,openieeg,A27-AV,0,0.1579683423042297
sub-openieegDetroit132,openieeg,A28-AV,0,0.0715498924255371
sub-openieegDetroit132,openieeg,A29-AV,0,0.0147494077682495
sub-openieegDetroit132,openieeg,A3-AV,0,0.7025726437568665
sub-openieegDetroit132,openieeg,A30-AV,0,0.0164921283721923
sub-openieegDetroit132,openieeg,A31-AV,0,0.1902061700820922
sub-openieegDetroit132,openieeg,A32-AV,0,0.0434416532516479
sub-openieegDetroit132,openieeg,A33-AV,0,0.2513210773468017
sub-openieegDetroit132,openieeg,A34-AV,0,0.0237953066825866
sub-openieegDetroit132,openieeg,A35-AV,0,0.0387597680091857
sub-openieegDetroit132,openieeg,A37-AV,0,0.5612072944641113
sub-openieegDetroit132,openieeg,A38-AV,0,0.4549362063407898
sub-openieegDetroit132,openieeg,A39-AV,0,0.748985767364502
sub-openieegDetroit132,openieeg,A4-AV,0,0.5132354497909546
sub-openieegDetroit132,openieeg,A40-AV,0,0.6799938678741455
sub-openieegDetroit132,openieeg,A41-AV,0,0.4545071125030517
sub-openieegDetroit132,openieeg,A42-AV,0,0.5489318370819092
sub-openieegDetroit132,openieeg,A43-AV,0,0.4510074257850647
sub-openieegDetroit132,openieeg,A44-AV,0,0.547858476638794
sub-openieegDetroit132,openieeg,A45-AV,0,0.6480073928833008
sub-openieegDetroit132,openieeg,A46-AV,0,0.2676822543144226
sub-openieegDetroit132,openieeg,A5-AV,0,0.6607357263565063
sub-openieegDetroit132,openieeg,A6-AV,0,0.0933083295822143
sub-openieegDetroit132,openieeg,A7-AV,0,0.0954728126525878
sub-openieegDetroit132,openieeg,A8-AV,0,0.1995232105255127
sub-openieegDetroit132,openieeg,A9-AV,1,0.8205803632736206
sub-openieegDetroit132,openieeg,B1-AV,0,0.3309521675109863
sub-openieegDetroit132,openieeg,B10-AV,0,0.0831913948059082
sub-openieegDetroit132,openieeg,B12-AV,0,0.0199561119079589
sub-openieegDetroit132,openieeg,B13-AV,0,0.0211170315742492
sub-openieegDetroit132,openieeg,B14-AV,0,0.0400002002716064
sub-openieegDetroit132,openieeg,B15-AV,0,0.1821550130844116
sub-openieegDetroit132,openieeg,B16-AV,0,0.0210072398185729
sub-openieegDetroit132,openieeg,B17-AV,0,0.1533910632133484
sub-openieegDetroit132,openieeg,B18-AV,0,0.0289332270622253
sub-openieegDetroit132,openieeg,B19-AV,0,0.0105769038200378
sub-openieegDetroit132,openieeg,B2-AV,0,0.3265106678009033
sub-openieegDetroit132,openieeg,B20-AV,0,0.0111421346664428
sub-openieegDetroit132,openieeg,B21-AV,0,0.1926301717758178
sub-openieegDetroit132,openieeg,B22-AV,0,0.029668390750885
sub-openieegDetroit132,openieeg,B23-AV,0,0.0364781618118286
sub-openieegDetroit132,openieeg,B24-AV,0,0.3532314896583557
sub-openieegDetroit132,openieeg,B25-AV,0,0.0159865021705627
sub-openieegDetroit132,openieeg,B26-AV,0,0.0163862705230712
sub-openieegDetroit132,openieeg,B27-AV,0,0.0144272446632385
sub-openieegDetroit132,openieeg,B28-AV,0,0.0202212333679199
sub-openieegDetroit132,openieeg,B29-AV,0,0.0303642153739929
sub-openieegDetroit132,openieeg,B3-AV,0,0.6570355892181396
sub-openieegDetroit132,openieeg,B30-AV,0,0.0153859853744506
sub-openieegDetroit132,openieeg,B31-AV,0,0.0135156512260437
sub-openieegDetroit132,openieeg,B32-AV,0,0.0190358757972717
sub-openieegDetroit132,openieeg,B33-AV,0,0.0920082330703735
sub-openieegDetroit132,openieeg,B34-AV,0,0.0102096199989318
sub-openieegDetroit132,openieeg,B35-AV,0,0.020115852355957
sub-openieegDetroit132,openieeg,B36-AV,0,0.1568480730056762
sub-openieegDetroit132,openieeg,B37-AV,0,0.038327932357788
sub-openieegDetroit132,openieeg,B38-AV,0,0.2507083415985107
sub-openieegDetroit132,openieeg,B39-AV,0,0.0129210948944091
sub-openieegDetroit132,openieeg,B4-AV,0,0.0513616204261779
sub-openieegDetroit132,openieeg,B40-AV,0,0.0146680474281311
sub-openieegDetroit132,openieeg,B41-AV,0,0.2369027137756347
sub-openieegDetroit132,openieeg,B42-AV,0,0.082583487033844
sub-openieegDetroit132,openieeg,B43-AV,0,0.3501186966896057
sub-openieegDetroit132,openieeg,B44-AV,0,0.021256148815155
sub-openieegDetroit132,openieeg,B45-AV,0,0.2409217953681945
sub-openieegDetroit132,openieeg,B46-AV,0,0.6726529598236084
sub-openieegDetroit132,openieeg,B47-AV,1,0.7077120542526245
sub-openieegDetroit132,openieeg,B48-AV,0,0.0119436979293823
sub-openieegDetroit132,openieeg,B49-AV,0,0.754421591758728
sub-openieegDetroit132,openieeg,B5-AV,0,0.0223875641822814
sub-openieegDetroit132,openieeg,B50-AV,1,0.8282278776168823
sub-openieegDetroit132,openieeg,B51-AV,0,0.4855733513832092
sub-openieegDetroit132,openieeg,B52-AV,0,0.0117346048355102
sub-openieegDetroit132,openieeg,B53-AV,0,0.0868542194366455
sub-openieegDetroit132,openieeg,B54-AV,1,0.8318520784378052
sub-openieegDetroit132,openieeg,B55-AV,1,0.8429349660873413
sub-openieegDetroit132,openieeg,B56-AV,1,0.2035161256790161
sub-openieegDetroit132,openieeg,B57-AV,0,0.0133222341537475
sub-openieegDetroit132,openieeg,B58-AV,0,0.4237199425697326
sub-openieegDetroit132,openieeg,B6-AV,0,0.0153661370277404
sub-openieegDetroit132,openieeg,B7-AV,0,0.5733339786529541
sub-openieegDetroit132,openieeg,B8-AV,0,0.1405317187309265
sub-openieegDetroit132,openieeg,B9-AV,0,0.1487162709236145
sub-openieegUCLA04,openieeg,POL FP49,1,0.0666978955268859
sub-openieegUCLA04,openieeg,POL FP50,1,0.0179157853126525
sub-openieegUCLA04,openieeg,POL FP51,1,0.0622072219848632
sub-openieegUCLA04,openieeg,POL FP52,1,0.0986852049827575
sub-openieegUCLA04,openieeg,POL FP53,0,0.2719813585281372
sub-openieegUCLA04,openieeg,POL FP54,0,0.3851218819618225
sub-openieegUCLA04,openieeg,POL FP55,0,0.3117102980613708
sub-openieegUCLA04,openieeg,POL FP56,0,0.1139304637908935
sub-openieegUCLA04,openieeg,POL FP57,0,0.0918877124786377
sub-openieegUCLA04,openieeg,POL FP59,1,0.0925832986831665
sub-openieegUCLA04,openieeg,POL FP60,1,0.0734632611274719
sub-openieegUCLA04,openieeg,POL FP61,1,0.1393299698829651
sub-openieegUCLA04,openieeg,POL FP62,1,0.6619433164596558
sub-openieegUCLA04,openieeg,POL FP63,0,0.4364503622055053
sub-openieegUCLA04,openieeg,POL FP64,0,0.1128550767898559
sub-openieegUCLA04,openieeg,POL G1,0,0.3070696592330932
sub-openieegUCLA04,openieeg,POL G10,0,0.0921952128410339
sub-openieegUCLA04,openieeg,POL G11,0,0.0606077909469604
sub-openieegUCLA04,openieeg,POL G12,0,0.0897905230522155
sub-openieegUCLA04,openieeg,POL G13,0,0.1963749527931213
sub-openieegUCLA04,openieeg,POL G14,0,0.2574906349182129
sub-openieegUCLA04,openieeg,POL G15,0,0.2191303372383117
sub-openieegUCLA04,openieeg,POL G16,0,0.0652278661727905
sub-openieegUCLA04,openieeg,POL G17,0,0.0584755539894104
sub-openieegUCLA04,openieeg,POL G18,0,0.1415398716926574
sub-openieegUCLA04,openieeg,POL G19,0,0.1015146374702453
sub-openieegUCLA04,openieeg,POL G2,0,0.1532042026519775
sub-openieegUCLA04,openieeg,POL G20,0,0.1548600792884826
sub-openieegUCLA04,openieeg,POL G21,0,0.1480969190597534
sub-openieegUCLA04,openieeg,POL G22,0,0.3299835920333862
sub-openieegUCLA04,openieeg,POL G23,0,0.3689049482345581
sub-openieegUCLA04,openieeg,POL G24,0,0.0723388195037841
sub-openieegUCLA04,openieeg,POL G25,0,0.0583683848381042
sub-openieegUCLA04,openieeg,POL G26,0,0.1179801225662231
sub-openieegUCLA04,openieeg,POL G28,0,0.271050751209259
sub-openieegUCLA04,openieeg,POL G29,0,0.2512931227684021
sub-openieegUCLA04,openieeg,POL G3,0,0.1704700589179992
sub-openieegUCLA04,openieeg,POL G30,1,0.3071073293685913
sub-openieegUCLA04,openieeg,POL G31,0,0.3770548701286316
sub-openieegUCLA04,openieeg,POL G32,0,0.5432243347167969
sub-openieegUCLA04,openieeg,POL G33,0,0.0235671401023864
sub-openieegUCLA04,openieeg,POL G34,0,0.0890795588493347
sub-openieegUCLA04,openieeg,POL G35,0,0.2467361688613891
sub-openieegUCLA04,openieeg,POL G36,0,0.3320894241333008
sub-openieegUCLA04,openieeg,POL G37,1,0.308823823928833
sub-openieegUCLA04,openieeg,POL G38,0,0.2050371170043945
sub-openieegUCLA04,openieeg,POL G39,0,0.2001484632492065
sub-openieegUCLA04,openieeg,POL G4,0,0.0277780294418334
sub-openieegUCLA04,openieeg,POL G40,0,0.2798377871513366
sub-openieegUCLA04,openieeg,POL G41,0,0.0649284720420837
sub-openieegUCLA04,openieeg,POL G42,0,0.0267433524131774
sub-openieegUCLA04,openieeg,POL G43,0,0.0932963490486145
sub-openieegUCLA04,openieeg,POL G44,0,0.3532478809356689
sub-openieegUCLA04,openieeg,POL G45,0,0.5145068168640137
sub-openieegUCLA04,openieeg,POL G46,0,0.4810691475868225
sub-openieegUCLA04,openieeg,POL G47,0,0.1679089069366455
sub-openieegUCLA04,openieeg,POL G48,0,0.0832045078277587
sub-openieegUCLA04,openieeg,POL G5,0,0.1331746578216552
sub-openieegUCLA04,openieeg,POL G6,0,0.1618550419807434
sub-openieegUCLA04,openieeg,POL G7,0,0.1571725010871887
sub-openieegUCLA04,openieeg,POL G8,0,0.0967923402786254
sub-openieegUCLA04,openieeg,POL G9,0,0.211546242237091
sub-openieegUCLA06,openieeg,EEG T3-Ref,0,0.3174826502799988
sub-openieegUCLA06,openieeg,EEG T4-Ref,0,0.2316184043884277
sub-openieegUCLA06,openieeg,EEG T5-Ref,0,0.171650230884552
sub-openieegUCLA06,openieeg,EEG T6-Ref,0,0.325701892375946
sub-openieegUCLA06,openieeg,EEG T7-Ref,0,0.3316596150398254
sub-openieegUCLA06,openieeg,EEG T8-Ref,0,0.0865448117256164
sub-openieegUCLA06,openieeg,POL G1,0,0.2740702033042907
sub-openieegUCLA06,openieeg,POL G10,0,0.1029214859008789
sub-openieegUCLA06,openieeg,POL G11,0,0.1565412282943725
sub-openieegUCLA06,openieeg,POL G12,0,0.1929537057876587
sub-openieegUCLA06,openieeg,POL G13,0,0.192642867565155
sub-openieegUCLA06,openieeg,POL G14,0,0.2345054149627685
sub-openieegUCLA06,openieeg,POL G15,0,0.2136293053627014
sub-openieegUCLA06,openieeg,POL G16,0,0.2474181652069091
sub-openieegUCLA06,openieeg,POL G17,0,0.1594476699829101
sub-openieegUCLA06,openieeg,POL G18,0,0.1046658158302307
sub-openieegUCLA06,openieeg,POL G19,0,0.155628502368927
sub-openieegUCLA06,openieeg,POL G2,0,0.1175844669342041
sub-openieegUCLA06,openieeg,POL G20,0,0.167336881160736
sub-openieegUCLA06,openieeg,POL G21,0,0.1674340367317199
sub-openieegUCLA06,openieeg,POL G22,0,0.2881126999855041
sub-openieegUCLA06,openieeg,POL G23,0,0.2928071618080139
sub-openieegUCLA06,openieeg,POL G24,0,0.3358226418495178
sub-openieegUCLA06,openieeg,POL G25,0,0.3830479383468628
sub-openieegUCLA06,openieeg,POL G26,0,0.1224622726440429
sub-openieegUCLA06,openieeg,POL G27,0,0.2718405127525329
sub-openieegUCLA06,openieeg,POL G28,0,0.2308652400970459
sub-openieegUCLA06,openieeg,POL G29,0,0.2103912234306335
sub-openieegUCLA06,openieeg,POL G3,0,0.3358015418052673
sub-openieegUCLA06,openieeg,POL G30,0,0.1508512496948242
sub-openieegUCLA06,openieeg,POL G31,0,0.1600567102432251
sub-openieegUCLA06,openieeg,POL G32,0,0.419724702835083
sub-openieegUCLA06,openieeg,POL G33,0,0.2530152201652527
sub-openieegUCLA06,openieeg,POL G34,0,0.2182651162147522
sub-openieegUCLA06,openieeg,POL G35,0,0.2067900896072387
sub-openieegUCLA06,openieeg,POL G36,0,0.1252116560935974
sub-openieegUCLA06,openieeg,POL G37,0,0.2367224693298339
sub-openieegUCLA06,openieeg,POL G38,0,0.2395955324172973
sub-openieegUCLA06,openieeg,POL G39,0,0.4096233248710632
sub-openieegUCLA06,openieeg,POL G4,0,0.2165867090225219
sub-openieegUCLA06,openieeg,POL G40,0,0.2259449362754821
sub-openieegUCLA06,openieeg,POL G41,0,0.1496002674102783
sub-openieegUCLA06,openieeg,POL G42,0,0.1593770980834961
sub-openieegUCLA06,openieeg,POL G43,0,0.134846031665802
sub-openieegUCLA06,openieeg,POL G44,0,0.2119206190109253
sub-openieegUCLA06,openieeg,POL G45,0,0.4675520062446594
sub-openieegUCLA06,openieeg,POL G46,0,0.320368230342865
sub-openieegUCLA06,openieeg,POL G47,0,0.162405788898468
sub-openieegUCLA06,openieeg,POL G48,0,0.1703391671180725
sub-openieegUCLA06,openieeg,POL G49,0,0.4026713371276855
sub-openieegUCLA06,openieeg,POL G5,0,0.2075579166412353
sub-openieegUCLA06,openieeg,POL G50,0,0.2507622838020324
sub-openieegUCLA06,openieeg,POL G51,0,0.1611642837524414
sub-openieegUCLA06,openieeg,POL G52,0,0.2230675816535949
sub-openieegUCLA06,openieeg,POL G53,0,0.1754409074783325
sub-openieegUCLA06,openieeg,POL G54,0,0.3969445824623108
sub-openieegUCLA06,openieeg,POL G55,0,0.1825715899467468
sub-openieegUCLA06,openieeg,POL G56,0,0.2826152443885803
sub-openieegUCLA06,openieeg,POL G57,0,0.382753312587738
sub-openieegUCLA06,openieeg,POL G59,0,0.4619894027709961
sub-openieegUCLA06,openieeg,POL G6,0,0.2395338416099548
sub-openieegUCLA06,openieeg,POL G60,0,0.3386591076850891
sub-openieegUCLA06,openieeg,POL G61,0,0.2751305103302002
sub-openieegUCLA06,openieeg,POL G62,0,0.3666388988494873
sub-openieegUCLA06,openieeg,POL G63,0,0.3114210963249206
sub-openieegUCLA06,openieeg,POL G64,0,0.2957585453987121
sub-openieegUCLA06,openieeg,POL G7,0,0.1973549723625183
sub-openieegUCLA06,openieeg,POL G8,0,0.2990710735321045
sub-openieegUCLA06,openieeg,POL G9,0,0.0994501709938049
sub-openieegUCLA06,openieeg,POL IF1,0,0.25748211145401
sub-openieegUCLA06,openieeg,POL IF2,0,0.1038346290588378
sub-openieegUCLA06,openieeg,POL IF3,0,0.2840636372566223
sub-openieegUCLA06,openieeg,POL IF4,0,0.4470083117485046
sub-openieegUCLA06,openieeg,POL IF5,0,0.2378302216529846
sub-openieegUCLA06,openieeg,POL IF6,0,0.2308735847473144
sub-openieegUCLA06,openieeg,POL IF7,0,0.0723161697387695
sub-openieegUCLA06,openieeg,POL IF8,0,0.0657992362976074
sub-openieegUCLA06,openieeg,POL IH1,1,0.3298184275627136
sub-openieegUCLA06,openieeg,POL IH2,1,0.300413429737091
sub-openieegUCLA06,openieeg,POL IH3,0,0.1454704403877258
sub-openieegUCLA06,openieeg,POL IH4,0,0.3091741800308227
sub-openieegUCLA06,openieeg,POL IH5,0,0.059985876083374
sub-openieegUCLA06,openieeg,POL IH6,0,0.0647273659706115
sub-openieegUCLA06,openieeg,POL IH7,0,0.0686847567558288
sub-openieegUCLA06,openieeg,POL IH8,0,0.0639833807945251
sub-openieegUCLA06,openieeg,POL SF1,0,0.2299335598945617
sub-openieegUCLA06,openieeg,POL SF2,0,0.2358435988426208
sub-openieegUCLA06,openieeg,POL SF3,0,0.1686545014381408
sub-openieegUCLA06,openieeg,POL SF4,0,0.0960803031921386
sub-openieegUCLA06,openieeg,POL SF5,0,0.2281482219696045
sub-openieegUCLA06,openieeg,POL SF6,0,0.3006253242492676
sub-openieegUCLA06,openieeg,POL SF7,0,0.2204270958900451
sub-openieegUCLA06,openieeg,POL SF8,0,0.3406614065170288
sub-openieegUCLA06,openieeg,POL T1,0,0.215832233428955
sub-openieegUCLA06,openieeg,POL T2,0,0.3378530740737915
sub-openieegUCLA09,openieeg,EEG M1-Ref,0,0.2704476118087768
sub-openieegUCLA09,openieeg,EEG M2-Ref,0,0.3007560968399048
sub-openieegUCLA09,openieeg,POL G1,0,0.2176234126091003
sub-openieegUCLA09,openieeg,POL G10,0,0.1165112853050232
sub-openieegUCLA09,openieeg,POL G11,0,0.1574950218200683
sub-openieegUCLA09,openieeg,POL G12,0,0.0946354866027832
sub-openieegUCLA09,openieeg,POL G13,0,0.1697325706481933
sub-openieegUCLA09,openieeg,POL G14,0,0.3571591973304748
sub-openieegUCLA09,openieeg,POL G15,0,0.2334436178207397
sub-openieegUCLA09,openieeg,POL G16,0,0.2373670935630798
sub-openieegUCLA09,openieeg,POL G17,0,0.0709693431854248
sub-openieegUCLA09,openieeg,POL G18,0,0.2373166680335998
sub-openieegUCLA09,openieeg,POL G19,0,0.2056374549865722
sub-openieegUCLA09,openieeg,POL G2,0,0.1299107670783996
sub-openieegUCLA09,openieeg,POL G20,0,0.3083025217056274
sub-openieegUCLA09,openieeg,POL G21,0,0.1998632550239563
sub-openieegUCLA09,openieeg,POL G22,0,0.2649747729301452
sub-openieegUCLA09,openieeg,POL G23,0,0.2927715182304382
sub-openieegUCLA09,openieeg,POL G24,0,0.1712873578071594
sub-openieegUCLA09,openieeg,POL G25,0,0.1947843432426452
sub-openieegUCLA09,openieeg,POL G26,0,0.3206773400306701
sub-openieegUCLA09,openieeg,POL G27,0,0.3626607060432434
sub-openieegUCLA09,openieeg,POL G28,0,0.1533716320991516
sub-openieegUCLA09,openieeg,POL G29,0,0.2751144170761108
sub-openieegUCLA09,openieeg,POL G3,1,0.3238513469696045
sub-openieegUCLA09,openieeg,POL G30,0,0.2687340378761291
sub-openieegUCLA09,openieeg,POL G31,0,0.2539705038070678
sub-openieegUCLA09,openieeg,POL G32,0,0.2797062993049621
sub-openieegUCLA09,openieeg,POL G33,0,0.2811391949653625
sub-openieegUCLA09,openieeg,POL G34,0,0.2243169546127319
sub-openieegUCLA09,openieeg,POL G35,0,0.271013855934143
sub-openieegUCLA09,openieeg,POL G36,0,0.3145650029182434
sub-openieegUCLA09,openieeg,POL G37,0,0.3291324377059936
sub-openieegUCLA09,openieeg,POL G38,0,0.1237935423851013
sub-openieegUCLA09,openieeg,POL G39,0,0.2106862664222717
sub-openieegUCLA09,openieeg,POL G4,0,0.1462066173553466
sub-openieegUCLA09,openieeg,POL G40,0,0.1738107800483703
sub-openieegUCLA09,openieeg,POL G41,0,0.2329306006431579
sub-openieegUCLA09,openieeg,POL G42,0,0.236750841140747
sub-openieegUCLA09,openieeg,POL G43,0,0.2660281062126159
sub-openieegUCLA09,openieeg,POL G44,0,0.1683851480484008
sub-openieegUCLA09,openieeg,POL G45,0,0.1410354971885681
sub-openieegUCLA09,openieeg,POL G46,0,0.1852608323097229
sub-openieegUCLA09,openieeg,POL G47,0,0.3230821490287781
sub-openieegUCLA09,openieeg,POL G48,0,0.1601125001907348
sub-openieegUCLA09,openieeg,POL G5,0,0.1894157528877258
sub-openieegUCLA09,openieeg,POL G6,1,0.1784397959709167
sub-openieegUCLA09,openieeg,POL G7,1,0.3090603947639465
sub-openieegUCLA09,openieeg,POL G8,0,0.2592667937278747
sub-openieegUCLA09,openieeg,POL G9,0,0.0628857612609863
sub-openieegUCLA09,openieeg,POL LS1,0,0.2806989550590515
sub-openieegUCLA09,openieeg,POL LS2,0,0.2353013753890991
sub-openieegUCLA09,openieeg,POL LS3,0,0.1748661398887634
sub-openieegUCLA09,openieeg,POL LS4,0,0.2313321232795715
sub-openieegUCLA09,openieeg,POL LS5,0,0.1344843506813049
sub-openieegUCLA09,openieeg,POL LS6,0,0.0904100537300109
sub-openieegUCLA09,openieeg,POL M3,0,0.2471656799316406
sub-openieegUCLA09,openieeg,POL M4,1,0.201992392539978
sub-openieegUCLA09,openieeg,POL M5,1,0.2221256494522094
sub-openieegUCLA09,openieeg,POL M6,1,0.165495753288269
sub-openieegUCLA09,openieeg,POL PP1,0,0.0717566013336181
sub-openieegUCLA09,openieeg,POL PP2,0,0.0642472505569458
sub-openieegUCLA09,openieeg,POL PP3,0,0.0701180696487426
sub-openieegUCLA09,openieeg,POL PP4,0,0.0738847851753234
sub-openieegUCLA09,openieeg,POL PP5,0,0.1630070209503173
sub-openieegUCLA09,openieeg,POL PP6,0,0.3915309309959411
sub-openieegUCLA09,openieeg,POL SM1,0,0.1511269211769104
sub-openieegUCLA09,openieeg,POL SM2,0,0.231066882610321
sub-openieegUCLA09,openieeg,POL SM3,0,0.2452317476272583
sub-openieegUCLA09,openieeg,POL SM4,1,0.169861614704132
sub-openieegUCLA09,openieeg,POL SM5,1,0.1395838856697082
sub-openieegUCLA09,openieeg,POL SM6,1,0.1603713035583496
sub-openieegUCLA10,openieeg,EEG AF1-Ref,0,0.212145984172821
sub-openieegUCLA10,openieeg,EEG AF2-Ref,1,0.5817996263504028
sub-openieegUCLA10,openieeg,EEG AF3-Ref,1,0.6857610940933228
sub-openieegUCLA10,openieeg,EEG AF4-Ref,1,0.6675889492034912
sub-openieegUCLA10,openieeg,EEG AF5-Ref,1,0.5935065746307373
sub-openieegUCLA10,openieeg,EEG AF6-Ref,1,0.222190260887146
sub-openieegUCLA10,openieeg,EEG AF7-Ref,1,0.4724242091178894
sub-openieegUCLA10,openieeg,EEG AF8-Ref,0,0.0640497207641601
sub-openieegUCLA10,openieeg,EEG P2-Ref,0,0.1680647134780883
sub-openieegUCLA10,openieeg,EEG P3-Ref,0,0.0518646836280822
sub-openieegUCLA10,openieeg,EEG P4-Ref,0,0.7064965963363647
sub-openieegUCLA10,openieeg,EEG P5-Ref,0,0.8291706442832947
sub-openieegUCLA10,openieeg,EEG P6-Ref,0,0.8375368714332581
sub-openieegUCLA10,openieeg,EEG P7-Ref,0,0.7741897106170654
sub-openieegUCLA10,openieeg,EEG P8-Ref,0,0.0423018932342529
sub-openieegUCLA10,openieeg,POL G1,0,0.5290586948394775
sub-openieegUCLA10,openieeg,POL G10,0,0.7536648511886597
sub-openieegUCLA10,openieeg,POL G11,1,0.7990112900733948
sub-openieegUCLA10,openieeg,POL G12,1,0.597166895866394
sub-openieegUCLA10,openieeg,POL G13,0,0.7623302340507507
sub-openieegUCLA10,openieeg,POL G14,0,0.8215616941452026
sub-openieegUCLA10,openieeg,POL G15,0,0.5863502025604248
sub-openieegUCLA10,openieeg,POL G16,0,0.1022917032241821
sub-openieegUCLA10,openieeg,POL G17,0,0.3853681087493896
sub-openieegUCLA10,openieeg,POL G18,0,0.5670203566551208
sub-openieegUCLA10,openieeg,POL G19,0,0.1634814739227295
sub-openieegUCLA10,openieeg,POL G2,0,0.624000072479248
sub-openieegUCLA10,openieeg,POL G20,0,0.1821598410606384
sub-openieegUCLA10,openieeg,POL G21,0,0.7687668800354004
sub-openieegUCLA10,openieeg,POL G22,0,0.7589045166969299
sub-openieegUCLA10,openieeg,POL G23,0,0.0675051808357238
sub-openieegUCLA10,openieeg,POL G24,0,0.0224502086639404
sub-openieegUCLA10,openieeg,POL G25,0,0.5835510492324829
sub-openieegUCLA10,openieeg,POL G26,0,0.5947040319442749
sub-openieegUCLA10,openieeg,POL G27,0,0.1067954897880554
sub-openieegUCLA10,openieeg,POL G28,0,0.5451149940490723
sub-openieegUCLA10,openieeg,POL G29,0,0.0436596870422363
sub-openieegUCLA10,openieeg,POL G3,1,0.601345419883728
sub-openieegUCLA10,openieeg,POL G30,0,0.0285097956657409
sub-openieegUCLA10,openieeg,POL G31,0,0.069932222366333
sub-openieegUCLA10,openieeg,POL G32,0,0.0175821185111999
sub-openieegUCLA10,openieeg,POL G34,0,0.0322497487068176
sub-openieegUCLA10,openieeg,POL G36,0,0.7646967172622681
sub-openieegUCLA10,openieeg,POL G37,0,0.0699230432510376
sub-openieegUCLA10,openieeg,POL G38,0,0.2578718662261963
sub-openieegUCLA10,openieeg,POL G39,0,0.0287191271781921
sub-openieegUCLA10,openieeg,POL G4,1,0.8356837034225464
sub-openieegUCLA10,openieeg,POL G40,0,0.0205346941947937
sub-openieegUCLA10,openieeg,POL G42,0,0.0901706218719482
sub-openieegUCLA10,openieeg,POL G43,0,0.1055871248245239
sub-openieegUCLA10,openieeg,POL G44,0,0.105526864528656
sub-openieegUCLA10,openieeg,POL G45,0,0.0297816395759582
sub-openieegUCLA10,openieeg,POL G46,0,0.0208953619003295
sub-openieegUCLA10,openieeg,POL G47,0,0.0244953036308288
sub-openieegUCLA10,openieeg,POL G48,0,0.0937464833259582
sub-openieegUCLA10,openieeg,POL G49,0,0.032622754573822
sub-openieegUCLA10,openieeg,POL G5,1,0.8227236270904541
sub-openieegUCLA10,openieeg,POL G50,0,0.0389617085456848
sub-openieegUCLA10,openieeg,POL G51,0,0.1480085849761963
sub-openieegUCLA10,openieeg,POL G52,0,0.2821523547172546
sub-openieegUCLA10,openieeg,POL G53,0,0.016503095626831
sub-openieegUCLA10,openieeg,POL G56,0,0.0419719219207763
sub-openieegUCLA10,openieeg,POL G57,1,0.8015846610069275
sub-openieegUCLA10,openieeg,POL G58,1,0.5490875244140625
sub-openieegUCLA10,openieeg,POL G59,1,0.5653574466705322
sub-openieegUCLA10,openieeg,POL G6,0,0.6220884323120117
sub-openieegUCLA10,openieeg,POL G60,1,0.8032982349395752
sub-openieegUCLA10,openieeg,POL G61,0,0.0503933429718017
sub-openieegUCLA10,openieeg,POL G62,0,0.0233150720596313
sub-openieegUCLA10,openieeg,POL G63,0,0.0265608429908752
sub-openieegUCLA10,openieeg,POL G64,0,0.0325880646705627
sub-openieegUCLA10,openieeg,POL G7,0,0.6234041452407837
sub-openieegUCLA10,openieeg,POL G8,0,0.1148055791854858
sub-openieegUCLA10,openieeg,POL G9,0,0.1338942050933838
sub-openieegUCLA10,openieeg,POL LIH1,0,0.0734615921974182
sub-openieegUCLA10,openieeg,POL LIH10,0,0.5456128120422363
sub-openieegUCLA10,openieeg,POL LIH11,0,0.7036653757095337
sub-openieegUCLA10,openieeg,POL LIH12,0,0.4167759418487549
sub-openieegUCLA10,openieeg,POL LIH2,0,0.4743276834487915
sub-openieegUCLA10,openieeg,POL LIH3,0,0.3559104800224304
sub-openieegUCLA10,openieeg,POL LIH4,0,0.7286752462387085
sub-openieegUCLA10,openieeg,POL LIH5,0,0.5580863952636719
sub-openieegUCLA10,openieeg,POL LIH6,0,0.1463611721992492
sub-openieegUCLA10,openieeg,POL LIH7,0,0.0596270561218261
sub-openieegUCLA10,openieeg,POL LIH8,0,0.0772776007652282
sub-openieegUCLA10,openieeg,POL LIH9,0,0.6070935130119324
sub-openieegUCLA10,openieeg,POL RIH1,0,0.0536947846412658
sub-openieegUCLA10,openieeg,POL RIH10,0,0.0918511748313903
sub-openieegUCLA10,openieeg,POL RIH11,0,0.0840064883232116
sub-openieegUCLA10,openieeg,POL RIH12,0,0.0377044081687927
sub-openieegUCLA10,openieeg,POL RIH2,0,0.0600005388259887
sub-openieegUCLA10,openieeg,POL RIH3,0,0.0763092637062072
sub-openieegUCLA10,openieeg,POL RIH4,0,0.0603623986244201
sub-openieegUCLA10,openieeg,POL RIH5,0,0.0712203383445739
sub-openieegUCLA10,openieeg,POL RIH6,0,0.054447591304779
sub-openieegUCLA10,openieeg,POL RIH7,0,0.0606108307838439
sub-openieegUCLA10,openieeg,POL RIH8,0,0.0583850741386413
sub-openieegUCLA10,openieeg,POL RIH9,0,0.0712467432022094
sub-openieegUCLA10,openieeg,POL ST1,1,0.0198346376419067
sub-openieegUCLA10,openieeg,POL ST2,1,0.2205784320831298
sub-openieegUCLA10,openieeg,POL ST3,1,0.5794692039489746
sub-openieegUCLA10,openieeg,POL ST4,1,0.8332824110984802
sub-openieegUCLA10,openieeg,POL ST5,1,0.7936915159225464
sub-openieegUCLA10,openieeg,POL ST6,1,0.7656450271606445
sub-openieegUCLA10,openieeg,POL ST7,0,0.8105684518814087
sub-openieegUCLA10,openieeg,POL ST8,0,0.802604079246521
sub-openieegUCLA10,openieeg,POL W1,0,0.0251916646957397
sub-openieegUCLA10,openieeg,POL W10,0,0.2227970361709594
sub-openieegUCLA10,openieeg,POL W11,0,0.0908006429672241
sub-openieegUCLA10,openieeg,POL W12,0,0.0339057445526123
sub-openieegUCLA10,openieeg,POL W13,0,0.0285574793815612
sub-openieegUCLA10,openieeg,POL W14,0,0.0482933521270751
sub-openieegUCLA10,openieeg,POL W15,0,0.1329641938209533
sub-openieegUCLA10,openieeg,POL W16,0,0.7652433514595032
sub-openieegUCLA10,openieeg,POL W2,0,0.0830676555633544
sub-openieegUCLA10,openieeg,POL W3,0,0.1845159530639648
sub-openieegUCLA10,openieeg,POL W4,0,0.4301534295082092
sub-openieegUCLA10,openieeg,POL W5,0,0.8063100576400757
sub-openieegUCLA10,openieeg,POL W6,0,0.5262476205825806
sub-openieegUCLA10,openieeg,POL W7,0,0.8087287545204163
sub-openieegUCLA10,openieeg,POL W8,0,0.8180596828460693
sub-openieegUCLA10,openieeg,POL W9,0,0.0317285656929016
sub-openieegUCLA12,openieeg,POL 4D1,0,0.0514300465583801
sub-openieegUCLA12,openieeg,POL 4D2,0,0.4122530221939087
sub-openieegUCLA12,openieeg,POL 4D3,0,0.1211413145065307
sub-openieegUCLA12,openieeg,POL 4D4,0,0.1211413145065307
sub-openieegUCLA12,openieeg,POL 6D1,0,0.0471311211585998
sub-openieegUCLA12,openieeg,POL 6D2,0,0.0318646430969238
sub-openieegUCLA12,openieeg,POL 6D3,0,0.0319297909736633
sub-openieegUCLA12,openieeg,POL 6D4,0,0.0513397455215454
sub-openieegUCLA12,openieeg,POL 6D5,0,0.058025062084198
sub-openieegUCLA12,openieeg,POL 6D6,0,0.0560811161994934
sub-openieegUCLA12,openieeg,POL G1,0,0.017535388469696
sub-openieegUCLA12,openieeg,POL G10,0,0.2850961089134216
sub-openieegUCLA12,openieeg,POL G11,0,0.1012805104255676
sub-openieegUCLA12,openieeg,POL G12,0,0.1809118390083313
sub-openieegUCLA12,openieeg,POL G13,0,0.0174314975738525
sub-openieegUCLA12,openieeg,POL G14,0,0.5638010501861572
sub-openieegUCLA12,openieeg,POL G15,0,0.6116799116134644
sub-openieegUCLA12,openieeg,POL G16,0,0.6080958843231201
sub-openieegUCLA12,openieeg,POL G18,0,0.5507067441940308
sub-openieegUCLA12,openieeg,POL G19,0,0.0323059558868408
sub-openieegUCLA12,openieeg,POL G2,0,0.5449181795120239
sub-openieegUCLA12,openieeg,POL G20,0,0.4568694233894348
sub-openieegUCLA12,openieeg,POL G21,0,0.542662501335144
sub-openieegUCLA12,openieeg,POL G22,0,0.7060655355453491
sub-openieegUCLA12,openieeg,POL G23,0,0.631433367729187
sub-openieegUCLA12,openieeg,POL G24,0,0.5272909998893738
sub-openieegUCLA12,openieeg,POL G25,0,0.5169472098350525
sub-openieegUCLA12,openieeg,POL G26,0,0.4463874101638794
sub-openieegUCLA12,openieeg,POL G27,0,0.4610459804534912
sub-openieegUCLA12,openieeg,POL G28,0,0.4110424518585205
sub-openieegUCLA12,openieeg,POL G29,0,0.0400919318199157
sub-openieegUCLA12,openieeg,POL G3,0,0.3276443481445312
sub-openieegUCLA12,openieeg,POL G30,0,0.5915278196334839
sub-openieegUCLA12,openieeg,POL G31,0,0.4072195291519165
sub-openieegUCLA12,openieeg,POL G32,0,0.6479995250701904
sub-openieegUCLA12,openieeg,POL G33,0,0.0224339365959167
sub-openieegUCLA12,openieeg,POL G34,0,0.0422041416168212
sub-openieegUCLA12,openieeg,POL G35,1,0.266039490699768
sub-openieegUCLA12,openieeg,POL G36,0,0.0458832383155822
sub-openieegUCLA12,openieeg,POL G37,1,0.4467396140098572
sub-openieegUCLA12,openieeg,POL G38,0,0.0219197273254394
sub-openieegUCLA12,openieeg,POL G39,0,0.020876407623291
sub-openieegUCLA12,openieeg,POL G4,0,0.534899115562439
sub-openieegUCLA12,openieeg,POL G40,0,0.4767078161239624
sub-openieegUCLA12,openieeg,POL G41,0,0.0314746499061584
sub-openieegUCLA12,openieeg,POL G42,0,0.0294654965400695
sub-openieegUCLA12,openieeg,POL G43,0,0.031054139137268
sub-openieegUCLA12,openieeg,POL G44,0,0.064799964427948
sub-openieegUCLA12,openieeg,POL G45,1,0.0288000106811523
sub-openieegUCLA12,openieeg,POL G46,0,0.0267804861068725
sub-openieegUCLA12,openieeg,POL G47,0,0.1230049133300781
sub-openieegUCLA12,openieeg,POL G48,0,0.5994930267333984
sub-openieegUCLA12,openieeg,POL G5,0,0.4934923648834228
sub-openieegUCLA12,openieeg,POL G6,0,0.1930492520332336
sub-openieegUCLA12,openieeg,POL G7,0,0.5176379680633545
sub-openieegUCLA12,openieeg,POL G8,0,0.5441925525665283
sub-openieegUCLA12,openieeg,POL G9,0,0.5660134553909302
sub-openieegUCLA12,openieeg,POL S2,0,0.2438467741012573
sub-openieegUCLA12,openieeg,POL S3,0,0.627310037612915
sub-openieegUCLA12,openieeg,POL S4,0,0.6820393800735474
sub-openieegUCLA12,openieeg,POL S5,0,0.4797234535217285
sub-openieegUCLA12,openieeg,POL S6,0,0.0234966874122619
sub-openieegUCLA12,openieeg,POL S7,0,0.0368901491165161
sub-openieegUCLA12,openieeg,POL S8,0,0.0340985059738159
sub-openieegUCLA13,openieeg,EEG M1-Ref,0,0.0272238254547119
sub-openieegUCLA13,openieeg,EEG M2-Ref,0,0.0248703956604003
sub-openieegUCLA13,openieeg,POL G1,0,0.0120734572410583
sub-openieegUCLA13,openieeg,POL G10,0,0.0136446356773376
sub-openieegUCLA13,openieeg,POL G11,0,0.1107811331748962
sub-openieegUCLA13,openieeg,POL G12,0,0.0158695578575134
sub-openieegUCLA13,openieeg,POL G13,0,0.0518698692321777
sub-openieegUCLA13,openieeg,POL G14,0,0.2821387648582458
sub-openieegUCLA13,openieeg,POL G15,0,0.6385096311569214
sub-openieegUCLA13,openieeg,POL G16,0,0.396334707736969
sub-openieegUCLA13,openieeg,POL G17,0,0.496776282787323
sub-openieegUCLA13,openieeg,POL G18,0,0.4828296303749084
sub-openieegUCLA13,openieeg,POL G19,0,0.4940161108970642
sub-openieegUCLA13,openieeg,POL G2,0,0.3597760796546936
sub-openieegUCLA13,openieeg,POL G20,0,0.0349471569061279
sub-openieegUCLA13,openieeg,POL G21,0,0.0827844142913818
sub-openieegUCLA13,openieeg,POL G22,0,0.0146158337593078
sub-openieegUCLA13,openieeg,POL G24,0,0.0149591565132141
sub-openieegUCLA13,openieeg,POL G26,0,0.529109001159668
sub-openieegUCLA13,openieeg,POL G27,0,0.3373437523841858
sub-openieegUCLA13,openieeg,POL G28,0,0.5966765880584717
sub-openieegUCLA13,openieeg,POL G29,0,0.3718303442001343
sub-openieegUCLA13,openieeg,POL G3,0,0.1363175511360168
sub-openieegUCLA13,openieeg,POL G30,0,0.4171463847160339
sub-openieegUCLA13,openieeg,POL G31,0,0.0154768228530883
sub-openieegUCLA13,openieeg,POL G32,0,0.0256997942924499
sub-openieegUCLA13,openieeg,POL G33,0,0.1636411547660827
sub-openieegUCLA13,openieeg,POL G34,0,0.3514935970306396
sub-openieegUCLA13,openieeg,POL G36,1,0.7279649972915649
sub-openieegUCLA13,openieeg,POL G37,1,0.1004461050033569
sub-openieegUCLA13,openieeg,POL G38,1,0.3463476896286011
sub-openieegUCLA13,openieeg,POL G39,0,0.0207018852233886
sub-openieegUCLA13,openieeg,POL G4,0,0.4702295660972595
sub-openieegUCLA13,openieeg,POL G40,0,0.0641326904296875
sub-openieegUCLA13,openieeg,POL G42,0,0.6968973875045776
sub-openieegUCLA13,openieeg,POL G43,0,0.6558531522750854
sub-openieegUCLA13,openieeg,POL G44,0,0.5763185620307922
sub-openieegUCLA13,openieeg,POL G46,0,0.0317775011062622
sub-openieegUCLA13,openieeg,POL G47,0,0.0324316024780273
sub-openieegUCLA13,openieeg,POL G48,0,0.0315058827400207
sub-openieegUCLA13,openieeg,POL G49,0,0.7163023948669434
sub-openieegUCLA13,openieeg,POL G5,0,0.2702535986900329
sub-openieegUCLA13,openieeg,POL G50,0,0.6079654097557068
sub-openieegUCLA13,openieeg,POL G51,0,0.538764476776123
sub-openieegUCLA13,openieeg,POL G52,0,0.5211001634597778
sub-openieegUCLA13,openieeg,POL G53,0,0.0262591242790222
sub-openieegUCLA13,openieeg,POL G56,0,0.0308404564857482
sub-openieegUCLA13,openieeg,POL G57,0,0.0710049271583557
sub-openieegUCLA13,openieeg,POL G58,0,0.7214846611022949
sub-openieegUCLA13,openieeg,POL G59,0,0.6132763624191284
sub-openieegUCLA13,openieeg,POL G6,0,0.4500079751014709
sub-openieegUCLA13,openieeg,POL G60,1,0.6686768531799316
sub-openieegUCLA13,openieeg,POL G61,1,0.0190529227256774
sub-openieegUCLA13,openieeg,POL G62,1,0.0316442847251892
sub-openieegUCLA13,openieeg,POL G63,0,0.0239809155464172
sub-openieegUCLA13,openieeg,POL G64,0,0.0234056115150451
sub-openieegUCLA13,openieeg,POL G7,0,0.3989977240562439
sub-openieegUCLA13,openieeg,POL G8,0,0.4187847971916199
sub-openieegUCLA13,openieeg,POL G9,0,0.1087632775306701
sub-openieegUCLA13,openieeg,POL M3,0,0.0728181004524231
sub-openieegUCLA13,openieeg,POL M4,0,0.0652802586555481
sub-openieegUCLA13,openieeg,POL M5,0,0.0518337488174438
sub-openieegUCLA13,openieeg,POL M6,0,0.0472880005836486
sub-openieegUCLA13,openieeg,POL S1,0,0.0371743440628051
sub-openieegUCLA13,openieeg,POL S2,0,0.037781536579132
sub-openieegUCLA13,openieeg,POL S3,0,0.1235663294792175
sub-openieegUCLA13,openieeg,POL S4,0,0.1190866231918335
sub-openieegUCLA13,openieeg,POL S5,1,0.0437142848968505
sub-openieegUCLA13,openieeg,POL S6,1,0.0483260750770568
sub-openieegUCLA13,openieeg,POL ST1,0,0.0655260682106018
sub-openieegUCLA13,openieeg,POL ST2,0,0.0152617692947387
sub-openieegUCLA13,openieeg,POL ST3,0,0.4355874061584472
sub-openieegUCLA13,openieeg,POL ST4,0,0.0288658738136291
sub-openieegUCLA13,openieeg,POL ST5,0,0.4186816811561584
sub-openieegUCLA13,openieeg,POL ST6,0,0.144728422164917
sub-openieegUCLA13,openieeg,POL ST7,0,0.0338053703308105
sub-openieegUCLA13,openieeg,POL ST8,0,0.0290063619613647
sub-openieegUCLA15,openieeg,EEG O1-Ref,0,0.022375464439392
sub-openieegUCLA15,openieeg,EEG O2-Ref,0,0.0545035600662231
sub-openieegUCLA15,openieeg,EEG T3-Ref,0,0.4565303921699524
sub-openieegUCLA15,openieeg,EEG T4-Ref,0,0.2949327230453491
sub-openieegUCLA15,openieeg,EEG T5-Ref,0,0.0537073612213134
sub-openieegUCLA15,openieeg,EEG T6-Ref,0,0.2057245969772339
sub-openieegUCLA15,openieeg,EEG T7-Ref,0,0.1850141882896423
sub-openieegUCLA15,openieeg,EEG T8-Ref,0,0.0406595468521118
sub-openieegUCLA15,openieeg,POL G1,0,0.1578965783119201
sub-openieegUCLA15,openieeg,POL G10,0,0.2080214619636535
sub-openieegUCLA15,openieeg,POL G11,0,0.0357765555381774
sub-openieegUCLA15,openieeg,POL G12,0,0.388096809387207
sub-openieegUCLA15,openieeg,POL G13,0,0.1477109789848327
sub-openieegUCLA15,openieeg,POL G14,1,0.2115086317062378
sub-openieegUCLA15,openieeg,POL G15,1,0.134921908378601
sub-openieegUCLA15,openieeg,POL G16,0,0.1082445383071899
sub-openieegUCLA15,openieeg,POL G17,0,0.2790729999542236
sub-openieegUCLA15,openieeg,POL G18,0,0.2372173070907592
sub-openieegUCLA15,openieeg,POL G19,0,0.2588497996330261
sub-openieegUCLA15,openieeg,POL G2,0,0.1192039847373962
sub-openieegUCLA15,openieeg,POL G20,0,0.2694941163063049
sub-openieegUCLA15,openieeg,POL G21,0,0.1044604778289794
sub-openieegUCLA15,openieeg,POL G22,0,0.0781526565551757
sub-openieegUCLA15,openieeg,POL G23,0,0.1205488443374633
sub-openieegUCLA15,openieeg,POL G24,0,0.0411531329154968
sub-openieegUCLA15,openieeg,POL G25,0,0.3002542853355407
sub-openieegUCLA15,openieeg,POL G26,0,0.2511178851127624
sub-openieegUCLA15,openieeg,POL G28,0,0.2414920330047607
sub-openieegUCLA15,openieeg,POL G29,0,0.274338960647583
sub-openieegUCLA15,openieeg,POL G3,0,0.2481882572174072
sub-openieegUCLA15,openieeg,POL G30,0,0.3527993559837341
sub-openieegUCLA15,openieeg,POL G31,0,0.5609526634216309
sub-openieegUCLA15,openieeg,POL G32,0,0.1031410098075866
sub-openieegUCLA15,openieeg,POL G36,0,0.1561787128448486
sub-openieegUCLA15,openieeg,POL G37,0,0.0519488453865051
sub-openieegUCLA15,openieeg,POL G38,0,0.3301067352294922
sub-openieegUCLA15,openieeg,POL G39,0,0.2834978699684143
sub-openieegUCLA15,openieeg,POL G4,0,0.0222959518432617
sub-openieegUCLA15,openieeg,POL G40,0,0.1058766841888427
sub-openieegUCLA15,openieeg,POL G42,0,0.0231473445892334
sub-openieegUCLA15,openieeg,POL G43,0,0.420164942741394
sub-openieegUCLA15,openieeg,POL G44,0,0.124946117401123
sub-openieegUCLA15,openieeg,POL G45,0,0.0585212111473083
sub-openieegUCLA15,openieeg,POL G46,0,0.0212011933326721
sub-openieegUCLA15,openieeg,POL G47,0,0.0285611152648925
sub-openieegUCLA15,openieeg,POL G48,0,0.1688466668128967
sub-openieegUCLA15,openieeg,POL G49,0,0.0221836566925048
sub-openieegUCLA15,openieeg,POL G5,0,0.0271267890930175
sub-openieegUCLA15,openieeg,POL G50,0,0.0255666971206665
sub-openieegUCLA15,openieeg,POL G51,0,0.0318661332130432
sub-openieegUCLA15,openieeg,POL G52,0,0.0902138948440551
sub-openieegUCLA15,openieeg,POL G53,0,0.1488953828811645
sub-openieegUCLA15,openieeg,POL G56,0,0.152311086654663
sub-openieegUCLA15,openieeg,POL G57,0,0.0195419192314147
sub-openieegUCLA15,openieeg,POL G58,0,0.0176756381988525
sub-openieegUCLA15,openieeg,POL G59,0,0.0222338438034057
sub-openieegUCLA15,openieeg,POL G6,1,0.1597287058830261
sub-openieegUCLA15,openieeg,POL G60,0,0.0213497877120971
sub-openieegUCLA15,openieeg,POL G61,0,0.1498474478721618
sub-openieegUCLA15,openieeg,POL G62,0,0.1256616115570068
sub-openieegUCLA15,openieeg,POL G63,0,0.0718132853507995
sub-openieegUCLA15,openieeg,POL G64,0,0.4194608330726623
sub-openieegUCLA15,openieeg,POL G7,1,0.2917276620864868
sub-openieegUCLA15,openieeg,POL G8,0,0.096902310848236
sub-openieegUCLA15,openieeg,POL G9,0,0.118878960609436
sub-openieegUCLA15,openieeg,POL O3,0,0.023567259311676
sub-openieegUCLA15,openieeg,POL O4,0,0.026819884777069
sub-openieegUCLA15,openieeg,POL O5,0,0.0259124636650085
sub-openieegUCLA15,openieeg,POL O6,0,0.0185820460319519
sub-openieegUCLA15,openieeg,POL O7,0,0.0166225433349609
sub-openieegUCLA15,openieeg,POL O8,0,0.0151618719100952
sub-openieegUCLA15,openieeg,POL T1,0,0.136534035205841
sub-openieegUCLA15,openieeg,POL T2,0,0.0272018313407897
sub-openieegUCLA19,openieeg,EEG F1-Ref,0,0.0175204277038574
sub-openieegUCLA19,openieeg,EEG F10-Ref,0,0.0172971487045288
sub-openieegUCLA19,openieeg,EEG F2-Ref,0,0.070383608341217
sub-openieegUCLA19,openieeg,EEG F3-Ref,0,0.0500774979591369
sub-openieegUCLA19,openieeg,EEG F4-Ref,0,0.4511085152626037
sub-openieegUCLA19,openieeg,EEG F5-Ref,0,0.3948134779930115
sub-openieegUCLA19,openieeg,EEG F6-Ref,0,0.2645239233970642
sub-openieegUCLA19,openieeg,EEG F7-Ref,0,0.0268154144287109
sub-openieegUCLA19,openieeg,EEG F8-Ref,0,0.1652366518974304
sub-openieegUCLA19,openieeg,EEG F9-Ref,0,0.2838876843452453
sub-openieegUCLA19,openieeg,EEG O1-Ref,1,0.3310624361038208
sub-openieegUCLA19,openieeg,EEG O2-Ref,0,0.4541946649551391
sub-openieegUCLA19,openieeg,POL AT1,0,0.0232303738594055
sub-openieegUCLA19,openieeg,POL AT2,0,0.0292519330978393
sub-openieegUCLA19,openieeg,POL AT3,0,0.0216560363769531
sub-openieegUCLA19,openieeg,POL AT4,0,0.0297785997390747
sub-openieegUCLA19,openieeg,POL AT5,0,0.0315845012664794
sub-openieegUCLA19,openieeg,POL AT6,0,0.027567982673645
sub-openieegUCLA19,openieeg,POL AT7,0,0.0291706919670104
sub-openieegUCLA19,openieeg,POL AT8,0,0.0253472924232482
sub-openieegUCLA19,openieeg,POL BT1,0,0.0208968520164489
sub-openieegUCLA19,openieeg,POL BT2,0,0.0227218270301818
sub-openieegUCLA19,openieeg,POL BT3,0,0.0416257381439209
sub-openieegUCLA19,openieeg,POL BT4,0,0.0480445027351379
sub-openieegUCLA19,openieeg,POL BT5,0,0.0503396987915039
sub-openieegUCLA19,openieeg,POL BT6,0,0.0209488868713378
sub-openieegUCLA19,openieeg,POL BT7,0,0.211699366569519
sub-openieegUCLA19,openieeg,POL BT8,0,0.0548938512802124
sub-openieegUCLA19,openieeg,POL BTO1,0,0.6461009979248047
sub-openieegUCLA19,openieeg,POL BTO2,0,0.7122163772583008
sub-openieegUCLA19,openieeg,POL BTO3,0,0.6760098934173584
sub-openieegUCLA19,openieeg,POL BTO4,0,0.64546799659729
sub-openieegUCLA19,openieeg,POL BTO5,0,0.6567113399505615
sub-openieegUCLA19,openieeg,POL BTO6,0,0.7161953449249268
sub-openieegUCLA19,openieeg,POL BTO7,0,0.364571213722229
sub-openieegUCLA19,openieeg,POL BTO8,0,0.0168622732162475
sub-openieegUCLA19,openieeg,POL G1,0,0.2434059381484985
sub-openieegUCLA19,openieeg,POL G10,0,0.0557489991188049
sub-openieegUCLA19,openieeg,POL G11,0,0.0106330513954162
sub-openieegUCLA19,openieeg,POL G12,0,0.0109753012657165
sub-openieegUCLA19,openieeg,POL G13,0,0.0098613500595092
sub-openieegUCLA19,openieeg,POL G14,0,0.0119743943214416
sub-openieegUCLA19,openieeg,POL G15,0,0.021938681602478
sub-openieegUCLA19,openieeg,POL G16,0,0.0228654742240905
sub-openieegUCLA19,openieeg,POL G17,0,0.0693457722663879
sub-openieegUCLA19,openieeg,POL G18,0,0.2510567307472229
sub-openieegUCLA19,openieeg,POL G19,0,0.0235077142715454
sub-openieegUCLA19,openieeg,POL G2,0,0.0128272771835327
sub-openieegUCLA19,openieeg,POL G20,0,0.0168374776840209
sub-openieegUCLA19,openieeg,POL G21,0,0.01185804605484
sub-openieegUCLA19,openieeg,POL G22,0,0.4217954874038696
sub-openieegUCLA19,openieeg,POL G23,0,0.7682269215583801
sub-openieegUCLA19,openieeg,POL G24,0,0.694957971572876
sub-openieegUCLA19,openieeg,POL G25,0,0.5934137105941772
sub-openieegUCLA19,openieeg,POL G26,0,0.0138627290725708
sub-openieegUCLA19,openieeg,POL G27,0,0.2925941348075866
sub-openieegUCLA19,openieeg,POL G28,0,0.0133939385414123
sub-openieegUCLA19,openieeg,POL G29,0,0.493928849697113
sub-openieegUCLA19,openieeg,POL G3,0,0.035826563835144
sub-openieegUCLA19,openieeg,POL G30,0,0.6374181509017944
sub-openieegUCLA19,openieeg,POL G31,0,0.5507956743240356
sub-openieegUCLA19,openieeg,POL G32,0,0.6888600587844849
sub-openieegUCLA19,openieeg,POL G33,0,0.1434195637702942
sub-openieegUCLA19,openieeg,POL G34,0,0.312163233757019
sub-openieegUCLA19,openieeg,POL G35,0,0.5356051921844482
sub-openieegUCLA19,openieeg,POL G36,0,0.5883251428604126
sub-openieegUCLA19,openieeg,POL G37,0,0.0126398205757141
sub-openieegUCLA19,openieeg,POL G38,0,0.2657775282859802
sub-openieegUCLA19,openieeg,POL G39,0,0.6619818210601807
sub-openieegUCLA19,openieeg,POL G4,0,0.2028047442436218
sub-openieegUCLA19,openieeg,POL G40,0,0.1316783428192138
sub-openieegUCLA19,openieeg,POL G41,0,0.2052717208862304
sub-openieegUCLA19,openieeg,POL G42,0,0.6367459297180176
sub-openieegUCLA19,openieeg,POL G43,0,0.5581357479095459
sub-openieegUCLA19,openieeg,POL G44,0,0.6618091464042664
sub-openieegUCLA19,openieeg,POL G45,0,0.649217963218689
sub-openieegUCLA19,openieeg,POL G46,0,0.0630204677581787
sub-openieegUCLA19,openieeg,POL G47,0,0.535698413848877
sub-openieegUCLA19,openieeg,POL G48,0,0.6877605319023132
sub-openieegUCLA19,openieeg,POL G49,1,0.6642032861709595
sub-openieegUCLA19,openieeg,POL G5,0,0.0136810541152954
sub-openieegUCLA19,openieeg,POL G50,0,0.6598918437957764
sub-openieegUCLA19,openieeg,POL G51,0,0.6975134611129761
sub-openieegUCLA19,openieeg,POL G52,0,0.7388405799865723
sub-openieegUCLA19,openieeg,POL G53,0,0.6528293490409851
sub-openieegUCLA19,openieeg,POL G54,0,0.5376855134963989
sub-openieegUCLA19,openieeg,POL G55,0,0.6624927520751953
sub-openieegUCLA19,openieeg,POL G56,0,0.709647536277771
sub-openieegUCLA19,openieeg,POL G57,1,0.3255724310874939
sub-openieegUCLA19,openieeg,POL G58,0,0.7358680367469788
sub-openieegUCLA19,openieeg,POL G59,0,0.7387689352035522
sub-openieegUCLA19,openieeg,POL G6,0,0.0213802456855773
sub-openieegUCLA19,openieeg,POL G60,0,0.5919715166091919
sub-openieegUCLA19,openieeg,POL G61,0,0.0733920335769653
sub-openieegUCLA19,openieeg,POL G62,0,0.0291637182235717
sub-openieegUCLA19,openieeg,POL G63,0,0.7615152597427368
sub-openieegUCLA19,openieeg,POL G64,0,0.7132318019866943
sub-openieegUCLA19,openieeg,POL G7,0,0.0165073871612548
sub-openieegUCLA19,openieeg,POL G8,0,0.0214890241622924
sub-openieegUCLA19,openieeg,POL G9,0,0.1008455157279968
sub-openieegUCLA19,openieeg,POL MT1,1,0.0340386629104614
sub-openieegUCLA19,openieeg,POL MT2,0,0.0294193625450134
sub-openieegUCLA19,openieeg,POL MT3,0,0.0251215100288391
sub-openieegUCLA19,openieeg,POL MT4,0,0.0194635391235351
sub-openieegUCLA19,openieeg,POL MT5,0,0.0219674110412597
sub-openieegUCLA19,openieeg,POL MT6,0,0.0264821052551269
sub-openieegUCLA19,openieeg,POL O3,0,0.7042490243911743
sub-openieegUCLA19,openieeg,POL O4,0,0.5339294672012329
sub-openieegUCLA19,openieeg,POL O5,0,0.3123927116394043
sub-openieegUCLA19,openieeg,POL O6,0,0.0367024540901184
sub-openieegUCLA19,openieeg,POL O7,0,0.197600245475769
sub-openieegUCLA19,openieeg,POL O8,0,0.3004664182662964
sub-openieegUCLA19,openieeg,POL PT1,0,0.027021050453186
sub-openieegUCLA19,openieeg,POL PT2,0,0.0296810865402221
sub-openieegUCLA19,openieeg,POL PT3,0,0.0227761268615722
sub-openieegUCLA19,openieeg,POL PT4,0,0.0219649076461792
sub-openieegUCLA19,openieeg,POL PT5,0,0.021915853023529
sub-openieegUCLA19,openieeg,POL PT6,0,0.0250545740127563
sub-openieegUCLA20,openieeg,EEG A1-Ref,0,0.0267940759658813
sub-openieegUCLA20,openieeg,EEG A2-Ref,0,0.2723832130432129
sub-openieegUCLA20,openieeg,EEG P1-Ref,0,0.4303823113441467
sub-openieegUCLA20,openieeg,EEG P2-Ref,0,0.0109777450561523
sub-openieegUCLA20,openieeg,EEG P3-Ref,0,0.0450869798660278
sub-openieegUCLA20,openieeg,EEG P4-Ref,0,0.1190384030342102
sub-openieegUCLA20,openieeg,EEG P5-Ref,0,0.0387813448905944
sub-openieegUCLA20,openieeg,EEG P6-Ref,0,0.0139753222465515
sub-openieegUCLA20,openieeg,EEG P7-Ref,0,0.0481644868850708
sub-openieegUCLA20,openieeg,EEG P8-Ref,0,0.0670012235641479
sub-openieegUCLA20,openieeg,EEG T10-Ref,0,0.1508293151855468
sub-openieegUCLA20,openieeg,EEG T3-Ref,0,0.1409258842468261
sub-openieegUCLA20,openieeg,EEG T4-Ref,0,0.1624514460563659
sub-openieegUCLA20,openieeg,EEG T5-Ref,0,0.1800951361656189
sub-openieegUCLA20,openieeg,EEG T6-Ref,0,0.2980729937553406
sub-openieegUCLA20,openieeg,EEG T7-Ref,0,0.1554319262504577
sub-openieegUCLA20,openieeg,EEG T8-Ref,0,0.2938988208770752
sub-openieegUCLA20,openieeg,EEG T9-Ref,0,0.0121592879295349
sub-openieegUCLA20,openieeg,POL A10,0,0.0918448567390441
sub-openieegUCLA20,openieeg,POL A3,0,0.4427113533020019
sub-openieegUCLA20,openieeg,POL A4,0,0.2331578731536865
sub-openieegUCLA20,openieeg,POL A5,0,0.1455857753753662
sub-openieegUCLA20,openieeg,POL A6,0,0.3158387541770935
sub-openieegUCLA20,openieeg,POL A7,0,0.015234351158142
sub-openieegUCLA20,openieeg,POL A8,0,0.0108173489570617
sub-openieegUCLA20,openieeg,POL A9,0,0.0748707056045532
sub-openieegUCLA20,openieeg,POL G1,0,0.1426511406898498
sub-openieegUCLA20,openieeg,POL G10,0,0.0131632089614868
sub-openieegUCLA20,openieeg,POL G11,0,0.1866039633750915
sub-openieegUCLA20,openieeg,POL G12,0,0.172646939754486
sub-openieegUCLA20,openieeg,POL G13,0,0.009596824645996
sub-openieegUCLA20,openieeg,POL G14,0,0.0252873301506042
sub-openieegUCLA20,openieeg,POL G15,0,0.1408258080482483
sub-openieegUCLA20,openieeg,POL G16,0,0.187157928943634
sub-openieegUCLA20,openieeg,POL G17,0,0.0376426577568054
sub-openieegUCLA20,openieeg,POL G18,0,0.2480696439743042
sub-openieegUCLA20,openieeg,POL G19,0,0.1040892004966735
sub-openieegUCLA20,openieeg,POL G2,0,0.0676554441452026
sub-openieegUCLA20,openieeg,POL G20,0,0.1717786788940429
sub-openieegUCLA20,openieeg,POL G21,0,0.1131439805030822
sub-openieegUCLA20,openieeg,POL G22,0,0.0102515816688537
sub-openieegUCLA20,openieeg,POL G23,0,0.1523555517196655
sub-openieegUCLA20,openieeg,POL G24,0,0.1714649796485901
sub-openieegUCLA20,openieeg,POL G25,0,0.1070792078971862
sub-openieegUCLA20,openieeg,POL G26,0,0.0736467838287353
sub-openieegUCLA20,openieeg,POL G27,0,0.0621867775917053
sub-openieegUCLA20,openieeg,POL G28,0,0.1293361186981201
sub-openieegUCLA20,openieeg,POL G29,0,0.2770851850509643
sub-openieegUCLA20,openieeg,POL G3,0,0.0676154494285583
sub-openieegUCLA20,openieeg,POL G30,0,0.1789383292198181
sub-openieegUCLA20,openieeg,POL G31,0,0.0923091173171997
sub-openieegUCLA20,openieeg,POL G32,0,0.0866838693618774
sub-openieegUCLA20,openieeg,POL G33,0,0.0161150693893432
sub-openieegUCLA20,openieeg,POL G34,1,0.1394027471542358
sub-openieegUCLA20,openieeg,POL G35,1,0.1898630261421203
sub-openieegUCLA20,openieeg,POL G36,1,0.0594717860221862
sub-openieegUCLA20,openieeg,POL G37,0,0.1489550471305847
sub-openieegUCLA20,openieeg,POL G38,0,0.2272914052009582
sub-openieegUCLA20,openieeg,POL G39,0,0.2544644474983215
sub-openieegUCLA20,openieeg,POL G4,0,0.29180908203125
sub-openieegUCLA20,openieeg,POL G40,0,0.0617666840553283
sub-openieegUCLA20,openieeg,POL G41,0,0.1626823544502258
sub-openieegUCLA20,openieeg,POL G42,1,0.0210571885108947
sub-openieegUCLA20,openieeg,POL G43,1,0.0128118991851806
sub-openieegUCLA20,openieeg,POL G44,1,0.0933366417884826
sub-openieegUCLA20,openieeg,POL G45,0,0.2014580368995666
sub-openieegUCLA20,openieeg,POL G46,0,0.1087666749954223
sub-openieegUCLA20,openieeg,POL G47,0,0.1541738510131836
sub-openieegUCLA20,openieeg,POL G48,0,0.0687677860260009
sub-openieegUCLA20,openieeg,POL G49,0,0.2058372497558593
sub-openieegUCLA20,openieeg,POL G5,0,0.00916188955307
sub-openieegUCLA20,openieeg,POL G50,0,0.4507741332054138
sub-openieegUCLA20,openieeg,POL G51,0,0.2468768954277038
sub-openieegUCLA20,openieeg,POL G52,0,0.1937233209609985
sub-openieegUCLA20,openieeg,POL G53,0,0.3470816016197204
sub-openieegUCLA20,openieeg,POL G54,0,0.1644213795661926
sub-openieegUCLA20,openieeg,POL G55,0,0.0838331580162048
sub-openieegUCLA20,openieeg,POL G56,0,0.1030668020248413
sub-openieegUCLA20,openieeg,POL G57,0,0.1760450601577758
sub-openieegUCLA20,openieeg,POL G58,0,0.0317270159721374
sub-openieegUCLA20,openieeg,POL G59,0,0.3895252346992492
sub-openieegUCLA20,openieeg,POL G6,0,0.0118001699447631
sub-openieegUCLA20,openieeg,POL G60,0,0.03913414478302
sub-openieegUCLA20,openieeg,POL G61,0,0.2620225548744201
sub-openieegUCLA20,openieeg,POL G62,0,0.1239809989929199
sub-openieegUCLA20,openieeg,POL G63,0,0.0950896143913269
sub-openieegUCLA20,openieeg,POL G64,0,0.0914161801338195
sub-openieegUCLA20,openieeg,POL G7,0,0.063370406627655
sub-openieegUCLA20,openieeg,POL G8,0,0.1420711278915405
sub-openieegUCLA20,openieeg,POL G9,0,0.1278689503669738
sub-openieegUCLA20,openieeg,POL IH1,0,0.1876576542854309
sub-openieegUCLA20,openieeg,POL IH10,0,0.3836953043937683
sub-openieegUCLA20,openieeg,POL IH11,0,0.0989525318145752
sub-openieegUCLA20,openieeg,POL IH12,0,0.010728120803833
sub-openieegUCLA20,openieeg,POL IH13,0,0.1521687507629394
sub-openieegUCLA20,openieeg,POL IH14,0,0.2583904862403869
sub-openieegUCLA20,openieeg,POL IH15,0,0.1379717588424682
sub-openieegUCLA20,openieeg,POL IH16,0,0.1680434346199035
sub-openieegUCLA20,openieeg,POL IH17,0,0.349088966846466
sub-openieegUCLA20,openieeg,POL IH18,0,0.4582060575485229
sub-openieegUCLA20,openieeg,POL IH19,0,0.4208686351776123
sub-openieegUCLA20,openieeg,POL IH2,0,0.158572256565094
sub-openieegUCLA20,openieeg,POL IH20,0,0.151035189628601
sub-openieegUCLA20,openieeg,POL IH21,0,0.1560486555099487
sub-openieegUCLA20,openieeg,POL IH22,0,0.1328350901603698
sub-openieegUCLA20,openieeg,POL IH23,0,0.2385578155517578
sub-openieegUCLA20,openieeg,POL IH24,0,0.3460566997528076
sub-openieegUCLA20,openieeg,POL IH3,0,0.3429283499717712
sub-openieegUCLA20,openieeg,POL IH4,0,0.2363419532775879
sub-openieegUCLA20,openieeg,POL IH5,0,0.2205180525779724
sub-openieegUCLA20,openieeg,POL IH6,0,0.3605556488037109
sub-openieegUCLA20,openieeg,POL IH7,0,0.0720109343528747
sub-openieegUCLA20,openieeg,POL IH8,0,0.0963795185089111
sub-openieegUCLA20,openieeg,POL IH9,0,0.323722243309021
sub-openieegUCLA20,openieeg,POL T1,0,0.124404489994049
sub-openieegUCLA20,openieeg,POL T11,0,0.0987733006477356
sub-openieegUCLA20,openieeg,POL T12,0,0.0822890996932983
sub-openieegUCLA20,openieeg,POL T13,0,0.1002894639968872
sub-openieegUCLA20,openieeg,POL T14,0,0.2038016319274902
sub-openieegUCLA20,openieeg,POL T15,0,0.0748680830001831
sub-openieegUCLA20,openieeg,POL T16,0,0.1800904870033264
sub-openieegUCLA20,openieeg,POL T2,0,0.0557255148887634
sub-openieegUCLA23,openieeg,G19,0,0.4199628233909607
sub-openieegUCLA23,openieeg,G20,1,0.0331683158874511
sub-openieegUCLA23,openieeg,G21,1,0.0417569875717163
sub-openieegUCLA23,openieeg,G22,1,0.3910399079322815
sub-openieegUCLA23,openieeg,G23,1,0.1625780463218689
sub-openieegUCLA23,openieeg,G24,0,0.1937829852104187
sub-openieegUCLA23,openieeg,G26,0,0.2253084778785705
sub-openieegUCLA23,openieeg,G27,1,0.432847261428833
sub-openieegUCLA23,openieeg,G28,0,0.0362434983253479
sub-openieegUCLA23,openieeg,G29,0,0.2232180833816528
sub-openieegUCLA23,openieeg,G30,0,0.5459437370300293
sub-openieegUCLA23,openieeg,G31,0,0.5685152411460876
sub-openieegUCLA23,openieeg,G32,0,0.1586366295814514
sub-openieegUCLA23,openieeg,G34,0,0.0372998714447021
sub-openieegUCLA23,openieeg,G35,0,0.0276160240173339
sub-openieegUCLA23,openieeg,G36,0,0.0205909609794616
sub-openieegUCLA23,openieeg,G37,0,0.2205914258956909
sub-openieegUCLA23,openieeg,G38,0,0.4943524003028869
sub-openieegUCLA23,openieeg,G39,0,0.5574566721916199
sub-openieegUCLA23,openieeg,G40,0,0.225577712059021
sub-openieegUCLA23,openieeg,G42,0,0.2644094824790954
sub-openieegUCLA23,openieeg,G43,0,0.2832745909690857
sub-openieegUCLA23,openieeg,G44,0,0.0416606068611145
sub-openieegUCLA23,openieeg,G45,0,0.229296326637268
sub-openieegUCLA23,openieeg,G46,0,0.4093847274780273
sub-openieegUCLA23,openieeg,G47,0,0.0839655995368957
sub-openieegUCLA23,openieeg,G48,0,0.0981475114822387
sub-openieegUCLA23,openieeg,G50,0,0.0695045590400695
sub-openieegUCLA23,openieeg,G51,0,0.5066510438919067
sub-openieegUCLA23,openieeg,G52,0,0.0935051441192627
sub-openieegUCLA23,openieeg,G53,0,0.12448650598526
sub-openieegUCLA23,openieeg,G54,0,0.0619407296180725
sub-openieegUCLA23,openieeg,G55,0,0.2898123860359192
sub-openieegUCLA23,openieeg,G56,1,0.2625529766082763
sub-openieegUCLA23,openieeg,G57,0,0.1065414547920227
sub-openieegUCLA23,openieeg,G58,0,0.0509227514266967
sub-openieegUCLA23,openieeg,G59,0,0.209894061088562
sub-openieegUCLA23,openieeg,G60,0,0.1119295358657836
sub-openieegUCLA23,openieeg,G61,0,0.0401605367660522
sub-openieegUCLA23,openieeg,G62,0,0.1459138393402099
sub-openieegUCLA23,openieeg,G63,0,0.3460429310798645
sub-openieegUCLA23,openieeg,G64,0,0.2538022398948669
sub-openieegUCLA23,openieeg,LSD1,0,0.0178887248039245
sub-openieegUCLA23,openieeg,LSD3,0,0.0257351994514465
sub-openieegUCLA23,openieeg,LSD4,0,0.0623589754104614
sub-openieegUCLA23,openieeg,LSD5,0,0.1746116876602172
sub-openieegUCLA23,openieeg,LSD6,0,0.2315112948417663
sub-openieegUCLA23,openieeg,MFD2,1,0.4545913934707641
sub-openieegUCLA23,openieeg,MFD3,0,0.3269165158271789
sub-openieegUCLA23,openieeg,MFD4,0,0.5625393390655518
sub-openieegUCLA23,openieeg,MFD5,0,0.4006293416023254
sub-openieegUCLA23,openieeg,MFD6,0,0.5746117830276489
sub-openieegUCLA23,openieeg,MLD1,0,0.1598400473594665
sub-openieegUCLA23,openieeg,MLD2,0,0.0227842330932617
sub-openieegUCLA23,openieeg,MLD3,0,0.0475504398345947
sub-openieegUCLA23,openieeg,MLD4,0,0.1521993279457092
sub-openieegUCLA23,openieeg,MLD5,0,0.163385272026062
sub-openieegUCLA23,openieeg,MLD6,0,0.046135663986206
sub-openieegUCLA23,openieeg,MSD1,1,0.4494169354438782
sub-openieegUCLA23,openieeg,MSD2,1,0.4110536575317383
sub-openieegUCLA23,openieeg,MSD3,1,0.1459836363792419
sub-openieegUCLA23,openieeg,MSD4,0,0.0503663420677185
sub-openieegUCLA23,openieeg,MSD5,0,0.0500286221504211
sub-openieegUCLA23,openieeg,MSD6,0,0.2299461364746093
sub-openieegUCLA23,openieeg,PO1,0,0.167210042476654
sub-openieegUCLA23,openieeg,PO3,0,0.4533079862594604
sub-openieegUCLA23,openieeg,PO4,0,0.4645305275917053
sub-openieegUCLA23,openieeg,PO5,0,0.1082069873809814
sub-openieegUCLA23,openieeg,PO6,0,0.1205417513847351
sub-openieegUCLA23,openieeg,PO7,0,0.1704518795013427
sub-openieegUCLA23,openieeg,PO8,0,0.1403308510780334
sub-openieegUCLA23,openieeg,ST1,0,0.2300470471382141
sub-openieegUCLA23,openieeg,ST2,0,0.1854955554008484
sub-openieegUCLA23,openieeg,ST3,0,0.2452310919761657
sub-openieegUCLA23,openieeg,ST4,0,0.2443252205848693
sub-openieegUCLA23,openieeg,ST5,0,0.2194747924804687
sub-openieegUCLA23,openieeg,ST6,0,0.2484078407287597
sub-openieegUCLA23,openieeg,ST7,0,0.2590124011039734
sub-openieegUCLA23,openieeg,ST8,0,0.0165345668792724
sub-openieegUCLA25,openieeg,LAC1-LAC2,0,0.135141372680664
sub-openieegUCLA25,openieeg,LAC4-LAC5,0,0.0309491753578186
sub-openieegUCLA25,openieeg,LAC5-LAC6,0,0.1127821803092956
sub-openieegUCLA25,openieeg,LAC6-LAC7,0,0.3198168873786926
sub-openieegUCLA25,openieeg,LAC7-LAC8,0,0.1184346079826355
sub-openieegUCLA25,openieeg,LAH1-LAH2,0,0.3788654208183288
sub-openieegUCLA25,openieeg,LAH2-LAH3,0,0.1207401156425476
sub-openieegUCLA25,openieeg,LAH3-LAH4,0,0.0580477118492126
sub-openieegUCLA25,openieeg,LAH4-LAH5,0,0.3780004382133484
sub-openieegUCLA25,openieeg,LAH5-LAH6,0,0.2344615459442138
sub-openieegUCLA25,openieeg,LAM1-LAM2,0,0.325131893157959
sub-openieegUCLA25,openieeg,LAM2-LAM3,0,0.1973270177841186
sub-openieegUCLA25,openieeg,LAM3-LAM4,0,0.0830489993095398
sub-openieegUCLA25,openieeg,LAM4-LAM5,0,0.1692205071449279
sub-openieegUCLA25,openieeg,LAM5-LAM6,0,0.2799338102340698
sub-openieegUCLA25,openieeg,LAM6-LAM7,0,0.3898147344589233
sub-openieegUCLA25,openieeg,LAM7-LAM8,0,0.5786253213882446
sub-openieegUCLA25,openieeg,LIN1-LIN2,0,0.4023629426956177
sub-openieegUCLA25,openieeg,LIN2-LIN3,0,0.2841082215309143
sub-openieegUCLA25,openieeg,LIN3-LIN4,0,0.1204041242599487
sub-openieegUCLA25,openieeg,LIN4-LIN5,0,0.2474003434181213
sub-openieegUCLA25,openieeg,LIN5-LIN6,0,0.2331563234329223
sub-openieegUCLA25,openieeg,LIN6-LIN7,0,0.2374635934829712
sub-openieegUCLA25,openieeg,LIN7-LIN8,0,0.3277943730354309
sub-openieegUCLA25,openieeg,LOF1-LOF2,0,0.0415064692497253
sub-openieegUCLA25,openieeg,LOF2-LOF3,0,0.0519585609436035
sub-openieegUCLA25,openieeg,LOF3-LOF4,0,0.0399275422096252
sub-openieegUCLA25,openieeg,LOF4-LOF5,0,0.0999671220779419
sub-openieegUCLA25,openieeg,LOF5-LOF6,0,0.1708961129188537
sub-openieegUCLA25,openieeg,LOF6-LOF7,0,0.187924325466156
sub-openieegUCLA25,openieeg,LOF7-LOF8,0,0.1891923546791076
sub-openieegUCLA25,openieeg,LOF8-LOF9,0,0.1524668931961059
sub-openieegUCLA25,openieeg,LOF9-LOF10,0,0.1772212386131286
sub-openieegUCLA25,openieeg,LPH1-LPH2,0,0.2528431415557861
sub-openieegUCLA25,openieeg,LPH2-LPH3,0,0.3585346341133117
sub-openieegUCLA25,openieeg,LPH3-LPH4,0,0.0185083150863647
sub-openieegUCLA25,openieeg,LPH4-LPH5,0,0.0159317851066589
sub-openieegUCLA25,openieeg,LPH5-LPH6,0,0.0334895849227905
sub-openieegUCLA25,openieeg,LPH6-LPH7,0,0.0207719802856445
sub-openieegUCLA25,openieeg,LPH7-LPH8,0,0.0195031762123107
sub-openieegUCLA25,openieeg,LPM1-LPM2,0,0.3352055549621582
sub-openieegUCLA25,openieeg,LPM2-LPM3,0,0.0783948898315429
sub-openieegUCLA25,openieeg,LPM3-LPM4,0,0.0615320801734924
sub-openieegUCLA25,openieeg,LPM4-LPM5,0,0.0807275176048278
sub-openieegUCLA25,openieeg,LPM5-LPM6,0,0.2509219050407409
sub-openieegUCLA25,openieeg,LPM6-LPM7,0,0.2967408895492553
sub-openieegUCLA25,openieeg,LPM7-LPM8,0,0.3155216574668884
sub-openieegUCLA25,openieeg,LSTG1-LSTG2,0,0.4193829298019409
sub-openieegUCLA25,openieeg,LSTG2-LSTG3,0,0.3729657530784607
sub-openieegUCLA25,openieeg,LSTG3-LSTG4,0,0.4102120399475097
sub-openieegUCLA25,openieeg,LSTG4-LSTG5,0,0.4494351744651794
sub-openieegUCLA25,openieeg,LSTG5-LSTG6,0,0.3617362380027771
sub-openieegUCLA25,openieeg,RAC2-RAC3,0,0.0383220314979553
sub-openieegUCLA25,openieeg,RAC3-RAC4,0,0.0130387544631958
sub-openieegUCLA25,openieeg,RAC4-RAC5,0,0.0121259093284606
sub-openieegUCLA25,openieeg,RAC5-RAC6,0,0.0210561752319335
sub-openieegUCLA25,openieeg,RAC6-RAC7,0,0.0268798470497131
sub-openieegUCLA25,openieeg,RAC7-RAC8,0,0.0696696639060974
sub-openieegUCLA25,openieeg,RAH1-RAH2,0,0.6698246598243713
sub-openieegUCLA25,openieeg,RAH3-RAH4,0,0.6752352714538574
sub-openieegUCLA25,openieeg,RAH4-RAH5,0,0.5799721479415894
sub-openieegUCLA25,openieeg,RAH5-RAH6,0,0.4275266528129577
sub-openieegUCLA25,openieeg,RAH6-RAH7,0,0.6515564322471619
sub-openieegUCLA25,openieeg,RAH7-RAH8,0,0.6889410018920898
sub-openieegUCLA25,openieeg,RAM1-RAM2,0,0.6873631477355957
sub-openieegUCLA25,openieeg,RAM2-RAM3,0,0.2567230463027954
sub-openieegUCLA25,openieeg,RAM4-RAM5,0,0.0737214684486389
sub-openieegUCLA25,openieeg,RAM5-RAM6,0,0.2431216239929199
sub-openieegUCLA25,openieeg,RAM6-RAM7,0,0.531065821647644
sub-openieegUCLA25,openieeg,RAM7-RAM8,0,0.5527613759040833
sub-openieegUCLA25,openieeg,RIN1-RIN2,0,0.1012166142463684
sub-openieegUCLA25,openieeg,RIN2-RIN3,0,0.0418062210083007
sub-openieegUCLA25,openieeg,RIN3-RIN4,0,0.0430909991264343
sub-openieegUCLA25,openieeg,RIN4-RIN5,0,0.0162075757980346
sub-openieegUCLA25,openieeg,RIN5-RIN6,0,0.0201132297515869
sub-openieegUCLA25,openieeg,RIN6-RIN7,0,0.0180895924568176
sub-openieegUCLA25,openieeg,RIN7-RIN8,0,0.0279764533042907
sub-openieegUCLA25,openieeg,ROF1-ROF2,0,0.2531870603561401
sub-openieegUCLA25,openieeg,ROF2-ROF3,0,0.0331186056137084
sub-openieegUCLA25,openieeg,ROF3-ROF4,0,0.0461994409561157
sub-openieegUCLA25,openieeg,ROF4-ROF5,0,0.0424021482467651
sub-openieegUCLA25,openieeg,ROF5-ROF6,0,0.0702069997787475
sub-openieegUCLA25,openieeg,ROF6-ROF7,0,0.2450848817825317
sub-openieegUCLA25,openieeg,ROF7-ROF8,0,0.2267814874649047
sub-openieegUCLA25,openieeg,ROF8-ROF9,0,0.2158259153366089
sub-openieegUCLA25,openieeg,ROF9-ROF10,0,0.1652001738548278
sub-openieegUCLA25,openieeg,RPH1-RPH2,1,0.4356465935707092
sub-openieegUCLA25,openieeg,RPH2-RPH3,1,0.5383901596069336
sub-openieegUCLA25,openieeg,RPH3-RPH4,0,0.0645639300346374
sub-openieegUCLA25,openieeg,RPH4-RPH5,0,0.0371143221855163
sub-openieegUCLA25,openieeg,RPH5-RPH6,0,0.0276505947113037
sub-openieegUCLA25,openieeg,RPH6-RPH7,0,0.5213668942451477
sub-openieegUCLA25,openieeg,RPH7-RPH8,0,0.6719902753829956
sub-openieegUCLA25,openieeg,RPM1-RPM2,0,0.209599494934082
sub-openieegUCLA25,openieeg,RPM2-RPM3,0,0.2548472881317138
sub-openieegUCLA25,openieeg,RPM3-RPM4,0,0.0391755104064941
sub-openieegUCLA25,openieeg,RPM4-RPM5,0,0.0495436191558837
sub-openieegUCLA25,openieeg,RPM5-RPM6,0,0.1524490118026733
sub-openieegUCLA25,openieeg,RPM6-RPM7,0,0.2482572197914123
sub-openieegUCLA25,openieeg,RPM7-RPM8,0,0.3162933588027954
sub-openieegUCLA25,openieeg,RSTG1-RSTG2,0,0.0221976041793823
sub-openieegUCLA25,openieeg,RSTG2-RSTG3,0,0.0538507103919982
sub-openieegUCLA25,openieeg,RSTG3-RSTG4,0,0.1570553183555603
sub-openieegUCLA25,openieeg,RSTG4-RSTG5,0,0.168178379535675
sub-openieegUCLA25,openieeg,RSTG5-RSTG6,0,0.1845750212669372
sub-openieegUCLA30,openieeg,DAM1,0,0.019160509109497
sub-openieegUCLA30,openieeg,DAM2,0,0.0448563694953918
sub-openieegUCLA30,openieeg,DAM3,0,0.3120297789573669
sub-openieegUCLA30,openieeg,DAM4,0,0.3713223338127136
sub-openieegUCLA30,openieeg,DAM5,0,0.481791079044342
sub-openieegUCLA30,openieeg,DAM6,0,0.4538317322731018
sub-openieegUCLA30,openieeg,DL1,0,0.0669812560081482
sub-openieegUCLA30,openieeg,DL2,0,0.0447935461997985
sub-openieegUCLA30,openieeg,DL3,0,0.044258713722229
sub-openieegUCLA30,openieeg,DL4,0,0.1386227011680603
sub-openieegUCLA30,openieeg,DL5,0,0.0693297982215881
sub-openieegUCLA30,openieeg,DL6,0,0.0312086939811706
sub-openieegUCLA30,openieeg,DM1,0,0.1915062069892883
sub-openieegUCLA30,openieeg,DM2,0,0.2931579351425171
sub-openieegUCLA30,openieeg,DM3,0,0.2873746752738952
sub-openieegUCLA30,openieeg,DM4,0,0.1373753547668457
sub-openieegUCLA30,openieeg,DM5,0,0.1278560757637024
sub-openieegUCLA30,openieeg,DM6,0,0.409268856048584
sub-openieegUCLA30,openieeg,DP1,0,0.0163069367408752
sub-openieegUCLA30,openieeg,DP2,0,0.0131024122238159
sub-openieegUCLA30,openieeg,DP3,0,0.1060835123062133
sub-openieegUCLA30,openieeg,DP4,0,0.0648814439773559
sub-openieegUCLA30,openieeg,DP5,0,0.0176579356193542
sub-openieegUCLA30,openieeg,DP6,0,0.021694004535675
sub-openieegUCLA30,openieeg,G1,0,0.1357980370521545
sub-openieegUCLA30,openieeg,G10,0,0.1829447746276855
sub-openieegUCLA30,openieeg,G11,0,0.0976167321205139
sub-openieegUCLA30,openieeg,G12,0,0.0951519012451171
sub-openieegUCLA30,openieeg,G13,0,0.1950181722640991
sub-openieegUCLA30,openieeg,G15,0,0.0944709777832031
sub-openieegUCLA30,openieeg,G16,0,0.0598302483558654
sub-openieegUCLA30,openieeg,G17,0,0.0718031525611877
sub-openieegUCLA30,openieeg,G18,0,0.2389373779296875
sub-openieegUCLA30,openieeg,G19,0,0.465142548084259
sub-openieegUCLA30,openieeg,G2,0,0.2010698318481445
sub-openieegUCLA30,openieeg,G21,0,0.1339622139930725
sub-openieegUCLA30,openieeg,G22,0,0.0300268530845642
sub-openieegUCLA30,openieeg,G23,0,0.0393630862236022
sub-openieegUCLA30,openieeg,G24,0,0.0313477516174316
sub-openieegUCLA30,openieeg,G26,0,0.1777488589286804
sub-openieegUCLA30,openieeg,G27,0,0.3816190361976623
sub-openieegUCLA30,openieeg,G28,0,0.3650349974632263
sub-openieegUCLA30,openieeg,G3,0,0.1941312551498413
sub-openieegUCLA30,openieeg,G31,0,0.0260047912597656
sub-openieegUCLA30,openieeg,G32,0,0.0249465703964233
sub-openieegUCLA30,openieeg,G33,0,0.3776804804801941
sub-openieegUCLA30,openieeg,G34,0,0.1175591349601745
sub-openieegUCLA30,openieeg,G37,1,0.468616247177124
sub-openieegUCLA30,openieeg,G38,0,0.0186533331871032
sub-openieegUCLA30,openieeg,G39,0,0.0125312805175781
sub-openieegUCLA30,openieeg,G4,0,0.2283350229263305
sub-openieegUCLA30,openieeg,G40,0,0.0167796611785888
sub-openieegUCLA30,openieeg,G41,0,0.1946766972541809
sub-openieegUCLA30,openieeg,G42,0,0.1603596806526184
sub-openieegUCLA30,openieeg,G44,0,0.2416195273399353
sub-openieegUCLA30,openieeg,G47,0,0.3290513753890991
sub-openieegUCLA30,openieeg,G49,0,0.2291387319564819
sub-openieegUCLA30,openieeg,G5,0,0.1040723919868469
sub-openieegUCLA30,openieeg,G50,0,0.2179858684539795
sub-openieegUCLA30,openieeg,G51,0,0.5568144917488098
sub-openieegUCLA30,openieeg,G52,0,0.3323235511779785
sub-openieegUCLA30,openieeg,G53,0,0.1591379642486572
sub-openieegUCLA30,openieeg,G54,0,0.3087387681007385
sub-openieegUCLA30,openieeg,G55,0,0.3356015086174011
sub-openieegUCLA30,openieeg,G56,0,0.0632887482643127
sub-openieegUCLA30,openieeg,G57,0,0.1993142366409301
sub-openieegUCLA30,openieeg,G58,0,0.323801040649414
sub-openieegUCLA30,openieeg,G59,0,0.1621565222740173
sub-openieegUCLA30,openieeg,G6,0,0.0830538868904113
sub-openieegUCLA30,openieeg,G60,0,0.3109787702560425
sub-openieegUCLA30,openieeg,G61,0,0.2370579838752746
sub-openieegUCLA30,openieeg,G62,0,0.3494594097137451
sub-openieegUCLA30,openieeg,G63,0,0.1067548394203186
sub-openieegUCLA30,openieeg,G64,0,0.1459788680076599
sub-openieegUCLA30,openieeg,G7,0,0.1072808504104614
sub-openieegUCLA30,openieeg,G8,0,0.1250588297843933
sub-openieegUCLA30,openieeg,G9,0,0.1809678077697754
sub-openieegUCLA30,openieeg,SPO1,0,0.1570372581481933
sub-openieegUCLA30,openieeg,SPO2,0,0.2216140031814575
sub-openieegUCLA30,openieeg,SPO3,0,0.38810795545578
sub-openieegUCLA30,openieeg,SPO4,0,0.221261978149414
sub-openieegUCLA30,openieeg,SPO5,0,0.4088969826698303
sub-openieegUCLA30,openieeg,SPO6,0,0.136585533618927
sub-openieegUCLA30,openieeg,SPO7,0,0.1817789673805236
sub-openieegUCLA30,openieeg,SPO8,0,0.1921879649162292
sub-openieegUCLA30,openieeg,ST1,0,0.2047556638717651
sub-openieegUCLA30,openieeg,ST2,0,0.2097116708755493
sub-openieegUCLA30,openieeg,ST3,0,0.1863216757774353
sub-openieegUCLA30,openieeg,ST4,0,0.2142284512519836
sub-openieegUCLA30,openieeg,ST5,0,0.1819329857826233
sub-openieegUCLA30,openieeg,ST6,0,0.121649146080017
sub-openieegUCLA30,openieeg,ST7,0,0.1380369663238525
sub-openieegUCLA30,openieeg,ST8,0,0.1036085486412048
sub-openieegUCLA31,openieeg,AD1,0,0.1003314852714538
sub-openieegUCLA31,openieeg,AD2,0,0.147236168384552
sub-openieegUCLA31,openieeg,AD3,0,0.2128437757492065
sub-openieegUCLA31,openieeg,AD4,0,0.3524295091629028
sub-openieegUCLA31,openieeg,AD5,0,0.294224739074707
sub-openieegUCLA31,openieeg,AD6,0,0.2511736750602722
sub-openieegUCLA31,openieeg,AL1,0,0.0911337733268737
sub-openieegUCLA31,openieeg,AL2,0,0.1029281020164489
sub-openieegUCLA31,openieeg,AL3,0,0.2091646790504455
sub-openieegUCLA31,openieeg,AL4,0,0.3580891489982605
sub-openieegUCLA31,openieeg,AL5,0,0.4152348041534424
sub-openieegUCLA31,openieeg,AL6,0,0.2927873730659485
sub-openieegUCLA31,openieeg,G12,0,0.2044101357460022
sub-openieegUCLA31,openieeg,G13,0,0.2724285125732422
sub-openieegUCLA31,openieeg,G14,0,0.3250173926353454
sub-openieegUCLA31,openieeg,G15,0,0.1238543987274169
sub-openieegUCLA31,openieeg,G16,0,0.2260118126869201
sub-openieegUCLA31,openieeg,G23,0,0.1591966152191162
sub-openieegUCLA31,openieeg,G24,0,0.3457508683204651
sub-openieegUCLA31,openieeg,G31,0,0.2447784543037414
sub-openieegUCLA31,openieeg,G32,0,0.135175347328186
sub-openieegUCLA31,openieeg,G4,0,0.1046295762062072
sub-openieegUCLA31,openieeg,G5,0,0.268591821193695
sub-openieegUCLA31,openieeg,G6,0,0.1116763353347778
sub-openieegUCLA31,openieeg,G7,0,0.2625113725662231
sub-openieegUCLA31,openieeg,G8,0,0.2291323542594909
sub-openieegUCLA31,openieeg,PD1,0,0.0879324674606323
sub-openieegUCLA31,openieeg,PD2,0,0.0842227935791015
sub-openieegUCLA31,openieeg,PD3,1,0.4320472478866577
sub-openieegUCLA31,openieeg,PD4,1,0.4788885712623596
sub-openieegUCLA31,openieeg,PD5,1,0.3933600783348083
sub-openieegUCLA31,openieeg,PD6,0,0.3110541105270386
sub-openieegUCLA31,openieeg,PL1,0,0.0740337371826171
sub-openieegUCLA31,openieeg,PL3,0,0.0885679721832275
sub-openieegUCLA31,openieeg,PL4,0,0.3129622340202331
sub-openieegUCLA31,openieeg,PL5,0,0.3653415441513061
sub-openieegUCLA31,openieeg,PL6,0,0.425384521484375
sub-openieegUCLA34,openieeg,G1,0,0.0688204765319824
sub-openieegUCLA34,openieeg,G10,0,0.4222659468650818
sub-openieegUCLA34,openieeg,G11,0,0.3382791876792907
sub-openieegUCLA34,openieeg,G12,0,0.5040199756622314
sub-openieegUCLA34,openieeg,G13,0,0.6644191741943359
sub-openieegUCLA34,openieeg,G14,0,0.3933205604553222
sub-openieegUCLA34,openieeg,G15,1,0.1934708356857299
sub-openieegUCLA34,openieeg,G16,1,0.0926280617713928
sub-openieegUCLA34,openieeg,G17,0,0.5781672596931458
sub-openieegUCLA34,openieeg,G18,0,0.1899405121803283
sub-openieegUCLA34,openieeg,G19,0,0.3544746041297912
sub-openieegUCLA34,openieeg,G2,0,0.2172040343284607
sub-openieegUCLA34,openieeg,G20,0,0.2784820795059204
sub-openieegUCLA34,openieeg,G21,0,0.3212931156158447
sub-openieegUCLA34,openieeg,G22,0,0.6961127519607544
sub-openieegUCLA34,openieeg,G23,0,0.7048435211181641
sub-openieegUCLA34,openieeg,G24,0,0.6691818237304688
sub-openieegUCLA34,openieeg,G25,0,0.2352697253227234
sub-openieegUCLA34,openieeg,G26,0,0.4091761708259582
sub-openieegUCLA34,openieeg,G27,0,0.4663015007972717
sub-openieegUCLA34,openieeg,G28,0,0.5054917931556702
sub-openieegUCLA34,openieeg,G29,0,0.1620263457298278
sub-openieegUCLA34,openieeg,G3,0,0.4834284782409668
sub-openieegUCLA34,openieeg,G30,0,0.0384586453437805
sub-openieegUCLA34,openieeg,G31,0,0.0548327565193176
sub-openieegUCLA34,openieeg,G32,0,0.0744061470031738
sub-openieegUCLA34,openieeg,G33,0,0.1678360104560852
sub-openieegUCLA34,openieeg,G34,0,0.1825419664382934
sub-openieegUCLA34,openieeg,G35,0,0.3033554553985595
sub-openieegUCLA34,openieeg,G36,0,0.4660752415657043
sub-openieegUCLA34,openieeg,G37,0,0.1710372567176818
sub-openieegUCLA34,openieeg,G38,0,0.1044450402259826
sub-openieegUCLA34,openieeg,G39,0,0.0827116966247558
sub-openieegUCLA34,openieeg,G4,0,0.0749280452728271
sub-openieegUCLA34,openieeg,G40,0,0.2937785983085632
sub-openieegUCLA34,openieeg,G41,0,0.151954174041748
sub-openieegUCLA34,openieeg,G42,0,0.0799922347068786
sub-openieegUCLA34,openieeg,G43,0,0.1900833249092102
sub-openieegUCLA34,openieeg,G44,0,0.0979039072990417
sub-openieegUCLA34,openieeg,G45,0,0.1447142958641052
sub-openieegUCLA34,openieeg,G46,0,0.0963678359985351
sub-openieegUCLA34,openieeg,G47,0,0.0761280059814453
sub-openieegUCLA34,openieeg,G48,0,0.0920566916465759
sub-openieegUCLA34,openieeg,G49,0,0.203510582447052
sub-openieegUCLA34,openieeg,G5,0,0.0444976091384887
sub-openieegUCLA34,openieeg,G50,0,0.2459685206413269
sub-openieegUCLA34,openieeg,G51,0,0.1744794249534607
sub-openieegUCLA34,openieeg,G52,0,0.0792328119277954
sub-openieegUCLA34,openieeg,G53,0,0.0472131371498107
sub-openieegUCLA34,openieeg,G54,0,0.0538558959960937
sub-openieegUCLA34,openieeg,G55,0,0.0372311472892761
sub-openieegUCLA34,openieeg,G56,0,0.1601214408874511
sub-openieegUCLA34,openieeg,G57,0,0.1273629069328308
sub-openieegUCLA34,openieeg,G58,0,0.1687835454940796
sub-openieegUCLA34,openieeg,G59,0,0.120694875717163
sub-openieegUCLA34,openieeg,G6,0,0.0981701016426086
sub-openieegUCLA34,openieeg,G60,0,0.0499966144561767
sub-openieegUCLA34,openieeg,G61,0,0.0811312794685363
sub-openieegUCLA34,openieeg,G62,0,0.0791552662849426
sub-openieegUCLA34,openieeg,G63,0,0.1028100848197937
sub-openieegUCLA34,openieeg,G64,0,0.0604327321052551
sub-openieegUCLA34,openieeg,G7,1,0.0471791625022888
sub-openieegUCLA34,openieeg,G8,1,0.1634917259216308
sub-openieegUCLA34,openieeg,G9,0,0.2167983651161193
sub-openieegUCLA34,openieeg,IF1,0,0.2212177515029907
sub-openieegUCLA34,openieeg,IF2,0,0.1514051556587219
sub-openieegUCLA34,openieeg,IF3,0,0.2048724889755249
sub-openieegUCLA34,openieeg,IF4,0,0.2957167625427246
sub-openieegUCLA34,openieeg,IF5,0,0.2110844850540161
sub-openieegUCLA34,openieeg,IF6,0,0.2966729998588562
sub-openieegUCLA34,openieeg,IF7,1,0.1519109010696411
sub-openieegUCLA34,openieeg,IF8,1,0.2916359901428222
sub-openieegUCLA34,openieeg,IO1,0,0.227213978767395
sub-openieegUCLA34,openieeg,IO2,0,0.2312430739402771
sub-openieegUCLA34,openieeg,IO3,0,0.2617471218109131
sub-openieegUCLA34,openieeg,IO4,0,0.0497811436653137
sub-openieegUCLA34,openieeg,IO5,0,0.0397996306419372
sub-openieegUCLA34,openieeg,IO6,0,0.0825623869895935
sub-openieegUCLA34,openieeg,IO7,0,0.1273103356361389
sub-openieegUCLA34,openieeg,IO8,0,0.0578507184982299
sub-openieegUCLA34,openieeg,SF1,0,0.1518869400024414
sub-openieegUCLA34,openieeg,SF2,0,0.0606666207313537
sub-openieegUCLA34,openieeg,SF3,0,0.0603803992271423
sub-openieegUCLA34,openieeg,SF4,0,0.1339980959892273
sub-openieegUCLA34,openieeg,SF5,0,0.1364051699638366
sub-openieegUCLA34,openieeg,SF6,0,0.0785681009292602
sub-openieegUCLA34,openieeg,SF7,0,0.0512800812721252
sub-openieegUCLA34,openieeg,SF8,0,0.0804382562637329
sub-openieegUCLA34,openieeg,SO2,0,0.187937319278717
sub-openieegUCLA34,openieeg,SO3,0,0.2526455521583557
sub-openieegUCLA34,openieeg,SO4,0,0.1237612962722778
sub-openieegUCLA34,openieeg,SO5,0,0.11984384059906
sub-openieegUCLA34,openieeg,SO6,0,0.2710503339767456
sub-openieegUCLA34,openieeg,SO7,0,0.1290635466575622
sub-openieegUCLA34,openieeg,SO8,0,0.1440440416336059
sub-openieegUCLA34,openieeg,ST1,0,0.12403404712677
sub-openieegUCLA34,openieeg,ST2,0,0.1270366311073303
sub-openieegUCLA34,openieeg,ST3,0,0.0638323426246643
sub-openieegUCLA34,openieeg,ST4,0,0.1320007443428039
sub-openieegUCLA34,openieeg,ST5,0,0.0688572525978088
sub-openieegUCLA34,openieeg,ST6,0,0.2239518165588379
sub-openieegUCLA34,openieeg,ST7,0,0.2748263478279114
sub-openieegUCLA34,openieeg,ST8,0,0.1953930854797363
sub-openieegUCLA34,openieeg,rAT1,0,0.1517967581748962
sub-openieegUCLA34,openieeg,rAT2,0,0.0711534023284912
sub-openieegUCLA34,openieeg,rAT3,0,0.1283871531486511
sub-openieegUCLA34,openieeg,rAT4,0,0.1450316905975341
sub-openieegUCLA34,openieeg,rAT5,0,0.1611537933349609
sub-openieegUCLA34,openieeg,rAT6,0,0.1188297867774963
sub-openieegUCLA34,openieeg,rAT7,1,0.0786916613578796
sub-openieegUCLA34,openieeg,rAT8,1,0.0716751217842102
sub-openieegUCLA34,openieeg,rST1,0,0.1334593892097473
sub-openieegUCLA34,openieeg,rST2,1,0.2885257601737976
sub-openieegUCLA34,openieeg,rST3,1,0.2342814803123474
sub-openieegUCLA34,openieeg,rST4,0,0.1808536052703857
sub-openieegUCLA34,openieeg,rST5,0,0.1466882824897766
sub-openieegUCLA34,openieeg,rST6,0,0.1187848448753357
sub-openieegUCLA34,openieeg,rST7,0,0.0619369745254516
sub-openieegUCLA34,openieeg,rST8,0,0.0577189326286315
sub-openieegUCLA34,openieeg,sAT1,0,0.0822582840919494
sub-openieegUCLA34,openieeg,sAT2,0,0.1513178348541259
sub-openieegUCLA34,openieeg,sAT3,0,0.1901363730430603
sub-openieegUCLA34,openieeg,sAT4,0,0.1065607666969299
sub-openieegUCLA34,openieeg,sAT5,0,0.171750009059906
sub-openieegUCLA34,openieeg,sAT6,0,0.1610183715820312
sub-openieegUCLA34,openieeg,sAT7,0,0.1710340976715088
sub-openieegUCLA34,openieeg,sAT8,0,0.0866779685020446
sub-openieegUCLA35,openieeg,LA1-LA2,0,0.6003924608230591
sub-openieegUCLA35,openieeg,LA2-LA3,0,0.5548975467681885
sub-openieegUCLA35,openieeg,LA3-LA4,0,0.1548599600791931
sub-openieegUCLA35,openieeg,LA4-LA5,0,0.0178285837173461
sub-openieegUCLA35,openieeg,LA5-LA6,0,0.0217525362968444
sub-openieegUCLA35,openieeg,LA6-LA7,0,0.0936881899833679
sub-openieegUCLA35,openieeg,LA7-LA8,0,0.4267392754554748
sub-openieegUCLA35,openieeg,LC1-LC2,0,0.0883611440658569
sub-openieegUCLA35,openieeg,LC2-LC3,0,0.0532771944999694
sub-openieegUCLA35,openieeg,LC3-LC4,0,0.0533434152603149
sub-openieegUCLA35,openieeg,LC4-LC5,0,0.0860620141029357
sub-openieegUCLA35,openieeg,LC5-LC6,0,0.5427178144454956
sub-openieegUCLA35,openieeg,LC6-LC7,0,0.5602850914001465
sub-openieegUCLA35,openieeg,LC7-LC8,0,0.4435605406761169
sub-openieegUCLA35,openieeg,LC8-LC9,0,0.4553739428520202
sub-openieegUCLA35,openieeg,LC9-LC10,0,0.0239962339401245
sub-openieegUCLA35,openieeg,LH1-LH2,0,0.6066848039627075
sub-openieegUCLA35,openieeg,LH2-LH3,0,0.6140737533569336
sub-openieegUCLA35,openieeg,LH3-LH4,0,0.5831056833267212
sub-openieegUCLA35,openieeg,LH4-LH5,0,0.0760305523872375
sub-openieegUCLA35,openieeg,LH7-LH8,0,0.5574911236763
sub-openieegUCLA35,openieeg,RA1-RA2,0,0.0709593892097473
sub-openieegUCLA35,openieeg,RA2-RA3,0,0.1438471674919128
sub-openieegUCLA35,openieeg,RA3-RA4,0,0.0254250764846801
sub-openieegUCLA35,openieeg,RA4-RA5,0,0.0164065957069396
sub-openieegUCLA35,openieeg,RA5-RA6,0,0.0286216139793396
sub-openieegUCLA35,openieeg,RA6-RA7,0,0.083168625831604
sub-openieegUCLA35,openieeg,RA7-RA8,0,0.0480196475982666
sub-openieegUCLA35,openieeg,RAN1-RAN2,0,0.0133208632469177
sub-openieegUCLA35,openieeg,RAN2-RAN3,0,0.0121855735778808
sub-openieegUCLA35,openieeg,RAN3-RAN4,0,0.0114415884017944
sub-openieegUCLA35,openieeg,RC1-RC2,0,0.480383813381195
sub-openieegUCLA35,openieeg,RC2-RC3,0,0.043410837650299
sub-openieegUCLA35,openieeg,RC3-RC4,0,0.2114254832267761
sub-openieegUCLA35,openieeg,RC4-RC5,0,0.622785747051239
sub-openieegUCLA35,openieeg,RC5-RC6,0,0.6757429242134094
sub-openieegUCLA35,openieeg,RC6-RC7,0,0.4973086714744568
sub-openieegUCLA35,openieeg,RC7-RC8,0,0.6410315036773682
sub-openieegUCLA35,openieeg,RCM1-RCM2,0,0.0122760534286499
sub-openieegUCLA35,openieeg,RCM2-RCM3,0,0.0228972434997558
sub-openieegUCLA35,openieeg,RCM3-RCM4,0,0.0275262594223022
sub-openieegUCLA35,openieeg,RFO1-RFO2,1,0.272479236125946
sub-openieegUCLA35,openieeg,RFO2-RFO3,1,0.4588614702224731
sub-openieegUCLA35,openieeg,RFO3-RFO4,1,0.6870595216751099
sub-openieegUCLA35,openieeg,RFO4-RFO5,1,0.5200091600418091
sub-openieegUCLA35,openieeg,RFO5-RFO6,0,0.2746694684028625
sub-openieegUCLA35,openieeg,RH1-RH2,0,0.546066403388977
sub-openieegUCLA35,openieeg,RH2-RH3,0,0.599929690361023
sub-openieegUCLA35,openieeg,RH3-RH4,0,0.5795947313308716
sub-openieegUCLA35,openieeg,RH6-RH7,1,0.2959290742874145
sub-openieegUCLA35,openieeg,RH7-RH8,1,0.7321579456329346
sub-openieegUCLA35,openieeg,RSG1-RSG2,1,0.058914840221405
sub-openieegUCLA35,openieeg,RSG2-RSG3,1,0.2341351509094238
sub-openieegUCLA35,openieeg,RSG3-RSG4,1,0.2970232963562011
sub-openieegUCLA35,openieeg,RSG4-RSG5,1,0.5554330348968506
sub-openieegUCLA36,openieeg,LAH1-LAH2,0,0.4090571403503418
sub-openieegUCLA36,openieeg,LAH2-LAH3,0,0.3581112623214721
sub-openieegUCLA36,openieeg,LAH3-LAH4,0,0.2892507314682007
sub-openieegUCLA36,openieeg,LAH4-LAH5,0,0.0068758130073547
sub-openieegUCLA36,openieeg,LAH5-LAH6,0,0.0065672397613525
sub-openieegUCLA36,openieeg,LAH6-LAH7,0,0.023621916770935
sub-openieegUCLA36,openieeg,LAH7-LAH8,0,0.0691893696784973
sub-openieegUCLA36,openieeg,LAM1-LAM2,0,0.0163902044296264
sub-openieegUCLA36,openieeg,LAM2-LAM3,0,0.3080878257751465
sub-openieegUCLA36,openieeg,LAM3-LAM4,0,0.0279632806777954
sub-openieegUCLA36,openieeg,LAM4-LAM5,0,0.0149851441383361
sub-openieegUCLA36,openieeg,LAM5-LAM6,0,0.0075601339340209
sub-openieegUCLA36,openieeg,LAM6-LAM7,0,0.0650674700736999
sub-openieegUCLA36,openieeg,LAM7-LAM8,0,0.2009346485137939
sub-openieegUCLA36,openieeg,LIN1-LIN2,0,0.1114117503166198
sub-openieegUCLA36,openieeg,LIN10-LIN11,0,0.0061196088790893
sub-openieegUCLA36,openieeg,LIN11-LIN12,0,0.0061261653900146
sub-openieegUCLA36,openieeg,LIN2-LIN3,0,0.1326640248298645
sub-openieegUCLA36,openieeg,LIN3-LIN4,0,0.1068218946456909
sub-openieegUCLA36,openieeg,LIN4-LIN5,0,0.1099170446395874
sub-openieegUCLA36,openieeg,LIN5-LIN6,1,0.1422809362411499
sub-openieegUCLA36,openieeg,LIN6-LIN7,1,0.0817287564277648
sub-openieegUCLA36,openieeg,LIN7-LIN8,1,0.1066938042640686
sub-openieegUCLA36,openieeg,LIN8-LIN9,0,0.1793938279151916
sub-openieegUCLA36,openieeg,LIN9-LIN10,0,0.006378948688507
sub-openieegUCLA36,openieeg,LPH1-LPH2,0,0.4830260276794433
sub-openieegUCLA36,openieeg,LPH2-LPH3,0,0.3844160437583923
sub-openieegUCLA36,openieeg,LPH3-LPH4,0,0.2641555070877075
sub-openieegUCLA36,openieeg,LPH4-LPH5,0,0.1452223062515258
sub-openieegUCLA36,openieeg,LPH5-LPH6,0,0.0066286325454711
sub-openieegUCLA36,openieeg,LPH6-LPH7,0,0.0554200410842895
sub-openieegUCLA36,openieeg,LPH7-LPH8,0,0.2536638379096985
sub-openieegUCLA36,openieeg,LPO1-LPO2,0,0.0547344088554382
sub-openieegUCLA36,openieeg,LPO2-LPO3,0,0.1774394512176513
sub-openieegUCLA36,openieeg,LPO3-LPO4,0,0.3578618168830871
sub-openieegUCLA36,openieeg,LPO4-LPO5,0,0.2258490324020385
sub-openieegUCLA36,openieeg,LPO5-LPO6,0,0.1792781949043274
sub-openieegUCLA36,openieeg,RAH1-RAH2,0,0.3053933382034302
sub-openieegUCLA36,openieeg,RAH2-RAH3,0,0.4866185784339905
sub-openieegUCLA36,openieeg,RAH3-RAH4,0,0.1568996906280517
sub-openieegUCLA36,openieeg,RAH4-RAH5,0,0.0064361691474914
sub-openieegUCLA36,openieeg,RAH5-RAH6,0,0.0750427842140197
sub-openieegUCLA36,openieeg,RAH6-RAH7,0,0.2243247628211975
sub-openieegUCLA36,openieeg,RAH7-RAH8,0,0.4388121366500854
sub-openieegUCLA36,openieeg,RAM1-RAM2,0,0.0258009433746337
sub-openieegUCLA36,openieeg,RAM2-RAM3,0,0.018175184726715
sub-openieegUCLA36,openieeg,RAM3-RAM4,0,0.007451593875885
sub-openieegUCLA36,openieeg,RAM4-RAM5,0,0.0067869424819946
sub-openieegUCLA36,openieeg,RAM5-RAM6,0,0.3450654149055481
sub-openieegUCLA36,openieeg,RAM6-RAM7,0,0.3628395199775696
sub-openieegUCLA36,openieeg,RAM7-RAM8,0,0.1550305485725402
sub-openieegUCLA36,openieeg,RIN1-RIN2,0,0.0794906616210937
sub-openieegUCLA36,openieeg,RIN10-RIN11,0,0.0076180100440979
sub-openieegUCLA36,openieeg,RIN11-RIN12,0,0.0087811350822448
sub-openieegUCLA36,openieeg,RIN2-RIN3,0,0.172817051410675
sub-openieegUCLA36,openieeg,RIN3-RIN4,0,0.1803568601608276
sub-openieegUCLA36,openieeg,RIN4-RIN5,0,0.1767908930778503
sub-openieegUCLA36,openieeg,RIN5-RIN6,0,0.1323861479759216
sub-openieegUCLA36,openieeg,RIN6-RIN7,0,0.2596007585525512
sub-openieegUCLA36,openieeg,RIN7-RIN8,0,0.1838256120681762
sub-openieegUCLA36,openieeg,RIN8-RIN9,0,0.1904087662696838
sub-openieegUCLA36,openieeg,RIN9-RIN10,0,0.0545242428779602
sub-openieegUCLA36,openieeg,RPH1-RPH2,0,0.3767239451408386
sub-openieegUCLA36,openieeg,RPH2-RPH3,0,0.4645902514457702
sub-openieegUCLA36,openieeg,RPH3-RPH4,0,0.0063916444778442
sub-openieegUCLA36,openieeg,RPH4-RPH5,0,0.0060006380081176
sub-openieegUCLA36,openieeg,RPH5-RPH6,0,0.0063002109527587
sub-openieegUCLA36,openieeg,RPH6-RPH7,0,0.2841792702674866
sub-openieegUCLA36,openieeg,RPH7-RPH8,0,0.099573791027069
sub-openieegUCLA36,openieeg,RPO1-RPO2,0,0.0070903897285461
sub-openieegUCLA36,openieeg,RPO2-RPO3,0,0.0066627264022827
sub-openieegUCLA36,openieeg,RPO3-RPO4,0,0.0064564943313598
sub-openieegUCLA36,openieeg,RPO4-RPO5,0,0.4171279668807983
sub-openieegUCLA36,openieeg,RPO5-RPO6,0,0.1614009141921997
sub-openieegUCLA38,openieeg,AF1,0,0.1925910115242004
sub-openieegUCLA38,openieeg,AF2,0,0.0986763834953308
sub-openieegUCLA38,openieeg,AF3,0,0.0588727593421936
sub-openieegUCLA38,openieeg,AF4,0,0.1630776524543762
sub-openieegUCLA38,openieeg,AF5,0,0.1461418867111206
sub-openieegUCLA38,openieeg,AF6,0,0.1830517649650573
sub-openieegUCLA38,openieeg,AF7,0,0.2116327881813049
sub-openieegUCLA38,openieeg,AF8,0,0.1322037577629089
sub-openieegUCLA38,openieeg,AT1,0,0.3553553819656372
sub-openieegUCLA38,openieeg,AT10,0,0.4048589468002319
sub-openieegUCLA38,openieeg,AT11,0,0.3386109471321106
sub-openieegUCLA38,openieeg,AT12,0,0.2960696816444397
sub-openieegUCLA38,openieeg,AT13,0,0.242487370967865
sub-openieegUCLA38,openieeg,AT14,0,0.2461722493171692
sub-openieegUCLA38,openieeg,AT15,0,0.3001025915145874
sub-openieegUCLA38,openieeg,AT16,0,0.1640477180480957
sub-openieegUCLA38,openieeg,AT2,0,0.4870973229408264
sub-openieegUCLA38,openieeg,AT3,0,0.396913468837738
sub-openieegUCLA38,openieeg,AT4,0,0.3923510909080505
sub-openieegUCLA38,openieeg,AT5,0,0.2721728086471557
sub-openieegUCLA38,openieeg,AT6,0,0.361548364162445
sub-openieegUCLA38,openieeg,AT7,0,0.4069880843162536
sub-openieegUCLA38,openieeg,AT8,0,0.2369864583015442
sub-openieegUCLA38,openieeg,AT9,0,0.53117436170578
sub-openieegUCLA38,openieeg,G17,0,0.2078921794891357
sub-openieegUCLA38,openieeg,G18,0,0.2811958193778991
sub-openieegUCLA38,openieeg,G19,0,0.0852184891700744
sub-openieegUCLA38,openieeg,G20,0,0.2590497732162475
sub-openieegUCLA38,openieeg,G21,0,0.1397135257720947
sub-openieegUCLA38,openieeg,G22,0,0.2285099625587463
sub-openieegUCLA38,openieeg,G23,0,0.3471372127532959
sub-openieegUCLA38,openieeg,G24,0,0.123217761516571
sub-openieegUCLA38,openieeg,G25,0,0.0749667882919311
sub-openieegUCLA38,openieeg,G26,0,0.0648253560066223
sub-openieegUCLA38,openieeg,G27,0,0.1328686475753784
sub-openieegUCLA38,openieeg,G28,0,0.0641244649887085
sub-openieegUCLA38,openieeg,G29,0,0.0609805583953857
sub-openieegUCLA38,openieeg,G30,0,0.1230008006095886
sub-openieegUCLA38,openieeg,G31,0,0.0614111423492431
sub-openieegUCLA38,openieeg,G33,0,0.0908946990966796
sub-openieegUCLA38,openieeg,G34,0,0.1011434197425842
sub-openieegUCLA38,openieeg,G35,0,0.1206151247024536
sub-openieegUCLA38,openieeg,G36,0,0.0840976238250732
sub-openieegUCLA38,openieeg,G37,0,0.0557188987731933
sub-openieegUCLA38,openieeg,G38,0,0.04134202003479
sub-openieegUCLA38,openieeg,G39,0,0.0512520670890808
sub-openieegUCLA38,openieeg,G40,0,0.1890406608581543
sub-openieegUCLA38,openieeg,G41,0,0.1344603896141052
sub-openieegUCLA38,openieeg,G42,0,0.0704392790794372
sub-openieegUCLA38,openieeg,G43,0,0.0996070504188537
sub-openieegUCLA38,openieeg,G44,0,0.0439648628234863
sub-openieegUCLA38,openieeg,G45,0,0.0446047782897949
sub-openieegUCLA38,openieeg,G46,0,0.083528459072113
sub-openieegUCLA38,openieeg,G47,0,0.0683757662773132
sub-openieegUCLA38,openieeg,G48,0,0.1828950047492981
sub-openieegUCLA38,openieeg,G49,0,0.1692947149276733
sub-openieegUCLA38,openieeg,G50,0,0.2516140341758728
sub-openieegUCLA38,openieeg,G51,0,0.3671280145645141
sub-openieegUCLA38,openieeg,G52,0,0.2283093333244323
sub-openieegUCLA38,openieeg,G53,0,0.1598018407821655
sub-openieegUCLA38,openieeg,G54,0,0.1564170122146606
sub-openieegUCLA38,openieeg,G55,0,0.2625559568405151
sub-openieegUCLA38,openieeg,G56,0,0.1575738787651062
sub-openieegUCLA38,openieeg,G57,0,0.1286197900772094
sub-openieegUCLA38,openieeg,G58,0,0.2258592247962951
sub-openieegUCLA38,openieeg,G59,0,0.2804800271987915
sub-openieegUCLA38,openieeg,G60,0,0.133147656917572
sub-openieegUCLA38,openieeg,G61,0,0.3833135366439819
sub-openieegUCLA38,openieeg,G62,0,0.3705494403839111
sub-openieegUCLA38,openieeg,G63,0,0.1489942669868469
sub-openieegUCLA38,openieeg,G64,0,0.0550624728202819
sub-openieegUCLA38,openieeg,IO1,0,0.4698021411895752
sub-openieegUCLA38,openieeg,IO2,0,0.4774832725524902
sub-openieegUCLA38,openieeg,IO3,0,0.2187767624855041
sub-openieegUCLA38,openieeg,IO4,1,0.2853972315788269
sub-openieegUCLA38,openieeg,IO5,1,0.3533632755279541
sub-openieegUCLA38,openieeg,IO6,1,0.4104838371276855
sub-openieegUCLA38,openieeg,IO7,1,0.4661825299263
sub-openieegUCLA38,openieeg,PT1,1,0.3313156366348266
sub-openieegUCLA38,openieeg,PT10,1,0.4779496788978576
sub-openieegUCLA38,openieeg,PT11,0,0.423713207244873
sub-openieegUCLA38,openieeg,PT12,0,0.3588703870773315
sub-openieegUCLA38,openieeg,PT13,0,0.2045737504959106
sub-openieegUCLA38,openieeg,PT14,0,0.079521358013153
sub-openieegUCLA38,openieeg,PT15,0,0.103331446647644
sub-openieegUCLA38,openieeg,PT16,0,0.0841163396835327
sub-openieegUCLA38,openieeg,PT2,1,0.4299039840698242
sub-openieegUCLA38,openieeg,PT3,1,0.2838360071182251
sub-openieegUCLA38,openieeg,PT4,0,0.2567152976989746
sub-openieegUCLA38,openieeg,PT5,0,0.0854117274284362
sub-openieegUCLA38,openieeg,PT6,0,0.0752522349357605
sub-openieegUCLA38,openieeg,PT7,0,0.0617504119873046
sub-openieegUCLA38,openieeg,PT8,0,0.0493757128715515
sub-openieegUCLA38,openieeg,PT9,1,0.3692525625228882
sub-openieegUCLA38,openieeg,SO1,0,0.4879556894302368
sub-openieegUCLA38,openieeg,SO2,0,0.5444352626800537
sub-openieegUCLA38,openieeg,SO3,0,0.3673725128173828
sub-openieegUCLA38,openieeg,SO4,1,0.2408081889152526
sub-openieegUCLA38,openieeg,SO5,1,0.3200900554656982
sub-openieegUCLA38,openieeg,SO6,1,0.458652913570404
sub-openieegUCLA38,openieeg,SO7,1,0.4317859411239624
sub-openieegUCLA38,openieeg,SO8,0,0.2019183039665222
sub-openieegUCLA44,openieeg,LAN1-LAN2,0,0.0201761722564697
sub-openieegUCLA44,openieeg,LAN2-LAN3,0,0.011533498764038
sub-openieegUCLA44,openieeg,LAN3-LAN4,0,0.0096303820610046
sub-openieegUCLA44,openieeg,LHA1-LHA2,1,0.1101514101028442
sub-openieegUCLA44,openieeg,LHA2-LHA3,1,0.4137871265411377
sub-openieegUCLA44,openieeg,LHA3-LHA4,1,0.01420658826828
sub-openieegUCLA44,openieeg,LHA4-LHA5,1,0.0488147735595703
sub-openieegUCLA44,openieeg,LHA5-LHA6,0,0.0405700206756591
sub-openieegUCLA44,openieeg,LHA6-LHA7,0,0.0927157998085022
sub-openieegUCLA44,openieeg,LHA7-LHA8,0,0.234341561794281
sub-openieegUCLA44,openieeg,LHP1-LHP2,0,0.0108242630958557
sub-openieegUCLA44,openieeg,LHP2-LHP3,0,0.0129216909408569
sub-openieegUCLA44,openieeg,LHP3-LHP4,1,0.0264751315116882
sub-openieegUCLA44,openieeg,LHP4-LHP5,1,0.0432390570640563
sub-openieegUCLA44,openieeg,LHP5-LHP6,1,0.4144516587257385
sub-openieegUCLA44,openieeg,LHP6-LHP7,1,0.4578563570976257
sub-openieegUCLA44,openieeg,LHP7-LHP8,1,0.621501088142395
sub-openieegUCLA44,openieeg,LI1-LI2,0,0.044442594051361
sub-openieegUCLA44,openieeg,LI2-LI3,0,0.1397252678871154
sub-openieegUCLA44,openieeg,LI3-LI4,0,0.2441408634185791
sub-openieegUCLA44,openieeg,LI4-LI5,0,0.0108972787857055
sub-openieegUCLA44,openieeg,LI5-LI6,0,0.0105440020561218
sub-openieegUCLA44,openieeg,LI6-LI7,0,0.012481153011322
sub-openieegUCLA44,openieeg,LI7-LI8,0,0.0113435983657836
sub-openieegUCLA44,openieeg,LIFG1-LIFG2,0,0.2507548332214355
sub-openieegUCLA44,openieeg,LIFG2-LIFG3,0,0.1211469173431396
sub-openieegUCLA44,openieeg,LIFG3-LIFG4,0,0.0352151989936828
sub-openieegUCLA44,openieeg,LIFG4-LIFG5,0,0.1508267521858215
sub-openieegUCLA44,openieeg,LIFG5-LIFG6,0,0.4681361317634582
sub-openieegUCLA44,openieeg,LIFG6-LIFG7,0,0.3939695358276367
sub-openieegUCLA44,openieeg,LIFG7-LIFG8,0,0.4860096573829651
sub-openieegUCLA44,openieeg,LM1-LM2,0,0.5089849233627319
sub-openieegUCLA44,openieeg,LM10-LM11,0,0.2953718304634094
sub-openieegUCLA44,openieeg,LM11-LM12,0,0.1668745875358581
sub-openieegUCLA44,openieeg,LM2-LM3,0,0.5099257826805115
sub-openieegUCLA44,openieeg,LM3-LM4,0,0.4073522090911865
sub-openieegUCLA44,openieeg,LM4-LM5,0,0.2381775975227356
sub-openieegUCLA44,openieeg,LM5-LM6,0,0.2793638706207275
sub-openieegUCLA44,openieeg,LM6-LM7,0,0.0503720045089721
sub-openieegUCLA44,openieeg,LM7-LM8,0,0.4590598344802856
sub-openieegUCLA44,openieeg,LM8-LM9,0,0.5786516666412354
sub-openieegUCLA44,openieeg,LM9-LM10,0,0.5211970806121826
sub-openieegUCLA44,openieeg,LPO1-LPO2,0,0.1259459257125854
sub-openieegUCLA44,openieeg,LPO2-LPO3,0,0.4293799996376037
sub-openieegUCLA44,openieeg,LPO5-LPO6,0,0.6488412618637085
sub-openieegUCLA44,openieeg,LPO6-LPO7,0,0.4312789440155029
sub-openieegUCLA44,openieeg,LPO7-LPO8,0,0.5490497946739197
sub-openieegUCLA44,openieeg,LSTG1-LSTG2,0,0.6292418241500854
sub-openieegUCLA44,openieeg,LSTG4-LSTG5,1,0.1344588994979858
sub-openieegUCLA44,openieeg,LSTG5-LSTG6,1,0.570620059967041
sub-openieegUCLA44,openieeg,LSTG7-LSTG8,0,0.0288903713226318
sub-openieegUCLA44,openieeg,RAN1-RAN2,0,0.0154600739479064
sub-openieegUCLA44,openieeg,RAN2-RAN3,0,0.0151757597923278
sub-openieegUCLA44,openieeg,RHA1-RHA2,0,0.3755404949188232
sub-openieegUCLA44,openieeg,RHA2-RHA3,0,0.0169233083724975
sub-openieegUCLA44,openieeg,RHA3-RHA4,0,0.0222489833831787
sub-openieegUCLA44,openieeg,RHA4-RHA5,1,0.4449069499969482
sub-openieegUCLA44,openieeg,RHA5-RHA6,1,0.534381628036499
sub-openieegUCLA44,openieeg,RHA6-RHA7,1,0.5420217514038086
sub-openieegUCLA44,openieeg,RHA7-RHA8,1,0.4155166745185852
sub-openieegUCLA44,openieeg,RHP1-RHP2,0,0.01227468252182
sub-openieegUCLA44,openieeg,RHP2-RHP3,0,0.0281928777694702
sub-openieegUCLA44,openieeg,RHP3-RHP4,1,0.2299093008041381
sub-openieegUCLA44,openieeg,RHP4-RHP5,1,0.453078031539917
sub-openieegUCLA44,openieeg,RHP5-RHP6,1,0.5283926725387573
sub-openieegUCLA44,openieeg,RHP6-RHP7,1,0.4782155156135559
sub-openieegUCLA44,openieeg,RHP7-RHP8,1,0.3918216824531555
sub-openieegUCLA44,openieeg,RI1-RI2,0,0.1862111687660217
sub-openieegUCLA44,openieeg,RI2-RI3,0,0.3863677382469177
sub-openieegUCLA44,openieeg,RI3-RI4,0,0.183724820613861
sub-openieegUCLA44,openieeg,RI4-RI5,0,0.1102308630943298
sub-openieegUCLA44,openieeg,RI5-RI6,0,0.2137001752853393
sub-openieegUCLA44,openieeg,RI6-RI7,0,0.2942994832992553
sub-openieegUCLA44,openieeg,RI7-RI8,0,0.5261871814727783
sub-openieegUCLA44,openieeg,RIFG1-RIFG2,0,0.1879051923751831
sub-openieegUCLA44,openieeg,RIFG2-RIFG3,0,0.1968778371810913
sub-openieegUCLA44,openieeg,RIFG3-RIFG4,0,0.0152098536491394
sub-openieegUCLA44,openieeg,RIFG4-RIFG5,0,0.0131634473800659
sub-openieegUCLA44,openieeg,RIFG5-RIFG6,0,0.0130925178527832
sub-openieegUCLA44,openieeg,RIFG6-RIFG7,0,0.0776387453079223
sub-openieegUCLA44,openieeg,RIFG7-RIFG8,0,0.4875038266181946
sub-openieegUCLA44,openieeg,RM1-RM2,0,0.0124286413192749
sub-openieegUCLA44,openieeg,RM10-RM11,0,0.3725596070289612
sub-openieegUCLA44,openieeg,RM11-RM12,0,0.4200586676597595
sub-openieegUCLA44,openieeg,RM2-RM3,0,0.0208690762519836
sub-openieegUCLA44,openieeg,RM3-RM4,0,0.0187135338783264
sub-openieegUCLA44,openieeg,RM4-RM5,0,0.0227676033973693
sub-openieegUCLA44,openieeg,RM5-RM6,0,0.0225102305412292
sub-openieegUCLA44,openieeg,RM6-RM7,0,0.3093523383140564
sub-openieegUCLA44,openieeg,RM7-RM8,0,0.3810935020446777
sub-openieegUCLA44,openieeg,RM8-RM9,0,0.2404528856277465
sub-openieegUCLA44,openieeg,RM9-RM10,0,0.3124284744262695
sub-openieegUCLA44,openieeg,RPO1-RPO2,1,0.5001068115234375
sub-openieegUCLA44,openieeg,RPO2-RPO3,1,0.6139848232269287
sub-openieegUCLA44,openieeg,RPO3-RPO4,1,0.6016570329666138
sub-openieegUCLA44,openieeg,RPO4-RPO5,1,0.4086761474609375
sub-openieegUCLA44,openieeg,RPO5-RPO6,1,0.4185531735420227
sub-openieegUCLA44,openieeg,RPO6-RPO7,1,0.4876030683517456
sub-openieegUCLA44,openieeg,RPO7-RPO8,1,0.4049772024154663
sub-openieegUCLA44,openieeg,RSTG1-RSTG2,1,0.5351502895355225
sub-openieegUCLA44,openieeg,RSTG2-RSTG3,1,0.5587062835693359
sub-openieegUCLA44,openieeg,RSTG3-RSTG4,1,0.6005003452301025
sub-openieegUCLA44,openieeg,RSTG4-RSTG5,1,0.5979982614517212
sub-openieegUCLA44,openieeg,RSTG5-RSTG6,0,0.5768353343009949
sub-openieegUCLA44,openieeg,RSTG6-RSTG7,0,0.5389509201049805
sub-openieegUCLA44,openieeg,RSTG7-RSTG8,0,0.5230843424797058
sub-openieegUCLA47,openieeg,LAC1-LAC2,0,0.0499613285064697
sub-openieegUCLA47,openieeg,LAC2-LAC3,0,0.0131149291992187
sub-openieegUCLA47,openieeg,LAC3-LAC4,0,0.0137770771980285
sub-openieegUCLA47,openieeg,LAC4-LAC5,0,0.0753514170646667
sub-openieegUCLA47,openieeg,LAC5-LAC6,0,0.1613651514053344
sub-openieegUCLA47,openieeg,LAC6-LAC7,0,0.472068190574646
sub-openieegUCLA47,openieeg,LAC7-LAC8,0,0.4065097570419311
sub-openieegUCLA47,openieeg,LAG1-LAG2,0,0.0202651619911193
sub-openieegUCLA47,openieeg,LAG2-LAG3,0,0.0204043388366699
sub-openieegUCLA47,openieeg,LAG3-LAG4,0,0.0194918513298034
sub-openieegUCLA47,openieeg,LAG4-LAG5,0,0.0240430235862731
sub-openieegUCLA47,openieeg,LAH1-LAH2,0,0.3090472221374511
sub-openieegUCLA47,openieeg,LAH2-LAH3,0,0.4861255288124084
sub-openieegUCLA47,openieeg,LAH3-LAH4,0,0.1785889267921447
sub-openieegUCLA47,openieeg,LAH4-LAH5,0,0.0597865581512451
sub-openieegUCLA47,openieeg,LAH5-LAH6,0,0.1852740049362182
sub-openieegUCLA47,openieeg,LAH6-LAH7,0,0.1766727566719055
sub-openieegUCLA47,openieeg,LAH7-LAH8,0,0.1445888876914978
sub-openieegUCLA47,openieeg,LAN1-LAN2,0,0.3717918395996094
sub-openieegUCLA47,openieeg,LAN2-LAN3,0,0.1942293047904968
sub-openieegUCLA47,openieeg,LAN3-LAN4,0,0.1658587455749511
sub-openieegUCLA47,openieeg,LCM1-LCM2,0,0.0209159851074218
sub-openieegUCLA47,openieeg,LCM2-LCM3,0,0.0155816078186035
sub-openieegUCLA47,openieeg,LCM3-LCM4,0,0.0177595019340515
sub-openieegUCLA47,openieeg,LMFG1-LMFG2,0,0.4195015430450439
sub-openieegUCLA47,openieeg,LMFG2-LMFG3,0,0.1846123337745666
sub-openieegUCLA47,openieeg,LMFG3-LMFG4,0,0.0746231079101562
sub-openieegUCLA47,openieeg,LMFG4-LMFG5,0,0.2476852536201477
sub-openieegUCLA47,openieeg,LMFG5-LMFG6,0,0.3331629633903503
sub-openieegUCLA47,openieeg,LMFG6-LMFG7,0,0.5644491910934448
sub-openieegUCLA47,openieeg,LMFG7-LMFG8,0,0.6283802390098572
sub-openieegUCLA47,openieeg,LMFG8-LMFG9,0,0.4806557893753052
sub-openieegUCLA47,openieeg,LMFG9-LMFG10,0,0.6064937114715576
sub-openieegUCLA47,openieeg,LO1-LO2,0,0.5401567220687866
sub-openieegUCLA47,openieeg,LO2-LO3,0,0.3283587694168091
sub-openieegUCLA47,openieeg,LO5-LO6,0,0.2826234698295593
sub-openieegUCLA47,openieeg,LO6-LO7,0,0.5855515003204346
sub-openieegUCLA47,openieeg,LO7-LO8,1,0.6178045272827148
sub-openieegUCLA47,openieeg,LO8-LO9,1,0.6518584489822388
sub-openieegUCLA47,openieeg,LO9-LO10,1,0.4189357757568359
sub-openieegUCLA47,openieeg,LPC1-LPC2,0,0.0369817018508911
sub-openieegUCLA47,openieeg,LPC2-LPC3,0,0.3941742777824402
sub-openieegUCLA47,openieeg,LPC3-LPC4,0,0.5663042068481445
sub-openieegUCLA47,openieeg,LPC4-LPC5,0,0.4606162309646606
sub-openieegUCLA47,openieeg,LPC5-LPC6,0,0.1241178512573242
sub-openieegUCLA47,openieeg,LPC6-LPC7,0,0.2979459762573242
sub-openieegUCLA47,openieeg,LPC7-LPC8,0,0.0964224338531494
sub-openieegUCLA47,openieeg,LPH1-LPH2,0,0.4952591061592102
sub-openieegUCLA47,openieeg,LPH2-LPH3,0,0.2673034071922302
sub-openieegUCLA47,openieeg,LPH3-LPH4,0,0.2177327275276184
sub-openieegUCLA47,openieeg,LPH4-LPH5,0,0.4648488759994507
sub-openieegUCLA47,openieeg,LPH5-LPH6,0,0.080324649810791
sub-openieegUCLA47,openieeg,LPH6-LPH7,0,0.3551968336105346
sub-openieegUCLA47,openieeg,LPH7-LPH8,0,0.6431384086608887
sub-openieegUCLA47,openieeg,LSTG1-LSTG2,0,0.1821961998939514
sub-openieegUCLA47,openieeg,LSTG2-LSTG3,0,0.2145668864250183
sub-openieegUCLA47,openieeg,LSTG3-LSTG4,0,0.2598116993904114
sub-openieegUCLA47,openieeg,LSTG4-LSTG5,0,0.4480627179145813
sub-openieegUCLA47,openieeg,LSTG5-LSTG6,0,0.2227541208267212
sub-openieegUCLA47,openieeg,LSTG6-LSTG7,0,0.0136832594871521
sub-openieegUCLA47,openieeg,LSTG7-LSTG8,0,0.0193077325820922
sub-openieegUCLA47,openieeg,RAC1-RAC2,0,0.0326701402664184
sub-openieegUCLA47,openieeg,RAC2-RAC3,0,0.1546690464019775
sub-openieegUCLA47,openieeg,RAC3-RAC4,0,0.0337616205215454
sub-openieegUCLA47,openieeg,RAC4-RAC5,0,0.0100034475326538
sub-openieegUCLA47,openieeg,RAC5-RAC6,0,0.01168954372406
sub-openieegUCLA47,openieeg,RAC6-RAC7,0,0.0131771564483642
sub-openieegUCLA47,openieeg,RAC7-RAC8,0,0.0573239922523498
sub-openieegUCLA47,openieeg,RAC8-RAC9,0,0.4599736332893371
sub-openieegUCLA47,openieeg,RAC9-RAC10,0,0.4408526420593261
sub-openieegUCLA47,openieeg,RAG1-RAG2,0,0.2008625864982605
sub-openieegUCLA47,openieeg,RAG2-RAG3,0,0.3702270984649658
sub-openieegUCLA47,openieeg,RAG3-RAG4,0,0.4402549862861633
sub-openieegUCLA47,openieeg,RAG4-RAG5,0,0.3637548089027405
sub-openieegUCLA47,openieeg,RAG5-RAG6,0,0.2277109026908874
sub-openieegUCLA47,openieeg,RAH1-RAH2,0,0.1497748494148254
sub-openieegUCLA47,openieeg,RAH2-RAH3,0,0.5260033011436462
sub-openieegUCLA47,openieeg,RAH3-RAH4,0,0.2776764035224914
sub-openieegUCLA47,openieeg,RAH4-RAH5,0,0.2621907591819763
sub-openieegUCLA47,openieeg,RAH5-RAH6,0,0.1513492465019226
sub-openieegUCLA47,openieeg,RAH6-RAH7,0,0.3738981485366821
sub-openieegUCLA47,openieeg,RAH7-RAH8,0,0.0170123577117919
sub-openieegUCLA47,openieeg,RMFG1-RMFG2,0,0.4761558175086975
sub-openieegUCLA47,openieeg,RMFG2-RMFG3,0,0.3282475471496582
sub-openieegUCLA47,openieeg,RMFG3-RMFG4,0,0.6907577514648438
sub-openieegUCLA47,openieeg,RMFG4-RMFG5,0,0.6270579099655151
sub-openieegUCLA47,openieeg,RMFG5-RMFG6,0,0.5037294626235962
sub-openieegUCLA47,openieeg,RMFG6-RMFG7,0,0.4717438817024231
sub-openieegUCLA47,openieeg,RMFG7-RMFG8,0,0.5442297458648682
sub-openieegUCLA47,openieeg,RMFG8-RMFG9,0,0.3688195347785949
sub-openieegUCLA47,openieeg,RMFG9-RMFG10,0,0.36613929271698
sub-openieegUCLA47,openieeg,RO1-RO2,0,0.1915916204452514
sub-openieegUCLA47,openieeg,RO2-RO3,0,0.4769341945648193
sub-openieegUCLA47,openieeg,RO3-RO4,0,0.5099104642868042
sub-openieegUCLA47,openieeg,RO4-RO5,0,0.4540274143218994
sub-openieegUCLA47,openieeg,RO5-RO6,0,0.2974836230278015
sub-openieegUCLA47,openieeg,RO6-RO7,0,0.3599203824996948
sub-openieegUCLA47,openieeg,RO7-RO8,0,0.2529476284980774
sub-openieegUCLA47,openieeg,RO8-RO9,0,0.3237932324409485
sub-openieegUCLA47,openieeg,RPC1-RPC2,0,0.7652274370193481
sub-openieegUCLA47,openieeg,RPC10-RPC11,0,0.325848639011383
sub-openieegUCLA47,openieeg,RPC11-RPC12,0,0.3087000846862793
sub-openieegUCLA47,openieeg,RPC2-RPC3,0,0.6666142344474792
sub-openieegUCLA47,openieeg,RPC3-RPC4,0,0.2632288336753845
sub-openieegUCLA47,openieeg,RPC4-RPC5,0,0.0553830862045288
sub-openieegUCLA47,openieeg,RPC5-RPC6,0,0.0341931581497192
sub-openieegUCLA47,openieeg,RPC6-RPC7,0,0.0235674977302551
sub-openieegUCLA47,openieeg,RPC7-RPC8,0,0.015222430229187
sub-openieegUCLA47,openieeg,RPC8-RPC9,0,0.0185658931732177
sub-openieegUCLA47,openieeg,RPC9-RPC10,0,0.0425598621368408
sub-openieegUCLA47,openieeg,RPH1-RPH2,0,0.5770188570022583
sub-openieegUCLA47,openieeg,RPH2-RPH3,0,0.3466543555259704
sub-openieegUCLA47,openieeg,RPH3-RPH4,0,0.5122990608215332
sub-openieegUCLA47,openieeg,RPH4-RPH5,0,0.1965125203132629
sub-openieegUCLA47,openieeg,RPH5-RPH6,0,0.1770925521850586
sub-openieegUCLA47,openieeg,RPH6-RPH7,0,0.5962650775909424
sub-openieegUCLA47,openieeg,RPH7-RPH8,0,0.3565519452095032
sub-openieegUCLA47,openieeg,RSTG1-RSTG2,0,0.2203174233436584
sub-openieegUCLA47,openieeg,RSTG2-RSTG3,0,0.1908600926399231
sub-openieegUCLA47,openieeg,RSTG3-RSTG4,0,0.2210749983787536
sub-openieegUCLA47,openieeg,RSTG4-RSTG5,0,0.5082994699478149
sub-openieegUCLA47,openieeg,RSTG5-RSTG6,0,0.3713412880897522
sub-openieegUCLA47,openieeg,RSTG7-RSTG8,0,0.0199082493782043
sub-openieegUCLA49,openieeg,LAN2-LAN3,0,0.0138028264045715
sub-openieegUCLA49,openieeg,LAN3-LAN4,0,0.0147038102149963
sub-openieegUCLA49,openieeg,LAPL1-LAPL2,0,0.0077394843101501
sub-openieegUCLA49,openieeg,LAPL2-LAPL3,0,0.0233035087585449
sub-openieegUCLA49,openieeg,LAPL3-LAPL4,0,0.0251924395561218
sub-openieegUCLA49,openieeg,LAPL4-LAPL5,0,0.0117170214653015
sub-openieegUCLA49,openieeg,LAPL5-LAPL6,0,0.0098204612731933
sub-openieegUCLA49,openieeg,LAPL6-LAPL7,0,0.0585865378379821
sub-openieegUCLA49,openieeg,LAPL7-LAPL8,0,0.0101804137229919
sub-openieegUCLA49,openieeg,LCM1-LCM2,0,0.0081626772880554
sub-openieegUCLA49,openieeg,LCM2-LCM3,0,0.0090339183807373
sub-openieegUCLA49,openieeg,LCM3-LCM4,0,0.0108264684677124
sub-openieegUCLA49,openieeg,LI1-LI2,0,0.0279238224029541
sub-openieegUCLA49,openieeg,LI2-LI3,0,0.0188488364219665
sub-openieegUCLA49,openieeg,LI3-LI4,0,0.0502175092697143
sub-openieegUCLA49,openieeg,LI4-LI5,0,0.0248597264289855
sub-openieegUCLA49,openieeg,LI5-LI6,0,0.0242004990577697
sub-openieegUCLA49,openieeg,LI6-LI7,0,0.0204821228981018
sub-openieegUCLA49,openieeg,LI7-LI8,0,0.0278441905975341
sub-openieegUCLA49,openieeg,LIPL1-LIPL2,0,0.0106224417686462
sub-openieegUCLA49,openieeg,LIPL2-LIPL3,0,0.0105051398277282
sub-openieegUCLA49,openieeg,LIPL3-LIPL4,0,0.1286981105804443
sub-openieegUCLA49,openieeg,LIPL4-LIPL5,1,0.5917155742645264
sub-openieegUCLA49,openieeg,LIPL5-LIPL6,1,0.7372247576713562
sub-openieegUCLA49,openieeg,LIPL6-LIPL7,1,0.6544667482376099
sub-openieegUCLA49,openieeg,LIPL7-LIPL8,0,0.0139269828796386
sub-openieegUCLA49,openieeg,LIPT1-LIPT2,0,0.0097002983093261
sub-openieegUCLA49,openieeg,LIPT2-LIPT3,0,0.04107266664505
sub-openieegUCLA49,openieeg,LIPT3-LIPT4,0,0.0136696100234985
sub-openieegUCLA49,openieeg,LIPT4-LIPT5,0,0.057365596294403
sub-openieegUCLA49,openieeg,LIPT5-LIPT6,0,0.0521385669708251
sub-openieegUCLA49,openieeg,LIPT7-LIPT8,0,0.2541540265083313
sub-openieegUCLA49,openieeg,LPPL1-LPPL2,1,0.74782794713974
sub-openieegUCLA49,openieeg,LPPL2-LPPL3,1,0.6517499685287476
sub-openieegUCLA49,openieeg,LPPL3-LPPL4,1,0.6502383947372437
sub-openieegUCLA49,openieeg,LPPL4-LPPL5,1,0.7486212253570557
sub-openieegUCLA49,openieeg,LPPL5-LPPL6,1,0.7109034061431885
sub-openieegUCLA49,openieeg,LPPL6-LPPL7,1,0.6778740286827087
sub-openieegUCLA49,openieeg,LPPL7-LPPL8,1,0.601256251335144
sub-openieegUCLA49,openieeg,LSPL1-LSPL2,0,0.0098586678504943
sub-openieegUCLA49,openieeg,LSPL2-LSPL3,0,0.3153824806213379
sub-openieegUCLA49,openieeg,LSPL3-LSPL4,0,0.1195370554924011
sub-openieegUCLA49,openieeg,LSPL4-LSPL5,0,0.6198884844779968
sub-openieegUCLA49,openieeg,LSPL5-LSPL6,0,0.7351127862930298
sub-openieegUCLA49,openieeg,LSPL6-LSPL7,0,0.0106066465377807
sub-openieegUCLA49,openieeg,LSPL7-LSPL8,0,0.0102047324180603
sub-openieegUCLA49,openieeg,LSPT1-LSPT2,0,0.0086044669151306
sub-openieegUCLA49,openieeg,LSPT3-LSPT4,0,0.0248246192932128
sub-openieegUCLA49,openieeg,LSPT4-LSPT5,0,0.0225121974945068
sub-openieegUCLA49,openieeg,LSPT5-LSPT6,0,0.0221409201622009
sub-openieegUCLA49,openieeg,LSPT6-LSPT7,0,0.0222202539443969
sub-openieegUCLA49,openieeg,LSPT7-LSPT8,0,0.5966498255729675
sub-openieegUCLA49,openieeg,RI2-RI3,0,0.012983500957489
sub-openieegUCLA49,openieeg,RI3-RI4,0,0.0135622024536132
sub-openieegUCLA49,openieeg,RI4-RI5,0,0.0147758722305297
sub-openieegUCLA49,openieeg,RI5-RI6,0,0.0122274756431579
sub-openieegUCLA49,openieeg,RP1-RP2,0,0.0085441470146179
sub-openieegUCLA49,openieeg,RP2-RP3,0,0.0112941861152648
sub-openieegUCLA49,openieeg,RP3-RP4,0,0.0089146494865417
sub-openieegUCLA49,openieeg,RP4-RP5,1,0.0163000226020813
sub-openieegUCLA49,openieeg,RP5-RP6,1,0.0114220380783081
sub-openieegUCLA49,openieeg,RP6-RP7,1,0.5881447792053223
sub-openieegUCLA49,openieeg,RP7-RP8,1,0.0100687742233276
sub-openieegUCLA49,openieeg,RPT1-RPT2,0,0.010008692741394
sub-openieegUCLA49,openieeg,RPT2-RPT3,0,0.5709838271141052
sub-openieegUCLA49,openieeg,RPT3-RPT4,0,0.4376410841941833
sub-openieegUCLA49,openieeg,RPT4-RPT5,0,0.2870665192604065
sub-openieegUCLA49,openieeg,RPT5-RPT6,0,0.3241782188415527
sub-openieegUCLA49,openieeg,RPT6-RPT7,0,0.5894722938537598
sub-openieegUCLA49,openieeg,RPT7-RPT8,0,0.5926095843315125
sub-sourcesinkNIH2,sourcesink,RAID1-RAID2,1,0.0960360765457153
sub-sourcesinkNIH2,sourcesink,RAID2-RAID3,1,0.0087153911590576
sub-sourcesinkNIH2,sourcesink,RAID3-RAID4,1,0.0070295929908752
sub-sourcesinkNIH2,sourcesink,RAID4-RAID5,1,0.0089373588562011
sub-sourcesinkNIH2,sourcesink,RAID5-RAID6,0,0.0175921320915222
sub-sourcesinkNIH2,sourcesink,RAID6-RAID7,0,0.060768187046051
sub-sourcesinkNIH2,sourcesink,RAID7-RAID8,0,0.186173141002655
sub-sourcesinkNIH2,sourcesink,RAID8-RAID9,0,0.2532132267951965
sub-sourcesinkNIH2,sourcesink,RAID9-RAID10,0,0.2052751779556274
sub-sourcesinkNIH2,sourcesink,RATO1-RATO2,0,0.0171268582344055
sub-sourcesinkNIH2,sourcesink,RATO2-RATO3,0,0.0125443935394287
sub-sourcesinkNIH2,sourcesink,RATO3-RATO4,0,0.0133624076843261
sub-sourcesinkNIH2,sourcesink,RATO7-RATO8,0,0.0107083916664123
sub-sourcesinkNIH2,sourcesink,RATO8-RATO9,0,0.0140045285224914
sub-sourcesinkNIH2,sourcesink,RATO9-RATO10,0,0.0124174952507019
sub-sourcesinkNIH2,sourcesink,RIPI1-RIPI2,1,0.0121800899505615
sub-sourcesinkNIH2,sourcesink,RIPI10-RIPI11,0,0.3433805108070373
sub-sourcesinkNIH2,sourcesink,RIPI11-RIPI12,0,0.0080070495605468
sub-sourcesinkNIH2,sourcesink,RIPI12-RIPI13,0,0.0077282190322875
sub-sourcesinkNIH2,sourcesink,RIPI13-RIPI14,0,0.0085763335227966
sub-sourcesinkNIH2,sourcesink,RIPI2-RIPI3,1,0.01125168800354
sub-sourcesinkNIH2,sourcesink,RIPI3-RIPI4,0,0.111782431602478
sub-sourcesinkNIH2,sourcesink,RIPI4-RIPI5,0,0.1207035183906555
sub-sourcesinkNIH2,sourcesink,RIPI5-RIPI6,0,0.1455823183059692
sub-sourcesinkNIH2,sourcesink,RIPI9-RIPI10,0,0.2129251360893249
sub-sourcesinkNIH2,sourcesink,ROF1-ROF2,0,0.0855522155761718
sub-sourcesinkNIH2,sourcesink,ROF2-ROF3,0,0.1650554537773132
sub-sourcesinkNIH2,sourcesink,ROF3-ROF4,0,0.177512526512146
sub-sourcesinkNIH2,sourcesink,ROF4-ROF5,0,0.2569113373756408
sub-sourcesinkNIH2,sourcesink,ROF5-ROF6,0,0.254407525062561
sub-sourcesinkNIH2,sourcesink,RPCD1-RPCD2,0,0.5074964761734009
sub-sourcesinkNIH2,sourcesink,RPCD2-RPCD3,0,0.636462926864624
sub-sourcesinkNIH2,sourcesink,RPCD3-RPCD4,0,0.6065741777420044
sub-sourcesinkNIH2,sourcesink,RPCD4-RPCD5,0,0.5830367803573608
sub-sourcesinkNIH2,sourcesink,RPCD5-RPCD6,0,0.5855876803398132
sub-sourcesinkNIH2,sourcesink,RPCD6-RPCD7,0,0.3446189761161804
sub-sourcesinkNIH2,sourcesink,RPCD7-RPCD8,0,0.3613389134407043
sub-sourcesinkNIH2,sourcesink,RPHD1-RPHD2,1,0.6033373475074768
sub-sourcesinkNIH2,sourcesink,RPHD10-RPHD11,0,0.0521835088729858
sub-sourcesinkNIH2,sourcesink,RPHD11-RPHD12,0,0.0124058127403259
sub-sourcesinkNIH2,sourcesink,RPHD2-RPHD3,1,0.667582631111145
sub-sourcesinkNIH2,sourcesink,RPHD3-RPHD4,1,0.6487616896629333
sub-sourcesinkNIH2,sourcesink,RPHD4-RPHD5,0,0.2801837921142578
sub-sourcesinkNIH2,sourcesink,RPHD5-RPHD6,0,0.1978655457496643
sub-sourcesinkNIH2,sourcesink,RPHD6-RPHD7,0,0.0586772561073303
sub-sourcesinkNIH2,sourcesink,RPHD7-RPHD8,0,0.0082449913024902
sub-sourcesinkNIH2,sourcesink,RPHD8-RPHD9,0,0.0133447647094726
sub-sourcesinkNIH2,sourcesink,RPHD9-RPHD10,0,0.0548226237297058
sub-sourcesinkNIH2,sourcesink,RPPO1-RPPO2,0,0.0441753268241882
sub-sourcesinkNIH2,sourcesink,RPPO2-RPPO3,0,0.2994579076766968
sub-sourcesinkNIH2,sourcesink,RPPO3-RPPO4,0,0.4339061975479126
sub-sourcesinkNIH2,sourcesink,RPPO4-RPPO5,0,0.3303076028823852
sub-sourcesinkNIH2,sourcesink,RPPO5-RPPO6,0,0.3205593824386596
sub-sourcesinkNIH2,sourcesink,RPPO6-RPPO7,0,0.0890401005744934
sub-sourcesinkNIH2,sourcesink,RPPO7-RPPO8,0,0.112411081790924
sub-sourcesinkNIH2,sourcesink,RPPO8-RPPO9,0,0.0122524499893188
sub-sourcesinkNIH2,sourcesink,RPPO9-RPPO10,0,0.0083585977554321
sub-sourcesinkNIH2,sourcesink,RPTO1-RPTO2,0,0.0095455050468444
sub-sourcesinkNIH2,sourcesink,RPTO2-RPTO3,0,0.0114100575447082
sub-sourcesinkNIH2,sourcesink,RPTO3-RPTO4,0,0.0103628039360046
sub-sourcesinkNIH2,sourcesink,RPTO4-RPTO5,0,0.0140471458435058
sub-sourcesinkNIH2,sourcesink,RPTO5-RPTO6,0,0.010143756866455
sub-sourcesinkNIH2,sourcesink,RPTO6-RPTO7,0,0.0107713937759399
sub-sourcesinkNIH2,sourcesink,RPTO7-RPTO8,0,0.0123155117034912
sub-sourcesinkNIH2,sourcesink,RPTO8-RPTO9,0,0.0091785192489624
sub-sourcesinkNIH2,sourcesink,RPTO9-RPTO10,0,0.0129714012145996
sub-sourcesinkNIH2,sourcesink,RSPI1-RSPI2,0,0.1727088093757629
sub-sourcesinkNIH2,sourcesink,RSPI10-RSPI11,0,0.0082248449325561
sub-sourcesinkNIH2,sourcesink,RSPI11-RSPI12,0,0.1325067281723022
sub-sourcesinkNIH2,sourcesink,RSPI12-RSPI13,0,0.2971892952919006
sub-sourcesinkNIH2,sourcesink,RSPI2-RSPI3,0,0.2052220106124878
sub-sourcesinkNIH2,sourcesink,RSPI3-RSPI4,0,0.1370280981063842
sub-sourcesinkNIH2,sourcesink,RSPI4-RSPI5,0,0.0611752271652221
sub-sourcesinkNIH2,sourcesink,RSPI5-RSPI6,0,0.0403319597244262
sub-sourcesinkNIH2,sourcesink,RSPI6-RSPI7,0,0.0085974335670471
sub-sourcesinkNIH2,sourcesink,RSPI7-RSPI8,0,0.0077092051506042
sub-sourcesinkNIH2,sourcesink,RSPI8-RSPI9,0,0.0082744359970092
sub-sourcesinkNIH2,sourcesink,RSPI9-RSPI10,0,0.0078952312469482
sub-sourcesinkNIH4,sourcesink,RAD1-RAD2,0,0.6187628507614136
sub-sourcesinkNIH4,sourcesink,RAD2-RAD3,0,0.5245762467384338
sub-sourcesinkNIH4,sourcesink,RAD3-RAD4,0,0.537514865398407
sub-sourcesinkNIH4,sourcesink,RAD7-RAD8,0,0.0724856257438659
sub-sourcesinkNIH4,sourcesink,RAD8-RAD9,0,0.0838456153869628
sub-sourcesinkNIH4,sourcesink,RAD9-RAD10,0,0.0428588390350341
sub-sourcesinkNIH4,sourcesink,RAHD1-RAHD2,0,0.2624137997627258
sub-sourcesinkNIH4,sourcesink,RAHD2-RAHD3,0,0.486668586730957
sub-sourcesinkNIH4,sourcesink,RAHD3-RAHD4,0,0.4228754043579101
sub-sourcesinkNIH4,sourcesink,RAHD4-RAHD5,0,0.6400845050811768
sub-sourcesinkNIH4,sourcesink,RAHD5-RAHD6,0,0.6062755584716797
sub-sourcesinkNIH4,sourcesink,RAHD6-RAHD7,0,0.5927598476409912
sub-sourcesinkNIH4,sourcesink,RAHD7-RAHD8,0,0.400762677192688
sub-sourcesinkNIH4,sourcesink,RAHD8-RAHD9,0,0.039712905883789
sub-sourcesinkNIH4,sourcesink,RAHD9-RAHD10,0,0.0372218489646911
sub-sourcesinkNIH4,sourcesink,RAID1-RAID2,0,0.2251718044281005
sub-sourcesinkNIH4,sourcesink,RAID10-RAID11,0,0.0277368426322937
sub-sourcesinkNIH4,sourcesink,RAID11-RAID12,0,0.0225473642349243
sub-sourcesinkNIH4,sourcesink,RAID12-RAID13,0,0.1281042695045471
sub-sourcesinkNIH4,sourcesink,RAID13-RAID14,0,0.3942776918411255
sub-sourcesinkNIH4,sourcesink,RAID14-RAID15,0,0.557004451751709
sub-sourcesinkNIH4,sourcesink,RAID15-RAID16,0,0.417866587638855
sub-sourcesinkNIH4,sourcesink,RAID2-RAID3,0,0.0434632897377014
sub-sourcesinkNIH4,sourcesink,RAID3-RAID4,0,0.050247848033905
sub-sourcesinkNIH4,sourcesink,RAID4-RAID5,0,0.0323981046676635
sub-sourcesinkNIH4,sourcesink,RAID5-RAID6,0,0.0264078974723815
sub-sourcesinkNIH4,sourcesink,RAID6-RAID7,0,0.0458458065986633
sub-sourcesinkNIH4,sourcesink,RAID7-RAID8,0,0.4701340794563293
sub-sourcesinkNIH4,sourcesink,RAID8-RAID9,0,0.315919816493988
sub-sourcesinkNIH4,sourcesink,RAID9-RAID10,0,0.0295733213424682
sub-sourcesinkNIH4,sourcesink,RILP1-RILP2,0,0.0693616867065429
sub-sourcesinkNIH4,sourcesink,RILP2-RILP3,0,0.0602501034736633
sub-sourcesinkNIH4,sourcesink,RILP3-RILP4,0,0.0435199737548828
sub-sourcesinkNIH4,sourcesink,RILP4-RILP5,0,0.0562169551849365
sub-sourcesinkNIH4,sourcesink,RILP5-RILP6,0,0.0411728620529174
sub-sourcesinkNIH4,sourcesink,RILP6-RILP7,1,0.348246157169342
sub-sourcesinkNIH4,sourcesink,RILP7-RILP8,1,0.4786346554756164
sub-sourcesinkNIH4,sourcesink,RILP8-RILP9,0,0.235519528388977
sub-sourcesinkNIH4,sourcesink,RILP9-RILP10,0,0.0496789813041687
sub-sourcesinkNIH4,sourcesink,RIMP1-RIMP2,0,0.541805624961853
sub-sourcesinkNIH4,sourcesink,RIMP2-RIMP3,0,0.4337755441665649
sub-sourcesinkNIH4,sourcesink,RIMP3-RIMP4,0,0.438478410243988
sub-sourcesinkNIH4,sourcesink,RIMP4-RIMP5,0,0.0794984698295593
sub-sourcesinkNIH4,sourcesink,RIMP5-RIMP6,0,0.0739516615867614
sub-sourcesinkNIH4,sourcesink,RIMP6-RIMP7,0,0.1674099564552307
sub-sourcesinkNIH4,sourcesink,RIMP7-RIMP8,0,0.0379397869110107
sub-sourcesinkNIH4,sourcesink,RPHD1-RPHD2,0,0.0748363137245178
sub-sourcesinkNIH4,sourcesink,RPHD2-RPHD3,0,0.0332016348838806
sub-sourcesinkNIH4,sourcesink,RPHD3-RPHD4,0,0.489505410194397
sub-sourcesinkNIH4,sourcesink,RPHD4-RPHD5,0,0.5449126958847046
sub-sourcesinkNIH4,sourcesink,RPHD5-RPHD6,0,0.5418146252632141
sub-sourcesinkNIH4,sourcesink,RPHD6-RPHD7,0,0.4676078557968139
sub-sourcesinkNIH4,sourcesink,RPHD7-RPHD8,0,0.4137971997261047
sub-sourcesinkNIH4,sourcesink,RPHD8-RPHD9,0,0.1181413531303405
sub-sourcesinkNIH4,sourcesink,RPHD9-RPHD10,0,0.0730122327804565
sub-sourcesinkNIH4,sourcesink,RPID1-RPID2,0,0.0318723917007446
sub-sourcesinkNIH4,sourcesink,RPID10-RPID11,0,0.0220127701759338
sub-sourcesinkNIH4,sourcesink,RPID11-RPID12,0,0.0181668996810913
sub-sourcesinkNIH4,sourcesink,RPID12-RPID13,0,0.0174154639244079
sub-sourcesinkNIH4,sourcesink,RPID13-RPID14,0,0.0328169465065002
sub-sourcesinkNIH4,sourcesink,RPID2-RPID3,0,0.0193364024162292
sub-sourcesinkNIH4,sourcesink,RPID3-RPID4,0,0.0449097752571105
sub-sourcesinkNIH4,sourcesink,RPID4-RPID5,0,0.043343186378479
sub-sourcesinkNIH4,sourcesink,RPID5-RPID6,0,0.0737184286117553
sub-sourcesinkNIH4,sourcesink,RPID6-RPID7,0,0.126906156539917
sub-sourcesinkNIH4,sourcesink,RPID7-RPID8,0,0.0643497109413147
sub-sourcesinkNIH4,sourcesink,RPID8-RPID9,0,0.0284743905067443
sub-sourcesinkNIH4,sourcesink,RPID9-RPID10,0,0.0857242345809936
sub-sourcesinkNIH4,sourcesink,RSLP1-RSLP2,0,0.4550850391387939
sub-sourcesinkNIH4,sourcesink,RSLP2-RSLP3,0,0.03269624710083
sub-sourcesinkNIH4,sourcesink,RSLP3-RSLP4,0,0.0451790690422058
sub-sourcesinkNIH4,sourcesink,RSLP4-RSLP5,0,0.0372123718261718
sub-sourcesinkNIH4,sourcesink,RSLP5-RSLP6,0,0.0657147765159607
sub-sourcesinkNIH4,sourcesink,RSLP6-RSLP7,0,0.0265325903892517
sub-sourcesinkNIH4,sourcesink,RSLP7-RSLP8,1,0.1771464347839355
sub-sourcesinkNIH4,sourcesink,RSLP8-RSLP9,1,0.2983536124229431
sub-sourcesinkNIH4,sourcesink,RSLP9-RSLP10,1,0.3100635409355163
sub-sourcesinkNIH4,sourcesink,RSMP1-RSMP2,0,0.5422104597091675
sub-sourcesinkNIH4,sourcesink,RSMP2-RSMP3,1,0.5328871011734009
sub-sourcesinkNIH4,sourcesink,RSMP3-RSMP4,1,0.3415063023567199
sub-sourcesinkNIH4,sourcesink,RSMP4-RSMP5,0,0.6497650146484375
sub-sourcesinkNIH4,sourcesink,RSMP5-RSMP6,0,0.112034797668457
sub-sourcesinkNIH4,sourcesink,RSMP6-RSMP7,0,0.5742942094802856
sub-sourcesinkNIH4,sourcesink,RSMP7-RSMP8,0,0.6041995286941528
sub-sourcesinkNIH8,sourcesink,LAD1-LAD2,0,0.7293530106544495
sub-sourcesinkNIH8,sourcesink,LAD2-LAD3,0,0.5441946387290955
sub-sourcesinkNIH8,sourcesink,LAD3-LAD4,0,0.2806508541107178
sub-sourcesinkNIH8,sourcesink,LAD4-LAD5,0,0.3282428383827209
sub-sourcesinkNIH8,sourcesink,LAD5-LAD6,0,0.117322564125061
sub-sourcesinkNIH8,sourcesink,LAD6-LAD7,0,0.0113965272903442
sub-sourcesinkNIH8,sourcesink,LAD7-LAD8,0,0.0112445950508117
sub-sourcesinkNIH8,sourcesink,LAD8-LAD9,0,0.0116647481918334
sub-sourcesinkNIH8,sourcesink,LAD9-LAD10,0,0.3567063808441162
sub-sourcesinkNIH8,sourcesink,LAH1-LAH2,0,0.7417060136795044
sub-sourcesinkNIH8,sourcesink,LAH2-LAH3,0,0.6801666021347046
sub-sourcesinkNIH8,sourcesink,LAH3-LAH4,0,0.7202727794647217
sub-sourcesinkNIH8,sourcesink,LAH4-LAH5,0,0.7057125568389893
sub-sourcesinkNIH8,sourcesink,LAH5-LAH6,0,0.7473368644714355
sub-sourcesinkNIH8,sourcesink,LAH6-LAH7,0,0.736533522605896
sub-sourcesinkNIH8,sourcesink,LAH7-LAH8,0,0.4886593222618103
sub-sourcesinkNIH8,sourcesink,LAH8-LAH9,0,0.1040282845497131
sub-sourcesinkNIH8,sourcesink,LAH9-LAH10,0,0.0185624361038208
sub-sourcesinkNIH8,sourcesink,LAI1-LAI2,0,0.4878191947937011
sub-sourcesinkNIH8,sourcesink,LAI2-LAI3,0,0.0184308290481567
sub-sourcesinkNIH8,sourcesink,LAI3-LAI4,0,0.025680661201477
sub-sourcesinkNIH8,sourcesink,LAI4-LAI5,0,0.0603012442588806
sub-sourcesinkNIH8,sourcesink,LAI5-LAI6,0,0.0160338282585144
sub-sourcesinkNIH8,sourcesink,LAI6-LAI7,0,0.0090528726577758
sub-sourcesinkNIH8,sourcesink,LAI7-LAI8,0,0.0470913648605346
sub-sourcesinkNIH8,sourcesink,LAI8-LAI9,0,0.0810618996620178
sub-sourcesinkNIH8,sourcesink,LAI9-LAI10,0,0.1974647045135498
sub-sourcesinkNIH8,sourcesink,LCD1-LCD2,0,0.1006152629852294
sub-sourcesinkNIH8,sourcesink,LCD2-LCD3,0,0.188101589679718
sub-sourcesinkNIH8,sourcesink,LCD3-LCD4,0,0.0096687078475952
sub-sourcesinkNIH8,sourcesink,LCD4-LCD5,0,0.1478767395019531
sub-sourcesinkNIH8,sourcesink,LCD5-LCD6,0,0.0187945365905761
sub-sourcesinkNIH8,sourcesink,LCD6-LCD7,0,0.3142859935760498
sub-sourcesinkNIH8,sourcesink,LCD7-LCD8,0,0.0080184340476989
sub-sourcesinkNIH8,sourcesink,LCD8-LCD9,0,0.0073709487915039
sub-sourcesinkNIH8,sourcesink,LCD9-LCD10,0,0.0301631093025207
sub-sourcesinkNIH8,sourcesink,LOF1-LOF2,0,0.2189222574234008
sub-sourcesinkNIH8,sourcesink,LOF10-LOF11,0,0.0074766278266906
sub-sourcesinkNIH8,sourcesink,LOF11-LOF12,0,0.0115101933479309
sub-sourcesinkNIH8,sourcesink,LOF12-LOF13,0,0.0071141123771667
sub-sourcesinkNIH8,sourcesink,LOF13-LOF14,0,0.0092523097991943
sub-sourcesinkNIH8,sourcesink,LOF14-LOF15,0,0.0079898834228515
sub-sourcesinkNIH8,sourcesink,LOF15-LOF16,0,0.0075573325157165
sub-sourcesinkNIH8,sourcesink,LOF2-LOF3,0,0.4108768701553345
sub-sourcesinkNIH8,sourcesink,LOF3-LOF4,0,0.0081972479820251
sub-sourcesinkNIH8,sourcesink,LOF4-LOF5,0,0.0087089538574218
sub-sourcesinkNIH8,sourcesink,LOF5-LOF6,0,0.0107361674308776
sub-sourcesinkNIH8,sourcesink,LOF6-LOF7,0,0.2497655749320984
sub-sourcesinkNIH8,sourcesink,LOF7-LOF8,0,0.0630045533180236
sub-sourcesinkNIH8,sourcesink,LOF8-LOF9,0,0.0125231146812438
sub-sourcesinkNIH8,sourcesink,LOF9-LOF10,0,0.1335451006889343
sub-sourcesinkNIH8,sourcesink,LPF1-LPF2,0,0.0086886882781982
sub-sourcesinkNIH8,sourcesink,LPF10-LPF11,0,0.0073907971382141
sub-sourcesinkNIH8,sourcesink,LPF11-LPF12,0,0.0075346231460571
sub-sourcesinkNIH8,sourcesink,LPF12-LPF13,0,0.0073269009590148
sub-sourcesinkNIH8,sourcesink,LPF13-LPF14,0,0.0063762664794921
sub-sourcesinkNIH8,sourcesink,LPF14-LPF15,0,0.0067846775054931
sub-sourcesinkNIH8,sourcesink,LPF15-LPF16,0,0.0339395403861999
sub-sourcesinkNIH8,sourcesink,LPF2-LPF3,0,0.1059997677803039
sub-sourcesinkNIH8,sourcesink,LPF3-LPF4,0,0.0094026923179626
sub-sourcesinkNIH8,sourcesink,LPF4-LPF5,0,0.0080729722976684
sub-sourcesinkNIH8,sourcesink,LPF5-LPF6,0,0.0077082514762878
sub-sourcesinkNIH8,sourcesink,LPF6-LPF7,0,0.0081596374511718
sub-sourcesinkNIH8,sourcesink,LPF7-LPF8,0,0.006687581539154
sub-sourcesinkNIH8,sourcesink,LPF8-LPF9,0,0.0071337223052978
sub-sourcesinkNIH8,sourcesink,LPF9-LPF10,0,0.0076606273651123
sub-sourcesinkNIH8,sourcesink,LPH1-LPH2,0,0.7343553900718689
sub-sourcesinkNIH8,sourcesink,LPH10-LPH11,0,0.0106329321861267
sub-sourcesinkNIH8,sourcesink,LPH11-LPH12,0,0.0095271468162536
sub-sourcesinkNIH8,sourcesink,LPH12-LPH13,0,0.0087608695030212
sub-sourcesinkNIH8,sourcesink,LPH13-LPH14,0,0.1751976013183593
sub-sourcesinkNIH8,sourcesink,LPH2-LPH3,0,0.7030017375946045
sub-sourcesinkNIH8,sourcesink,LPH3-LPH4,0,0.6591874361038208
sub-sourcesinkNIH8,sourcesink,LPH4-LPH5,0,0.6322442889213562
sub-sourcesinkNIH8,sourcesink,LPH5-LPH6,0,0.6973814368247986
sub-sourcesinkNIH8,sourcesink,LPH6-LPH7,0,0.7002304792404175
sub-sourcesinkNIH8,sourcesink,LPH7-LPH8,0,0.4364922046661377
sub-sourcesinkNIH8,sourcesink,LPH8-LPH9,0,0.0133211016654968
sub-sourcesinkNIH8,sourcesink,LPH9-LPH10,0,0.0095285177230834
sub-sourcesinkNIH8,sourcesink,LPI1-LPI2,0,0.0267985463142395
sub-sourcesinkNIH8,sourcesink,LPI10-LPI11,0,0.0076297521591186
sub-sourcesinkNIH8,sourcesink,LPI11-LPI12,0,0.008546233177185
sub-sourcesinkNIH8,sourcesink,LPI12-LPI13,0,0.0087321400642395
sub-sourcesinkNIH8,sourcesink,LPI13-LPI14,0,0.0082731246948242
sub-sourcesinkNIH8,sourcesink,LPI2-LPI3,0,0.0144229531288146
sub-sourcesinkNIH8,sourcesink,LPI3-LPI4,0,0.3737345337867737
sub-sourcesinkNIH8,sourcesink,LPI4-LPI5,0,0.4648582339286804
sub-sourcesinkNIH8,sourcesink,LPI5-LPI6,0,0.0126553177833557
sub-sourcesinkNIH8,sourcesink,LPI6-LPI7,0,0.2732763886451721
sub-sourcesinkNIH8,sourcesink,LPI7-LPI8,0,0.0112846493721008
sub-sourcesinkNIH8,sourcesink,LPI8-LPI9,0,0.0130832195281982
sub-sourcesinkNIH8,sourcesink,LPI9-LPI10,0,0.0084846019744873
sub-sourcesinkNIH8,sourcesink,LPT1-LPT2,1,0.1886227130889892
sub-sourcesinkNIH8,sourcesink,LPT10-LPT11,0,0.007971704006195
sub-sourcesinkNIH8,sourcesink,LPT11-LPT12,0,0.0086464285850524
sub-sourcesinkNIH8,sourcesink,LPT12-LPT13,0,0.0104647278785705
sub-sourcesinkNIH8,sourcesink,LPT13-LPT14,0,0.0304492712020874
sub-sourcesinkNIH8,sourcesink,LPT14-LPT15,0,0.0091859698295593
sub-sourcesinkNIH8,sourcesink,LPT15-LPT16,0,0.0089421272277832
sub-sourcesinkNIH8,sourcesink,LPT2-LPT3,1,0.5650020837783813
sub-sourcesinkNIH8,sourcesink,LPT3-LPT4,1,0.5104642510414124
sub-sourcesinkNIH8,sourcesink,LPT4-LPT5,1,0.292437195777893
sub-sourcesinkNIH8,sourcesink,LPT5-LPT6,1,0.3539914488792419
sub-sourcesinkNIH8,sourcesink,LPT6-LPT7,1,0.7228244543075562
sub-sourcesinkNIH8,sourcesink,LPT7-LPT8,0,0.0165522098541259
sub-sourcesinkNIH8,sourcesink,LPT8-LPT9,0,0.0104973316192626
sub-sourcesinkNIH8,sourcesink,LPT9-LPT10,0,0.0092095136642456
sub-sourcesinkNIH8,sourcesink,RAH1-RAH2,0,0.6499242782592773
sub-sourcesinkNIH8,sourcesink,RAH2-RAH3,0,0.7818526029586792
sub-sourcesinkNIH8,sourcesink,RAH3-RAH4,0,0.7057466506958008
sub-sourcesinkNIH8,sourcesink,RAH4-RAH5,0,0.7667220830917358
sub-sourcesinkNIH8,sourcesink,RAH5-RAH6,0,0.6808974742889404
sub-sourcesinkNIH8,sourcesink,RAH6-RAH7,0,0.6690903902053833
sub-sourcesinkNIH8,sourcesink,RAH7-RAH8,0,0.0244006514549255
sub-sourcesinkNIH8,sourcesink,RAH8-RAH9,0,0.0120846033096313
sub-sourcesinkNIH8,sourcesink,RAH9-RAH10,0,0.0160011649131774
sub-sourcesinkNIH8,sourcesink,RPF10-RPF11,0,0.0091148018836975
sub-sourcesinkNIH8,sourcesink,RPF11-RPF12,0,0.00827556848526
sub-sourcesinkNIH8,sourcesink,RPF12-RPF13,0,0.008026123046875
sub-sourcesinkNIH8,sourcesink,RPF13-RPF14,0,0.0080050230026245
sub-sourcesinkNIH8,sourcesink,RPF14-RPF15,0,0.0083500146865844
sub-sourcesinkNIH8,sourcesink,RPF15-RPF16,0,0.0077406764030456
sub-sourcesinkNIH8,sourcesink,RPF2-RPF3,0,0.2725324034690857
sub-sourcesinkNIH8,sourcesink,RPF3-RPF4,0,0.2069931030273437
sub-sourcesinkNIH8,sourcesink,RPF7-RPF8,0,0.6888351440429688
sub-sourcesinkNIH8,sourcesink,RPF8-RPF9,0,0.6055536270141602
sub-sourcesinkNIH8,sourcesink,RPF9-RPF10,0,0.173093557357788
sub-sourcesinkNIH8,sourcesink,RPH1-RPH2,0,0.5982935428619385
sub-sourcesinkNIH8,sourcesink,RPH10-RPH11,0,0.0753704905509948
sub-sourcesinkNIH8,sourcesink,RPH11-RPH12,0,0.0147013664245605
sub-sourcesinkNIH8,sourcesink,RPH12-RPH13,0,0.0096787810325622
sub-sourcesinkNIH8,sourcesink,RPH13-RPH14,0,0.0073621273040771
sub-sourcesinkNIH8,sourcesink,RPH2-RPH3,0,0.6867903470993042
sub-sourcesinkNIH8,sourcesink,RPH3-RPH4,0,0.6427867412567139
sub-sourcesinkNIH8,sourcesink,RPH4-RPH5,0,0.6937340497970581
sub-sourcesinkNIH8,sourcesink,RPH5-RPH6,0,0.6972094774246216
sub-sourcesinkNIH8,sourcesink,RPH6-RPH7,0,0.01227468252182
sub-sourcesinkNIH8,sourcesink,RPH7-RPH8,0,0.2332695722579956
sub-sourcesinkNIH8,sourcesink,RPH8-RPH9,0,0.029716670513153
sub-sourcesinkNIH8,sourcesink,RPH9-RPH10,0,0.5056174397468567
sub-sourcesinkNIH9,sourcesink,AID1-AID2,0,0.714346706867218
sub-sourcesinkNIH9,sourcesink,AID10-AID11,0,0.5325061082839966
sub-sourcesinkNIH9,sourcesink,AID11-AID12,0,0.6976103782653809
sub-sourcesinkNIH9,sourcesink,AID12-AID13,0,0.5873644351959229
sub-sourcesinkNIH9,sourcesink,AID13-AID14,0,0.5809601545333862
sub-sourcesinkNIH9,sourcesink,AID14-AID15,0,0.140887439250946
sub-sourcesinkNIH9,sourcesink,AID15-AID16,0,0.0295762419700622
sub-sourcesinkNIH9,sourcesink,AID2-AID3,0,0.5854241251945496
sub-sourcesinkNIH9,sourcesink,AID3-AID4,1,0.6876450777053833
sub-sourcesinkNIH9,sourcesink,AID4-AID5,1,0.3335673213005066
sub-sourcesinkNIH9,sourcesink,AID5-AID6,1,0.0253981351852417
sub-sourcesinkNIH9,sourcesink,AID6-AID7,1,0.0203382968902587
sub-sourcesinkNIH9,sourcesink,AID7-AID8,1,0.0884689092636108
sub-sourcesinkNIH9,sourcesink,AID8-AID9,1,0.6341804265975952
sub-sourcesinkNIH9,sourcesink,AID9-AID10,0,0.4572452306747436
sub-sourcesinkNIH9,sourcesink,ALF1-ALF2,0,0.3279335498809814
sub-sourcesinkNIH9,sourcesink,ALF10-ALF11,0,0.0266884565353393
sub-sourcesinkNIH9,sourcesink,ALF11-ALF12,0,0.0239798426628112
sub-sourcesinkNIH9,sourcesink,ALF2-ALF3,0,0.3607307076454162
sub-sourcesinkNIH9,sourcesink,ALF3-ALF4,0,0.6448635458946228
sub-sourcesinkNIH9,sourcesink,ALF7-ALF8,0,0.0515519976615905
sub-sourcesinkNIH9,sourcesink,ALF8-ALF9,0,0.0245537161827087
sub-sourcesinkNIH9,sourcesink,ALF9-ALF10,0,0.0357512831687927
sub-sourcesinkNIH9,sourcesink,ALP1-ALP2,0,0.023883581161499
sub-sourcesinkNIH9,sourcesink,ALP10-ALP11,0,0.7264231443405151
sub-sourcesinkNIH9,sourcesink,ALP11-ALP12,0,0.1719114184379577
sub-sourcesinkNIH9,sourcesink,ALP2-ALP3,0,0.105610191822052
sub-sourcesinkNIH9,sourcesink,ALP3-ALP4,0,0.0213313102722167
sub-sourcesinkNIH9,sourcesink,ALP4-ALP5,0,0.5547286868095398
sub-sourcesinkNIH9,sourcesink,ALP5-ALP6,0,0.6316455006599426
sub-sourcesinkNIH9,sourcesink,ALP6-ALP7,0,0.6696115732192993
sub-sourcesinkNIH9,sourcesink,ALP7-ALP8,0,0.7212803363800049
sub-sourcesinkNIH9,sourcesink,ALP8-ALP9,0,0.644098162651062
sub-sourcesinkNIH9,sourcesink,ALP9-ALP10,0,0.6692731380462646
sub-sourcesinkNIH9,sourcesink,LAH1-LAH2,0,0.5171205997467041
sub-sourcesinkNIH9,sourcesink,LAH10-LAH11,0,0.0184084177017211
sub-sourcesinkNIH9,sourcesink,LAH11-LAH12,0,0.0333949923515319
sub-sourcesinkNIH9,sourcesink,LAH12-LAH13,0,0.0389474034309387
sub-sourcesinkNIH9,sourcesink,LAH13-LAH14,0,0.0400050282478332
sub-sourcesinkNIH9,sourcesink,LAH2-LAH3,0,0.1423565745353698
sub-sourcesinkNIH9,sourcesink,LAH3-LAH4,0,0.0381951332092285
sub-sourcesinkNIH9,sourcesink,LAH7-LAH8,0,0.0246838927268981
sub-sourcesinkNIH9,sourcesink,LAH8-LAH9,0,0.0191069841384887
sub-sourcesinkNIH9,sourcesink,LAH9-LAH10,0,0.0136550664901733
sub-sourcesinkNIH9,sourcesink,LPH1-LPH2,0,0.6071519255638123
sub-sourcesinkNIH9,sourcesink,LPH10-LPH11,0,0.0289074778556823
sub-sourcesinkNIH9,sourcesink,LPH11-LPH12,0,0.0221788883209228
sub-sourcesinkNIH9,sourcesink,LPH2-LPH3,0,0.5294360518455505
sub-sourcesinkNIH9,sourcesink,LPH3-LPH4,0,0.3499144911766052
sub-sourcesinkNIH9,sourcesink,LPH7-LPH8,0,0.3000298142433166
sub-sourcesinkNIH9,sourcesink,LPH8-LPH9,0,0.0659666061401367
sub-sourcesinkNIH9,sourcesink,LPH9-LPH10,0,0.0388523936271667
sub-sourcesinkNIH9,sourcesink,PCC1-PCC2,0,0.1910042762756347
sub-sourcesinkNIH9,sourcesink,PCC10-PCC11,0,0.068229079246521
sub-sourcesinkNIH9,sourcesink,PCC11-PCC12,0,0.0163595080375671
sub-sourcesinkNIH9,sourcesink,PCC12-PCC13,0,0.0248181223869323
sub-sourcesinkNIH9,sourcesink,PCC13-PCC14,0,0.0240741372108459
sub-sourcesinkNIH9,sourcesink,PCC14-PCC15,0,0.0263803005218505
sub-sourcesinkNIH9,sourcesink,PCC15-PCC16,0,0.0576930046081543
sub-sourcesinkNIH9,sourcesink,PCC2-PCC3,0,0.0749456882476806
sub-sourcesinkNIH9,sourcesink,PCC3-PCC4,0,0.5653876662254333
sub-sourcesinkNIH9,sourcesink,PCC4-PCC5,0,0.6211360096931458
sub-sourcesinkNIH9,sourcesink,PCC5-PCC6,0,0.7180647850036621
sub-sourcesinkNIH9,sourcesink,PCC6-PCC7,0,0.5840573906898499
sub-sourcesinkNIH9,sourcesink,PCC7-PCC8,0,0.0840396881103515
sub-sourcesinkNIH9,sourcesink,PCC8-PCC9,0,0.0348771810531616
sub-sourcesinkNIH9,sourcesink,PCC9-PCC10,0,0.1040778160095214
sub-sourcesinkNIH9,sourcesink,PLF11-PLF12,0,0.7083392143249512
sub-sourcesinkNIH9,sourcesink,PLF110-PLF111,0,0.0358367562294006
sub-sourcesinkNIH9,sourcesink,PLF111-PLF112,0,0.0251297950744628
sub-sourcesinkNIH9,sourcesink,PLF12-PLF13,0,0.7831225991249084
sub-sourcesinkNIH9,sourcesink,PLF13-PLF14,0,0.6843400001525879
sub-sourcesinkNIH9,sourcesink,PLF14-PLF15,0,0.7311035394668579
sub-sourcesinkNIH9,sourcesink,PLF15-PLF16,0,0.7200679779052734
sub-sourcesinkNIH9,sourcesink,PLF16-PLF17,0,0.6973437070846558
sub-sourcesinkNIH9,sourcesink,PLF17-PLF18,0,0.7066226005554199
sub-sourcesinkNIH9,sourcesink,PLF18-PLF19,0,0.6869540214538574
sub-sourcesinkNIH9,sourcesink,PLP1-PLP2,0,0.023059606552124
sub-sourcesinkNIH9,sourcesink,PLP2-PLP3,0,0.0208256840705871
sub-sourcesinkNIH9,sourcesink,PLP3-PLP4,0,0.5736067295074463
sub-sourcesinkNIH9,sourcesink,PLP4-PLP5,0,0.1969126462936401
sub-sourcesinkNIH9,sourcesink,PLP5-PLP6,0,0.6298766136169434
sub-sourcesinkNIH9,sourcesink,PLP6-PLP7,0,0.0373227596282959
sub-sourcesinkNIH9,sourcesink,PLP7-PLP8,0,0.0303623080253601
sub-sourcesinkNIH9,sourcesink,PLP8-PLP9,0,0.0225875377655029
sub-sourcesinkNIH9,sourcesink,PLP9-PLP10,0,0.0275420546531677
sub-sourcesinkNIH9,sourcesink,PLT1-PLT2,0,0.0223204493522644
sub-sourcesinkNIH9,sourcesink,PLT2-PLT3,0,0.038880705833435
sub-sourcesinkNIH9,sourcesink,PLT3-PLT4,0,0.333522617816925
sub-sourcesinkNIH9,sourcesink,PLT4-PLT5,0,0.1116189956665039
sub-sourcesinkNIH9,sourcesink,PLT5-PLT6,0,0.0553368330001831
sub-sourcesinkNIH9,sourcesink,PLT6-PLT7,0,0.0434876084327697
sub-sourcesinkNIH9,sourcesink,PLT7-PLT8,0,0.0284199118614196
sub-sourcesinkNIH9,sourcesink,PLT8-PLT9,0,0.0244006514549255
sub-sourcesinkNIH9,sourcesink,PLT9-PLT10,0,0.0226690769195556
sub-sourcesinkNIH9,sourcesink,SMA1-SMA2,0,0.6882106065750122
sub-sourcesinkNIH9,sourcesink,SMA10-SMA11,0,0.0457337498664855
sub-sourcesinkNIH9,sourcesink,SMA11-SMA12,0,0.5326237082481384
sub-sourcesinkNIH9,sourcesink,SMA12-SMA13,0,0.509137749671936
sub-sourcesinkNIH9,sourcesink,SMA2-SMA3,0,0.5013042092323303
sub-sourcesinkNIH9,sourcesink,SMA3-SMA4,0,0.5152862071990967
sub-sourcesinkNIH9,sourcesink,SMA7-SMA8,0,0.1525979042053222
sub-sourcesinkNIH9,sourcesink,SMA8-SMA9,0,0.6843317151069641
sub-sourcesinkNIH9,sourcesink,SMA9-SMA10,0,0.5849422216415405
sub-sourcesinkPY18N007,sourcesink,AF1-AF2,0,0.5431259274482727
sub-sourcesinkPY18N007,sourcesink,AF2-AF3,0,0.6116554737091064
sub-sourcesinkPY18N007,sourcesink,AF3-AF4,0,0.5841308832168579
sub-sourcesinkPY18N007,sourcesink,AF4-AF5,0,0.7059663534164429
sub-sourcesinkPY18N007,sourcesink,AF5-AF6,0,0.3559427261352539
sub-sourcesinkPY18N007,sourcesink,AF6-AF7,0,0.3041563034057617
sub-sourcesinkPY18N007,sourcesink,AF7-AF8,0,0.0136798024177551
sub-sourcesinkPY18N007,sourcesink,AF8-AF9,0,0.5923541784286499
sub-sourcesinkPY18N007,sourcesink,AF9-AF10,0,0.0369390249252319
sub-sourcesinkPY18N007,sourcesink,CINA1-CINA2,1,0.6269242763519287
sub-sourcesinkPY18N007,sourcesink,CINA2-CINA3,0,0.0154014825820922
sub-sourcesinkPY18N007,sourcesink,CINA3-CINA4,0,0.0086158514022827
sub-sourcesinkPY18N007,sourcesink,CINA4-CINA5,0,0.2305164933204651
sub-sourcesinkPY18N007,sourcesink,CINA5-CINA6,0,0.2109115719795227
sub-sourcesinkPY18N007,sourcesink,CINA6-CINA7,0,0.1579418778419494
sub-sourcesinkPY18N007,sourcesink,CINA7-CINA8,0,0.1915228962898254
sub-sourcesinkPY18N007,sourcesink,CINA8-CINA9,0,0.2250311374664306
sub-sourcesinkPY18N007,sourcesink,CINA9-CINA10,0,0.0077260136604309
sub-sourcesinkPY18N007,sourcesink,CINB1-CINB2,0,0.0102767944335937
sub-sourcesinkPY18N007,sourcesink,CINB2-CINB3,0,0.0085702538490295
sub-sourcesinkPY18N007,sourcesink,CINB3-CINB4,0,0.0090764164924621
sub-sourcesinkPY18N007,sourcesink,CINB4-CINB5,0,0.0098422169685363
sub-sourcesinkPY18N007,sourcesink,CINB5-CINB6,0,0.0142109990119934
sub-sourcesinkPY18N007,sourcesink,CINB6-CINB7,0,0.0176871418952941
sub-sourcesinkPY18N007,sourcesink,CINB7-CINB8,0,0.0542351603507995
sub-sourcesinkPY18N007,sourcesink,CINB8-CINB9,0,0.0084680914878845
sub-sourcesinkPY18N007,sourcesink,CINB9-CINB10,0,0.4272453188896179
sub-sourcesinkPY18N007,sourcesink,CINC1-CINC2,0,0.0080354213714599
sub-sourcesinkPY18N007,sourcesink,CINC2-CINC3,0,0.0095999836921691
sub-sourcesinkPY18N007,sourcesink,CINC3-CINC4,0,0.0104214549064636
sub-sourcesinkPY18N007,sourcesink,CINC4-CINC5,0,0.0103372335433959
sub-sourcesinkPY18N007,sourcesink,CINC5-CINC6,0,0.0089892148971557
sub-sourcesinkPY18N007,sourcesink,CINC6-CINC7,0,0.0092102289199829
sub-sourcesinkPY18N007,sourcesink,CINC7-CINC8,0,0.0083458423614501
sub-sourcesinkPY18N007,sourcesink,CINC8-CINC9,0,0.0122324228286743
sub-sourcesinkPY18N007,sourcesink,CINC9-CINC10,0,0.0229651927947998
sub-sourcesinkPY18N007,sourcesink,CIND1-CIND2,0,0.0085849165916442
sub-sourcesinkPY18N007,sourcesink,CIND2-CIND3,0,0.5401066541671753
sub-sourcesinkPY18N007,sourcesink,CIND3-CIND4,0,0.6830234527587891
sub-sourcesinkPY18N007,sourcesink,CIND4-CIND5,0,0.0112055540084838
sub-sourcesinkPY18N007,sourcesink,CIND5-CIND6,0,0.0074290633201599
sub-sourcesinkPY18N007,sourcesink,CIND6-CIND7,0,0.0119363665580749
sub-sourcesinkPY18N007,sourcesink,CIND7-CIND8,0,0.0249730944633483
sub-sourcesinkPY18N007,sourcesink,CIND8-CIND9,0,0.0500804185867309
sub-sourcesinkPY18N007,sourcesink,CIND9-CIND10,0,0.3092436790466308
sub-sourcesinkPY18N007,sourcesink,ENCL1-ENCL2,0,0.3875026702880859
sub-sourcesinkPY18N007,sourcesink,ENCL2-ENCL3,0,0.4652584195137024
sub-sourcesinkPY18N007,sourcesink,ENCL3-ENCL4,0,0.5250880718231201
sub-sourcesinkPY18N007,sourcesink,ENCL4-ENCL5,0,0.0085570216178894
sub-sourcesinkPY18N007,sourcesink,ENCL5-ENCL6,0,0.0077620148658752
sub-sourcesinkPY18N007,sourcesink,ENCL6-ENCL7,0,0.5138493180274963
sub-sourcesinkPY18N007,sourcesink,ENCL7-ENCL8,0,0.4884138703346252
sub-sourcesinkPY18N007,sourcesink,ENCM1-ENCM2,0,0.0092936158180236
sub-sourcesinkPY18N007,sourcesink,ENCM2-ENCM3,0,0.4873129725456238
sub-sourcesinkPY18N007,sourcesink,ENCM3-ENCM4,0,0.4138205051422119
sub-sourcesinkPY18N007,sourcesink,ENCM4-ENCM5,0,0.0156911015510559
sub-sourcesinkPY18N007,sourcesink,ENCM5-ENCM6,0,0.086064338684082
sub-sourcesinkPY18N007,sourcesink,ENCM6-ENCM7,0,0.3847334384918213
sub-sourcesinkPY18N007,sourcesink,ENCM7-ENCM8,0,0.0145745277404785
sub-sourcesinkPY18N007,sourcesink,MOTL1-MOTL2,0,0.0091026425361633
sub-sourcesinkPY18N007,sourcesink,MOTL2-MOTL3,0,0.0076345801353454
sub-sourcesinkPY18N007,sourcesink,MOTL3-MOTL4,0,0.0090022087097167
sub-sourcesinkPY18N007,sourcesink,MOTL4-MOTL5,0,0.0205681920051574
sub-sourcesinkPY18N007,sourcesink,MOTL5-MOTL6,0,0.0077633261680603
sub-sourcesinkPY18N007,sourcesink,MOTL6-MOTL7,0,0.0159961581230163
sub-sourcesinkPY18N007,sourcesink,MOTL7-MOTL8,0,0.1128051877021789
sub-sourcesinkPY18N007,sourcesink,MOTM3-MOTM4,0,0.0102646350860595
sub-sourcesinkPY18N007,sourcesink,MOTM6-MOTM7,0,0.2913273572921753
sub-sourcesinkPY18N007,sourcesink,MOTM7-MOTM8,0,0.0102409124374389
sub-sourcesinkPY18N007,sourcesink,PF1-PF2,0,0.673656702041626
sub-sourcesinkPY18N007,sourcesink,PF2-PF3,0,0.4265010356903076
sub-sourcesinkPY18N007,sourcesink,PF3-PF4,0,0.1831816434860229
sub-sourcesinkPY18N007,sourcesink,PF8-PF9,0,0.716200590133667
sub-sourcesinkPY18N007,sourcesink,PF9-PF10,0,0.7474185228347778
sub-sourcesinkPY18N007,sourcesink,SENI1-SENI2,0,0.0081350207328796
sub-sourcesinkPY18N007,sourcesink,SENI2-SENI3,0,0.0106241703033447
sub-sourcesinkPY18N007,sourcesink,SENI3-SENI4,0,0.0194585919380188
sub-sourcesinkPY18N007,sourcesink,SENI4-SENI5,0,0.0099581480026245
sub-sourcesinkPY18N007,sourcesink,SENI5-SENI6,0,0.0230970382690429
sub-sourcesinkPY18N007,sourcesink,SENI6-SENI7,0,0.1301642656326294
sub-sourcesinkPY18N007,sourcesink,SENI7-SENI8,0,0.0812268853187561
sub-sourcesinkPY18N007,sourcesink,SENL1-SENL2,0,0.5083177089691162
sub-sourcesinkPY18N007,sourcesink,SENL2-SENL3,0,0.010041058063507
sub-sourcesinkPY18N007,sourcesink,SENL3-SENL4,0,0.0209615230560302
sub-sourcesinkPY18N007,sourcesink,SENL4-SENL5,0,0.0083122849464416
sub-sourcesinkPY18N007,sourcesink,SENL5-SENL6,0,0.007025122642517
sub-sourcesinkPY18N007,sourcesink,SENL6-SENL7,0,0.2966853976249695
sub-sourcesinkPY18N007,sourcesink,SENL7-SENL8,0,0.4109626412391662
sub-sourcesinkPY18N007,sourcesink,SENM1-SENM2,1,0.5706626772880554
sub-sourcesinkPY18N007,sourcesink,SENM2-SENM3,1,0.584465503692627
sub-sourcesinkPY18N007,sourcesink,SENM3-SENM4,1,0.4636479020118713
sub-sourcesinkPY18N007,sourcesink,SENM4-SENM5,1,0.4602149128913879
sub-sourcesinkPY18N007,sourcesink,SENM5-SENM6,0,0.3660852313041687
sub-sourcesinkPY18N007,sourcesink,SENM6-SENM7,0,0.1203160881996154
sub-sourcesinkPY18N007,sourcesink,SENM7-SENM8,0,0.5656468868255615
sub-sourcesinkPY18N007,sourcesink,SENM8-SENM9,0,0.0100795030593872
sub-sourcesinkPY18N007,sourcesink,SENM9-SENM10,0,0.0107946395874023
sub-sourcesinkPY19N012,sourcesink,LAH1-LAH2,1,0.4714574813842773
sub-sourcesinkPY19N012,sourcesink,LAH2-LAH3,1,0.2851210832595825
sub-sourcesinkPY19N012,sourcesink,LAH3-LAH4,0,0.0275822877883911
sub-sourcesinkPY19N012,sourcesink,LAH6-LAH7,0,0.7782173156738281
sub-sourcesinkPY19N012,sourcesink,LAH7-LAH8,0,0.438158631324768
sub-sourcesinkPY19N012,sourcesink,LCN1-LCN2,0,0.0134080052375793
sub-sourcesinkPY19N012,sourcesink,LCN2-LCN3,0,0.0254827141761779
sub-sourcesinkPY19N012,sourcesink,LCN7-LCN8,0,0.0113909244537353
sub-sourcesinkPY19N012,sourcesink,LCN8-LCN9,0,0.0179447531700134
sub-sourcesinkPY19N012,sourcesink,LIN1-LIN2,1,0.4386244416236877
sub-sourcesinkPY19N012,sourcesink,LIN10-LIN11,0,0.0181480646133422
sub-sourcesinkPY19N012,sourcesink,LIN11-LIN12,0,0.0189984440803527
sub-sourcesinkPY19N012,sourcesink,LIN2-LIN3,1,0.0670183300971984
sub-sourcesinkPY19N012,sourcesink,LIN3-LIN4,0,0.3942486643791199
sub-sourcesinkPY19N012,sourcesink,LIN4-LIN5,0,0.2354759573936462
sub-sourcesinkPY19N012,sourcesink,LIN5-LIN6,0,0.0314226746559143
sub-sourcesinkPY19N012,sourcesink,LIN6-LIN7,0,0.0098562240600585
sub-sourcesinkPY19N012,sourcesink,LIN7-LIN8,0,0.0415429472923278
sub-sourcesinkPY19N012,sourcesink,LIN8-LIN9,0,0.1309729218482971
sub-sourcesinkPY19N012,sourcesink,LIN9-LIN10,0,0.3134339451789856
sub-sourcesinkPY19N012,sourcesink,LNA1-LNA2,0,0.0076287984848022
sub-sourcesinkPY19N012,sourcesink,LNA5-LNA6,0,0.3023400902748108
sub-sourcesinkPY19N012,sourcesink,LNA6-LNA7,0,0.0855693817138671
sub-sourcesinkPY19N012,sourcesink,LNA7-LNA8,0,0.0358927845954895
sub-sourcesinkPY19N012,sourcesink,LNB1-LNB2,0,0.1096225976943969
sub-sourcesinkPY19N012,sourcesink,LNB2-LNB3,0,0.0151118040084838
sub-sourcesinkPY19N012,sourcesink,LNB5-LNB6,0,0.0174983143806457
sub-sourcesinkPY19N012,sourcesink,LNB6-LNB7,0,0.0199396610260009
sub-sourcesinkPY19N012,sourcesink,LNB7-LNB8,0,0.0211086869239807
sub-sourcesinkPY19N012,sourcesink,LNC1-LNC2,0,0.0289477109909057
sub-sourcesinkPY19N012,sourcesink,LNC2-LNC3,0,0.0110930204391479
sub-sourcesinkPY19N012,sourcesink,LNC3-LNC4,0,0.01311457157135
sub-sourcesinkPY19N012,sourcesink,LNC4-LNC5,0,0.0154491066932678
sub-sourcesinkPY19N012,sourcesink,LNC5-LNC6,0,0.0215411186218261
sub-sourcesinkPY19N012,sourcesink,LNC6-LNC7,0,0.0813451409339904
sub-sourcesinkPY19N012,sourcesink,LNC7-LNC8,0,0.1611273884773254
sub-sourcesinkPY19N012,sourcesink,LND1-LND2,0,0.0361698269844055
sub-sourcesinkPY19N012,sourcesink,LND2-LND3,0,0.2945610284805298
sub-sourcesinkPY19N012,sourcesink,LND3-LND4,0,0.4859738945960998
sub-sourcesinkPY19N012,sourcesink,LND4-LND5,0,0.5315539240837097
sub-sourcesinkPY19N012,sourcesink,LND5-LND6,0,0.4200425148010254
sub-sourcesinkPY19N012,sourcesink,LND6-LND7,0,0.4087364673614502
sub-sourcesinkPY19N012,sourcesink,LNE1-LNE2,0,0.012845754623413
sub-sourcesinkPY19N012,sourcesink,LNE2-LNE3,0,0.4044932723045349
sub-sourcesinkPY19N012,sourcesink,LNE3-LNE4,0,0.3284205794334411
sub-sourcesinkPY19N012,sourcesink,LNE4-LNE5,0,0.3729767203330993
sub-sourcesinkPY19N012,sourcesink,LNE5-LNE6,0,0.1977214813232422
sub-sourcesinkPY19N012,sourcesink,LTH1-LTH2,0,0.6702787280082703
sub-sourcesinkPY19N012,sourcesink,LTH2-LTH3,0,0.645929753780365
sub-sourcesinkPY19N012,sourcesink,LTH3-LTH4,0,0.0316081643104553
sub-sourcesinkPY19N012,sourcesink,LTH4-LTH5,0,0.5926589965820312
sub-sourcesinkPY19N012,sourcesink,RAH1-RAH2,0,0.5320404767990112
sub-sourcesinkPY19N012,sourcesink,RAH2-RAH3,0,0.218763530254364
sub-sourcesinkPY19N012,sourcesink,RAH5-RAH6,0,0.1821728944778442
sub-sourcesinkPY19N012,sourcesink,RAH6-RAH7,0,0.5333834290504456
sub-sourcesinkPY19N012,sourcesink,RNA1-RNA2,0,0.0124446749687194
sub-sourcesinkPY19N012,sourcesink,RNA2-RNA3,0,0.0121883749961853
sub-sourcesinkPY19N012,sourcesink,RNA3-RNA4,0,0.0307312607765197
sub-sourcesinkPY19N012,sourcesink,RNA4-RNA5,0,0.0962050557136535
sub-sourcesinkPY19N012,sourcesink,RNA5-RNA6,0,0.0667003989219665
sub-sourcesinkPY19N012,sourcesink,RNA6-RNA7,0,0.1489773988723755
sub-sourcesinkPY19N012,sourcesink,RPH1-RPH2,0,0.4404595494270324
sub-sourcesinkPY19N012,sourcesink,RPH2-RPH3,0,0.2987728714942932
sub-sourcesinkPY19N012,sourcesink,RPH3-RPH4,0,0.1847501397132873
sub-sourcesinkPY19N012,sourcesink,RPH4-RPH5,0,0.0124019980430603
sub-sourcesinkPY19N012,sourcesink,RPH5-RPH6,0,0.0127862691879272
sub-sourcesinkPY19N012,sourcesink,RPH6-RPH7,0,0.0125739574432373
sub-sourcesinkPY19N012,sourcesink,RPH7-RPH8,0,0.0218903422355651
sub-sourcesinkPY19N012,sourcesink,RPH8-RPH9,0,0.0196420550346374
sub-sourcesinkpt1,sourcesink,AD1-AD2,1,0.4620237350463867
sub-sourcesinkpt1,sourcesink,AD2-AD3,1,0.733870267868042
sub-sourcesinkpt1,sourcesink,AD3-AD4,1,0.5978979468345642
sub-sourcesinkpt1,sourcesink,AST1-AST2,1,0.0462054014205932
sub-sourcesinkpt1,sourcesink,AST2-AST3,1,0.0202353000640869
sub-sourcesinkpt1,sourcesink,AST3-AST4,1,0.0233559012413024
sub-sourcesinkpt1,sourcesink,ATT1-ATT2,1,0.6213686466217041
sub-sourcesinkpt1,sourcesink,ATT2-ATT3,1,0.5194252133369446
sub-sourcesinkpt1,sourcesink,ATT3-ATT4,1,0.0451361536979675
sub-sourcesinkpt1,sourcesink,ATT4-ATT5,1,0.2828530669212341
sub-sourcesinkpt1,sourcesink,ATT5-ATT6,1,0.1525643467903137
sub-sourcesinkpt1,sourcesink,ATT6-ATT7,1,0.1304071545600891
sub-sourcesinkpt1,sourcesink,ATT7-ATT8,1,0.0410437583923339
sub-sourcesinkpt1,sourcesink,G1-G2,0,0.1243478059768676
sub-sourcesinkpt1,sourcesink,G10-G11,0,0.0788235068321228
sub-sourcesinkpt1,sourcesink,G11-G12,0,0.369649589061737
sub-sourcesinkpt1,sourcesink,G12-G13,0,0.3153538703918457
sub-sourcesinkpt1,sourcesink,G13-G14,0,0.1431452631950378
sub-sourcesinkpt1,sourcesink,G14-G15,0,0.0701586008071899
sub-sourcesinkpt1,sourcesink,G15-G16,1,0.1918090581893921
sub-sourcesinkpt1,sourcesink,G16-G17,1,0.5593464970588684
sub-sourcesinkpt1,sourcesink,G17-G18,0,0.2477774620056152
sub-sourcesinkpt1,sourcesink,G18-G19,0,0.1761345267295837
sub-sourcesinkpt1,sourcesink,G19-G20,0,0.1199194192886352
sub-sourcesinkpt1,sourcesink,G2-G3,0,0.1291303634643554
sub-sourcesinkpt1,sourcesink,G20-G21,0,0.374606192111969
sub-sourcesinkpt1,sourcesink,G21-G22,0,0.0374659895896911
sub-sourcesinkpt1,sourcesink,G22-G23,0,0.0184736847877502
sub-sourcesinkpt1,sourcesink,G23-G24,0,0.0198917984962463
sub-sourcesinkpt1,sourcesink,G24-G25,0,0.1251516342163086
sub-sourcesinkpt1,sourcesink,G25-G26,0,0.1971837282180786
sub-sourcesinkpt1,sourcesink,G26-G27,0,0.2983266115188598
sub-sourcesinkpt1,sourcesink,G27-G28,0,0.2679814100265503
sub-sourcesinkpt1,sourcesink,G28-G29,0,0.1458761692047119
sub-sourcesinkpt1,sourcesink,G29-G30,0,0.0222936272621154
sub-sourcesinkpt1,sourcesink,G3-G4,0,0.1231511235237121
sub-sourcesinkpt1,sourcesink,G30-G31,0,0.0180702805519104
sub-sourcesinkpt1,sourcesink,G31-G32,0,0.1543226838111877
sub-sourcesinkpt1,sourcesink,G7-G8,1,0.083939254283905
sub-sourcesinkpt1,sourcesink,G8-G9,1,0.2775792479515075
sub-sourcesinkpt1,sourcesink,G9-G10,0,0.2520678639411926
sub-sourcesinkpt1,sourcesink,IF1-IF2,0,0.3552277684211731
sub-sourcesinkpt1,sourcesink,IF2-IF3,0,0.3395557403564453
sub-sourcesinkpt1,sourcesink,IF3-IF4,0,0.2120407223701477
sub-sourcesinkpt1,sourcesink,IF4-IF5,0,0.4087217450141907
sub-sourcesinkpt1,sourcesink,IF5-IF6,0,0.5055938959121704
sub-sourcesinkpt1,sourcesink,ILT1-ILT2,0,0.4883868098258972
sub-sourcesinkpt1,sourcesink,ILT2-ILT3,0,0.3445367217063904
sub-sourcesinkpt1,sourcesink,ILT3-ILT4,0,0.4211363196372986
sub-sourcesinkpt1,sourcesink,MLT1-MLT2,1,0.0679914951324462
sub-sourcesinkpt1,sourcesink,MLT2-MLT3,1,0.0182023048400878
sub-sourcesinkpt1,sourcesink,MLT3-MLT4,1,0.076928973197937
sub-sourcesinkpt1,sourcesink,PD1-PD2,1,0.0778543949127197
sub-sourcesinkpt1,sourcesink,PD2-PD3,1,0.2615129947662353
sub-sourcesinkpt1,sourcesink,PD3-PD4,1,0.3685371875762939
sub-sourcesinkpt1,sourcesink,PLT1-PLT2,0,0.1014790534973144
sub-sourcesinkpt1,sourcesink,PLT2-PLT3,0,0.1029905676841735
sub-sourcesinkpt1,sourcesink,PLT3-PLT4,0,0.1684385538101196
sub-sourcesinkpt1,sourcesink,PLT4-PLT5,1,0.0870802402496337
sub-sourcesinkpt1,sourcesink,PLT5-PLT6,1,0.0205264687538146
sub-sourcesinkpt1,sourcesink,PST1-PST2,1,0.1606733798980713
sub-sourcesinkpt1,sourcesink,PST2-PST3,1,0.2707085609436035
sub-sourcesinkpt1,sourcesink,PST3-PST4,1,0.0847410559654235
sub-sourcesinkpt1,sourcesink,SF1-SF2,0,0.4371311068534851
sub-sourcesinkpt1,sourcesink,SF2-SF3,0,0.2511000037193298
sub-sourcesinkpt1,sourcesink,SF3-SF4,0,0.1354720592498779
sub-sourcesinkpt1,sourcesink,SF4-SF5,0,0.0175665616989135
sub-sourcesinkpt1,sourcesink,SF5-SF6,0,0.2457977533340454
sub-sourcesinkpt1,sourcesink,SLT1-SLT2,1,0.1334655284881591
sub-sourcesinkpt1,sourcesink,SLT2-SLT3,1,0.1451056599617004
sub-sourcesinkpt1,sourcesink,SLT3-SLT4,1,0.0728228688240051
sub-sourcesinkpt2,sourcesink,AST1-AST2,1,0.2110578417778015
sub-sourcesinkpt2,sourcesink,AST2-AST3,1,0.2751597762107849
sub-sourcesinkpt2,sourcesink,AST3-AST4,1,0.3094382882118225
sub-sourcesinkpt2,sourcesink,G1-G2,1,0.1261438131332397
sub-sourcesinkpt2,sourcesink,G10-G11,1,0.11971116065979
sub-sourcesinkpt2,sourcesink,G11-G12,1,0.0412853956222534
sub-sourcesinkpt2,sourcesink,G12-G13,1,0.0264659523963928
sub-sourcesinkpt2,sourcesink,G13-G14,0,0.2002522945404052
sub-sourcesinkpt2,sourcesink,G14-G15,0,0.152683675289154
sub-sourcesinkpt2,sourcesink,G15-G16,0,0.2243353724479675
sub-sourcesinkpt2,sourcesink,G18-G19,1,0.1902269124984741
sub-sourcesinkpt2,sourcesink,G19-G20,1,0.0379928350448608
sub-sourcesinkpt2,sourcesink,G2-G3,1,0.1163538694381713
sub-sourcesinkpt2,sourcesink,G20-G21,1,0.0574954748153686
sub-sourcesinkpt2,sourcesink,G21-G22,0,0.1661272048950195
sub-sourcesinkpt2,sourcesink,G22-G23,0,0.3037798404693603
sub-sourcesinkpt2,sourcesink,G23-G24,0,0.1495123505592346
sub-sourcesinkpt2,sourcesink,G26-G27,1,0.0377141237258911
sub-sourcesinkpt2,sourcesink,G27-G28,1,0.0262106657028198
sub-sourcesinkpt2,sourcesink,G28-G29,0,0.0727318525314331
sub-sourcesinkpt2,sourcesink,G29-G30,0,0.1361741423606872
sub-sourcesinkpt2,sourcesink,G3-G4,1,0.0951047539710998
sub-sourcesinkpt2,sourcesink,G30-G31,0,0.2142000794410705
sub-sourcesinkpt2,sourcesink,G31-G32,0,0.1300536394119262
sub-sourcesinkpt2,sourcesink,G7-G8,0,0.398623526096344
sub-sourcesinkpt2,sourcesink,G8-G9,1,0.0734784007072448
sub-sourcesinkpt2,sourcesink,G9-G10,1,0.251549482345581
sub-sourcesinkpt2,sourcesink,LF1-LF2,0,0.1679095029830932
sub-sourcesinkpt2,sourcesink,LF2-LF3,0,0.2151744961738586
sub-sourcesinkpt2,sourcesink,LF3-LF4,0,0.1390224695205688
sub-sourcesinkpt2,sourcesink,LF4-LF5,0,0.1509382128715515
sub-sourcesinkpt2,sourcesink,LF5-LF6,0,0.1829712986946106
sub-sourcesinkpt2,sourcesink,LP1-LP2,0,0.2769643664360046
sub-sourcesinkpt2,sourcesink,LP2-LP3,0,0.2156024575233459
sub-sourcesinkpt2,sourcesink,LP3-LP4,0,0.2979083061218261
sub-sourcesinkpt2,sourcesink,LP4-LP5,0,0.3129527568817138
sub-sourcesinkpt2,sourcesink,LP5-LP6,0,0.2571725845336914
sub-sourcesinkpt2,sourcesink,MST1-MST2,1,0.4461572766304016
sub-sourcesinkpt2,sourcesink,MST2-MST3,1,0.43316650390625
sub-sourcesinkpt2,sourcesink,MST3-MST4,1,0.4947776794433594
sub-sourcesinkpt2,sourcesink,OF1-OF2,0,0.2590956687927246
sub-sourcesinkpt2,sourcesink,OF2-OF3,0,0.3592201471328735
sub-sourcesinkpt2,sourcesink,OF3-OF4,0,0.342246413230896
sub-sourcesinkpt2,sourcesink,PST1-PST2,1,0.4744707942008972
sub-sourcesinkpt2,sourcesink,PST2-PST3,1,0.3120736479759216
sub-sourcesinkpt2,sourcesink,PST3-PST4,1,0.3968040347099304
sub-sourcesinkpt2,sourcesink,TT1-TT2,1,0.592467188835144
sub-sourcesinkpt2,sourcesink,TT2-TT3,1,0.0990903973579406
sub-sourcesinkpt2,sourcesink,TT3-TT4,1,0.2296798229217529
sub-sourcesinkpt2,sourcesink,TT4-TT5,1,0.1407282948493957
sub-sourcesinkpt2,sourcesink,TT5-TT6,1,0.062322199344635
sub-sourcesinkrns002,sourcesink,DYS1-DYS2,0,0.2605878710746765
sub-sourcesinkrns002,sourcesink,DYS2-DYS3,0,0.3351255655288696
sub-sourcesinkrns002,sourcesink,DYS3-DYS4,0,0.2137266397476196
sub-sourcesinkrns002,sourcesink,DYS4-DYS5,1,0.3995716571807861
sub-sourcesinkrns002,sourcesink,DYS5-DYS6,1,0.2933887839317322
sub-sourcesinkrns002,sourcesink,DYS6-DYS7,1,0.3535861372947693
sub-sourcesinkrns002,sourcesink,DYS7-DYS8,1,0.3580289483070373
sub-sourcesinkrns002,sourcesink,INS1-INS2,0,0.0398453474044799
sub-sourcesinkrns002,sourcesink,INS2-INS3,0,0.074805736541748
sub-sourcesinkrns002,sourcesink,INS3-INS4,0,0.0562885403633117
sub-sourcesinkrns002,sourcesink,INS4-INS5,0,0.0507826209068298
sub-sourcesinkrns002,sourcesink,INS5-INS6,0,0.1197717189788818
sub-sourcesinkrns002,sourcesink,INS6-INS7,0,0.0718550086021423
sub-sourcesinkrns002,sourcesink,INS7-INS8,0,0.1729944348335266
sub-sourcesinkrns002,sourcesink,INS8-INS9,0,0.1222232580184936
sub-sourcesinkrns002,sourcesink,INS9-INS10,0,0.0867947936058044
sub-sourcesinkrns002,sourcesink,LAC1-LAC2,0,0.0707831978797912
sub-sourcesinkrns002,sourcesink,LAC10-LAC11,0,0.1470153331756591
sub-sourcesinkrns002,sourcesink,LAC11-LAC12,0,0.2083315849304199
sub-sourcesinkrns002,sourcesink,LAC2-LAC3,0,0.0470193624496459
sub-sourcesinkrns002,sourcesink,LAC3-LAC4,0,0.0384813547134399
sub-sourcesinkrns002,sourcesink,LAC4-LAC5,0,0.2085534930229187
sub-sourcesinkrns002,sourcesink,LAC5-LAC6,0,0.0527424216270446
sub-sourcesinkrns002,sourcesink,LAC6-LAC7,0,0.2750089168548584
sub-sourcesinkrns002,sourcesink,LAC7-LAC8,0,0.2897107005119324
sub-sourcesinkrns002,sourcesink,LAC8-LAC9,0,0.1031787395477294
sub-sourcesinkrns002,sourcesink,LAC9-LAC10,0,0.029617965221405
sub-sourcesinkrns002,sourcesink,LAM1-LAM2,0,0.2131219506263733
sub-sourcesinkrns002,sourcesink,LAM10-LAM11,0,0.3205647468566894
sub-sourcesinkrns002,sourcesink,LAM11-LAM12,0,0.1110430359840393
sub-sourcesinkrns002,sourcesink,LAM2-LAM3,0,0.0813396573066711
sub-sourcesinkrns002,sourcesink,LAM3-LAM4,0,0.0838171243667602
sub-sourcesinkrns002,sourcesink,LAM4-LAM5,0,0.0828756690025329
sub-sourcesinkrns002,sourcesink,LAM5-LAM6,0,0.2510155439376831
sub-sourcesinkrns002,sourcesink,LAM6-LAM7,0,0.133872389793396
sub-sourcesinkrns002,sourcesink,LAM7-LAM8,0,0.3407385349273681
sub-sourcesinkrns002,sourcesink,LAM8-LAM9,0,0.3569521307945251
sub-sourcesinkrns002,sourcesink,LAM9-LAM10,0,0.0663654804229736
sub-sourcesinkrns002,sourcesink,LFP1-LFP2,0,0.2039200663566589
sub-sourcesinkrns002,sourcesink,LFP2-LFP3,0,0.1071855425834655
sub-sourcesinkrns002,sourcesink,LFP3-LFP4,0,0.1005067825317382
sub-sourcesinkrns002,sourcesink,LFP4-LFP5,0,0.1583982706069946
sub-sourcesinkrns002,sourcesink,LFP5-LFP6,0,0.0627872347831726
sub-sourcesinkrns002,sourcesink,LFP6-LFP7,0,0.2624672055244446
sub-sourcesinkrns002,sourcesink,LFP7-LFP8,0,0.2567814588546753
sub-sourcesinkrns002,sourcesink,LFP8-LFP9,0,0.2637550830841064
sub-sourcesinkrns002,sourcesink,LFP9-LFP10,0,0.3010460138320923
sub-sourcesinkrns002,sourcesink,LHB1-LHB2,0,0.1938607692718505
sub-sourcesinkrns002,sourcesink,LHB2-LHB3,0,0.3567084670066833
sub-sourcesinkrns002,sourcesink,LHB3-LHB4,0,0.0935853123664856
sub-sourcesinkrns002,sourcesink,LHB4-LHB5,0,0.1950312852859497
sub-sourcesinkrns002,sourcesink,LHB5-LHB6,0,0.1583482027053833
sub-sourcesinkrns002,sourcesink,LHB6-LHB7,0,0.1687994003295898
sub-sourcesinkrns002,sourcesink,LHB7-LHB8,0,0.2847533226013183
sub-sourcesinkrns002,sourcesink,LHB8-LHB9,0,0.2426961064338684
sub-sourcesinkrns002,sourcesink,LHB9-LHB10,0,0.325846254825592
sub-sourcesinkrns002,sourcesink,LHH1-LHH2,0,0.1530917882919311
sub-sourcesinkrns002,sourcesink,LHH2-LHH3,0,0.1429704427719116
sub-sourcesinkrns002,sourcesink,LHH3-LHH4,0,0.1267197132110595
sub-sourcesinkrns002,sourcesink,LHH4-LHH5,0,0.5454586744308472
sub-sourcesinkrns002,sourcesink,LHH5-LHH6,0,0.3094523549079895
sub-sourcesinkrns002,sourcesink,LHH6-LHH7,0,0.2656728029251098
sub-sourcesinkrns002,sourcesink,LHH7-LHH8,0,0.3273688554763794
sub-sourcesinkrns002,sourcesink,LHH8-LHH9,0,0.2984276413917541
sub-sourcesinkrns002,sourcesink,LHH9-LHH10,0,0.2185229063034057
sub-sourcesinkrns002,sourcesink,LOF1-LOF2,0,0.0495135784149169
sub-sourcesinkrns002,sourcesink,LOF2-LOF3,0,0.1127764582633972
sub-sourcesinkrns002,sourcesink,LOF3-LOF4,0,0.2718724012374878
sub-sourcesinkrns002,sourcesink,LOF4-LOF5,0,0.2847301363945007
sub-sourcesinkrns002,sourcesink,LOF5-LOF6,0,0.3082941770553589
sub-sourcesinkrns002,sourcesink,LOF6-LOF7,0,0.2706742286682129
sub-sourcesinkrns002,sourcesink,LOF7-LOF8,0,0.2662897109985351
sub-sourcesinkrns002,sourcesink,LOF8-LOF9,0,0.1571894288063049
sub-sourcesinkrns002,sourcesink,LOF9-LOF10,0,0.1713706851005554
sub-sourcesinkrns002,sourcesink,LTP1-LTP2,0,0.3367971181869507
sub-sourcesinkrns002,sourcesink,LTP2-LTP3,0,0.3424956202507019
sub-sourcesinkrns002,sourcesink,ROF1-ROF2,0,0.3180621266365051
sub-sourcesinkrns002,sourcesink,ROF10-ROF11,0,0.207914113998413
sub-sourcesinkrns002,sourcesink,ROF11-ROF12,0,0.0496705174446105
sub-sourcesinkrns002,sourcesink,ROF2-ROF3,0,0.2672069072723388
sub-sourcesinkrns002,sourcesink,ROF7-ROF8,0,0.0706583857536315
sub-sourcesinkrns002,sourcesink,ROF8-ROF9,0,0.1781752705574035
sub-sourcesinkrns002,sourcesink,ROF9-ROF10,0,0.1112216711044311
sub-sourcesinkrns002,sourcesink,RPC1-RPC2,0,0.1099203824996948
sub-sourcesinkrns002,sourcesink,RPC10-RPC11,0,0.1671143770217895
sub-sourcesinkrns002,sourcesink,RPC11-RPC12,0,0.1739615201950073
sub-sourcesinkrns002,sourcesink,RPC2-RPC3,0,0.1669670939445495
sub-sourcesinkrns002,sourcesink,RPC3-RPC4,0,0.0450298190116882
sub-sourcesinkrns002,sourcesink,RPC4-RPC5,0,0.1188759803771972
sub-sourcesinkrns002,sourcesink,RPC5-RPC6,0,0.0922712683677673
sub-sourcesinkrns002,sourcesink,RPC6-RPC7,0,0.0506922602653503
sub-sourcesinkrns002,sourcesink,RPC7-RPC8,0,0.1085114479064941
sub-sourcesinkrns002,sourcesink,RPC8-RPC9,0,0.0817665457725524
sub-sourcesinkrns002,sourcesink,RPC9-RPC10,0,0.0828148126602172
sub-sourcesinkrns005,sourcesink,LA1-LA2,0,0.2141784429550171
sub-sourcesinkrns005,sourcesink,LA10-LA11,0,0.3784385919570923
sub-sourcesinkrns005,sourcesink,LA11-LA12,0,0.1882308721542358
sub-sourcesinkrns005,sourcesink,LA2-LA3,0,0.2241222262382507
sub-sourcesinkrns005,sourcesink,LA3-LA4,0,0.1549091935157776
sub-sourcesinkrns005,sourcesink,LA4-LA5,0,0.2005150914192199
sub-sourcesinkrns005,sourcesink,LA5-LA6,0,0.1026842594146728
sub-sourcesinkrns005,sourcesink,LA6-LA7,0,0.1818398237228393
sub-sourcesinkrns005,sourcesink,LA7-LA8,0,0.0651915669441223
sub-sourcesinkrns005,sourcesink,LA8-LA9,0,0.0698058605194091
sub-sourcesinkrns005,sourcesink,LA9-LA10,0,0.3343717455863952
sub-sourcesinkrns005,sourcesink,LHB1-LHB2,0,0.215493619441986
sub-sourcesinkrns005,sourcesink,LHB10-LHB11,0,0.0796563029289245
sub-sourcesinkrns005,sourcesink,LHB11-LHB12,0,0.0200770497322082
sub-sourcesinkrns005,sourcesink,LHB12-LHB13,0,0.2494701147079467
sub-sourcesinkrns005,sourcesink,LHB13-LHB14,0,0.2596266269683838
sub-sourcesinkrns005,sourcesink,LHB2-LHB3,0,0.216541051864624
sub-sourcesinkrns005,sourcesink,LHB3-LHB4,0,0.0658165216445922
sub-sourcesinkrns005,sourcesink,LHB4-LHB5,0,0.0721608996391296
sub-sourcesinkrns005,sourcesink,LHB5-LHB6,0,0.1864619255065918
sub-sourcesinkrns005,sourcesink,LHB6-LHB7,0,0.0487188100814819
sub-sourcesinkrns005,sourcesink,LHB7-LHB8,0,0.0368123054504394
sub-sourcesinkrns005,sourcesink,LHB8-LHB9,0,0.0585865378379821
sub-sourcesinkrns005,sourcesink,LHB9-LHB10,0,0.1871811151504516
sub-sourcesinkrns005,sourcesink,LHH1-LHH2,0,0.3932162523269653
sub-sourcesinkrns005,sourcesink,LHH10-LHH11,0,0.1028105616569519
sub-sourcesinkrns005,sourcesink,LHH11-LHH12,0,0.1925631761550903
sub-sourcesinkrns005,sourcesink,LHH2-LHH3,0,0.21115243434906
sub-sourcesinkrns005,sourcesink,LHH3-LHH4,0,0.2325301766395568
sub-sourcesinkrns005,sourcesink,LHH4-LHH5,0,0.2095769643783569
sub-sourcesinkrns005,sourcesink,LHH5-LHH6,0,0.077903151512146
sub-sourcesinkrns005,sourcesink,LHH6-LHH7,0,0.0630282163619995
sub-sourcesinkrns005,sourcesink,LHH7-LHH8,0,0.0729879736900329
sub-sourcesinkrns005,sourcesink,LHH8-LHH9,0,0.0445170402526855
sub-sourcesinkrns005,sourcesink,LHH9-LHH10,0,0.0558156371116638
sub-sourcesinkrns005,sourcesink,LI1-LI2,0,0.0635322928428649
sub-sourcesinkrns005,sourcesink,LI10-LI11,0,0.0461073517799377
sub-sourcesinkrns005,sourcesink,LI11-LI12,0,0.0641647577285766
sub-sourcesinkrns005,sourcesink,LI2-LI3,0,0.0650357007980346
sub-sourcesinkrns005,sourcesink,LI3-LI4,0,0.1639869809150695
sub-sourcesinkrns005,sourcesink,LI4-LI5,0,0.071552574634552
sub-sourcesinkrns005,sourcesink,LI5-LI6,0,0.0706317424774169
sub-sourcesinkrns005,sourcesink,LI6-LI7,0,0.0951056480407714
sub-sourcesinkrns005,sourcesink,LI7-LI8,0,0.0282260775566101
sub-sourcesinkrns005,sourcesink,LI8-LI9,0,0.043320894241333
sub-sourcesinkrns005,sourcesink,LI9-LI10,0,0.1365204453468322
sub-sourcesinkrns005,sourcesink,LOF1-LOF2,0,0.2466877698898315
sub-sourcesinkrns005,sourcesink,LOF10-LOF11,0,0.2883621454238891
sub-sourcesinkrns005,sourcesink,LOF11-LOF12,0,0.1922727227210998
sub-sourcesinkrns005,sourcesink,LOF2-LOF3,0,0.1673045754432678
sub-sourcesinkrns005,sourcesink,LOF3-LOF4,0,0.0706338286399841
sub-sourcesinkrns005,sourcesink,LOF4-LOF5,0,0.1657660007476806
sub-sourcesinkrns005,sourcesink,LOF5-LOF6,0,0.052343726158142
sub-sourcesinkrns005,sourcesink,LOF6-LOF7,0,0.0541551709175109
sub-sourcesinkrns005,sourcesink,LOF7-LOF8,0,0.0569921731948852
sub-sourcesinkrns005,sourcesink,LOF8-LOF9,0,0.1707015633583068
sub-sourcesinkrns005,sourcesink,LOF9-LOF10,0,0.0469474792480468
sub-sourcesinkrns005,sourcesink,LTP1-LTP2,0,0.2702603340148926
sub-sourcesinkrns005,sourcesink,LTP2-LTP3,0,0.2418034076690673
sub-sourcesinkrns005,sourcesink,LTP3-LTP4,0,0.2246240377426147
sub-sourcesinkrns005,sourcesink,LTP4-LTP5,0,0.1064546704292297
sub-sourcesinkrns005,sourcesink,LTP5-LTP6,0,0.1570791006088256
sub-sourcesinkrns005,sourcesink,LTP6-LTP7,0,0.1685589551925659
sub-sourcesinkrns005,sourcesink,LTP7-LTP8,0,0.1125727295875549
sub-sourcesinkrns005,sourcesink,LTP8-LTP9,0,0.2770765423774719
sub-sourcesinkrns005,sourcesink,LTP9-LTP10,0,0.1870433092117309
sub-sourcesinkrns005,sourcesink,STG1-STG2,1,0.2562708854675293
sub-sourcesinkrns005,sourcesink,STG2-STG3,1,0.2455608248710632
sub-sourcesinkrns005,sourcesink,STG3-STG4,1,0.2669358849525451
sub-sourcesinkrns005,sourcesink,STG4-STG5,1,0.3203775286674499
sub-sourcesinkrns005,sourcesink,STG5-STG6,0,0.2312478423118591
sub-sourcesinkrns009,sourcesink,LAT1-LAT2,0,0.0555081963539123
sub-sourcesinkrns009,sourcesink,LAT2-LAT3,0,0.1920650005340576
sub-sourcesinkrns009,sourcesink,LAT3-LAT4,0,0.1020944714546203
sub-sourcesinkrns009,sourcesink,LPT1-LPT2,0,0.0581538081169128
sub-sourcesinkrns009,sourcesink,LPT2-LPT3,0,0.060568630695343
sub-sourcesinkrns009,sourcesink,LPT3-LPT4,0,0.0763741731643676
sub-sourcesinkrns009,sourcesink,LTL1-LTL2,0,0.0470631122589111
sub-sourcesinkrns009,sourcesink,LTL2-LTL3,0,0.0986456871032714
sub-sourcesinkrns009,sourcesink,LTL3-LTL4,0,0.0186028480529785
sub-sourcesinkrns009,sourcesink,LTL4-LTL5,0,0.0469164252281188
sub-sourcesinkrns009,sourcesink,LTL5-LTL6,0,0.0520868301391601
sub-sourcesinkrns009,sourcesink,PO7-PO8,0,0.1609188318252563
sub-sourcesinkrns009,sourcesink,RAT1-RAT2,1,0.1576865315437317
sub-sourcesinkrns009,sourcesink,RAT2-RAT3,1,0.2320404648780822
sub-sourcesinkrns009,sourcesink,RAT3-RAT4,1,0.0480838418006897
sub-sourcesinkrns009,sourcesink,RPT1-RPT2,0,0.1569198966026306
sub-sourcesinkrns009,sourcesink,RPT2-RPT3,0,0.1622931361198425
sub-sourcesinkrns009,sourcesink,RPT3-RPT4,0,0.1546698808670044
sub-sourcesinkrns009,sourcesink,RTL1-RTL2,1,0.0915713906288147
sub-sourcesinkrns009,sourcesink,RTL2-RTL3,1,0.0852262377738952
sub-sourcesinkrns009,sourcesink,RTL5-RTL6,0,0.0341414809226989
sub-sourcesinkrns014,sourcesink,LHT1-LHT2,0,0.0988408327102661
sub-sourcesinkrns014,sourcesink,LHT10-LHT11,0,0.0743706226348877
sub-sourcesinkrns014,sourcesink,LHT11-LHT12,0,0.1702563166618347
sub-sourcesinkrns014,sourcesink,LHT12-LHT13,0,0.2086870074272155
sub-sourcesinkrns014,sourcesink,LHT13-LHT14,0,0.0529951453208923
sub-sourcesinkrns014,sourcesink,LHT2-LHT3,0,0.0412874817848205
sub-sourcesinkrns014,sourcesink,LHT3-LHT4,0,0.0411978363990783
sub-sourcesinkrns014,sourcesink,LHT4-LHT5,0,0.1028501391410827
sub-sourcesinkrns014,sourcesink,LHT5-LHT6,0,0.1029529571533203
sub-sourcesinkrns014,sourcesink,LHT6-LHT7,0,0.0842677950859069
sub-sourcesinkrns014,sourcesink,LHT7-LHT8,0,0.1903302073478698
sub-sourcesinkrns014,sourcesink,LHT8-LHT9,0,0.1818907260894775
sub-sourcesinkrns014,sourcesink,LHT9-LHT10,0,0.0814481377601623
sub-sourcesinkrns014,sourcesink,LIN1-LIN2,0,0.4570890069007873
sub-sourcesinkrns014,sourcesink,LIN2-LIN3,0,0.6028833985328674
sub-sourcesinkrns014,sourcesink,LIN3-LIN4,0,0.3361341953277588
sub-sourcesinkrns014,sourcesink,LIN4-LIN5,0,0.1722921729087829
sub-sourcesinkrns014,sourcesink,LIN5-LIN6,0,0.1524059176445007
sub-sourcesinkrns014,sourcesink,LIN6-LIN7,1,0.1883899569511413
sub-sourcesinkrns014,sourcesink,LIN7-LIN8,1,0.1365778446197509
sub-sourcesinkrns014,sourcesink,LIN8-LIN9,1,0.2514076232910156
sub-sourcesinkrns014,sourcesink,LIN9-LIN10,0,0.024773359298706
sub-sourcesinkumf001,sourcesink,BTM1-BTM2,1,0.0880385637283325
sub-sourcesinkumf001,sourcesink,BTM2-BTM3,1,0.1021645069122314
sub-sourcesinkumf001,sourcesink,BTM3-BTM4,1,0.2025542259216308
sub-sourcesinkumf001,sourcesink,BTM4-BTM5,1,0.4957991242408752
sub-sourcesinkumf001,sourcesink,BTM5-BTM6,1,0.5598818063735962
sub-sourcesinkumf001,sourcesink,BTP1-BTP2,1,0.2653766870498657
sub-sourcesinkumf001,sourcesink,BTP2-BTP3,1,0.058751106262207
sub-sourcesinkumf001,sourcesink,BTP3-BTP4,1,0.1039398312568664
sub-sourcesinkumf001,sourcesink,BTP4-BTP5,1,0.2090660333633422
sub-sourcesinkumf001,sourcesink,BTP5-BTP6,1,0.1824478507041931
sub-sourcesinkumf002,sourcesink,RD1-RD2,1,0.3289060592651367
sub-sourcesinkumf002,sourcesink,RD2-RD3,1,0.2585551738739013
sub-sourcesinkumf002,sourcesink,RD3-RD4,1,0.3476328253746032
sub-sourcesinkumf002,sourcesink,RG1-RG2,0,0.2576168775558471
sub-sourcesinkumf002,sourcesink,RG10-RG11,0,0.1891162991523742
sub-sourcesinkumf002,sourcesink,RG11-RG12,0,0.1343587636947631
sub-sourcesinkumf002,sourcesink,RG12-RG13,0,0.0281407237052917
sub-sourcesinkumf002,sourcesink,RG13-RG14,0,0.1327940821647644
sub-sourcesinkumf002,sourcesink,RG14-RG15,0,0.0722262859344482
sub-sourcesinkumf002,sourcesink,RG15-RG16,0,0.2227280735969543
sub-sourcesinkumf002,sourcesink,RG16-RG17,0,0.0864003300666809
sub-sourcesinkumf002,sourcesink,RG17-RG18,0,0.0759050250053405
sub-sourcesinkumf002,sourcesink,RG18-RG19,0,0.1970318555831909
sub-sourcesinkumf002,sourcesink,RG19-RG20,0,0.0503014922142028
sub-sourcesinkumf002,sourcesink,RG2-RG3,0,0.2600175738334656
sub-sourcesinkumf002,sourcesink,RG20-RG21,0,0.0343320369720459
sub-sourcesinkumf002,sourcesink,RG21-RG22,0,0.1839292049407959
sub-sourcesinkumf002,sourcesink,RG22-RG23,0,0.1069084405899047
sub-sourcesinkumf002,sourcesink,RG23-RG24,0,0.0462830662727355
sub-sourcesinkumf002,sourcesink,RG24-RG25,0,0.0546432733535766
sub-sourcesinkumf002,sourcesink,RG25-RG26,0,0.171230137348175
sub-sourcesinkumf002,sourcesink,RG26-RG27,0,0.1192712783813476
sub-sourcesinkumf002,sourcesink,RG27-RG28,0,0.1269735097885131
sub-sourcesinkumf002,sourcesink,RG28-RG29,0,0.1014895439147949
sub-sourcesinkumf002,sourcesink,RG29-RG30,0,0.1372908949851989
sub-sourcesinkumf002,sourcesink,RG3-RG4,0,0.1228581070899963
sub-sourcesinkumf002,sourcesink,RG30-RG31,0,0.1835570931434631
sub-sourcesinkumf002,sourcesink,RG31-RG32,0,0.0518699884414672
sub-sourcesinkumf002,sourcesink,RG32-RG33,0,0.0557125210762023
sub-sourcesinkumf002,sourcesink,RG33-RG34,0,0.0603485107421875
sub-sourcesinkumf002,sourcesink,RG34-RG35,0,0.2885711193084717
sub-sourcesinkumf002,sourcesink,RG35-RG36,0,0.1651253700256347
sub-sourcesinkumf002,sourcesink,RG36-RG37,0,0.155399203300476
sub-sourcesinkumf002,sourcesink,RG37-RG38,0,0.1037484407424926
sub-sourcesinkumf002,sourcesink,RG38-RG39,0,0.1341733932495117
sub-sourcesinkumf002,sourcesink,RG39-RG40,0,0.0667377710342407
sub-sourcesinkumf002,sourcesink,RG4-RG5,0,0.2705622911453247
sub-sourcesinkumf002,sourcesink,RG40-RG41,0,0.1974031925201416
sub-sourcesinkumf002,sourcesink,RG41-RG42,0,0.1503516435623169
sub-sourcesinkumf002,sourcesink,RG42-RG43,0,0.0889931917190551
sub-sourcesinkumf002,sourcesink,RG43-RG44,0,0.2606064081192016
sub-sourcesinkumf002,sourcesink,RG44-RG45,0,0.3344244360923767
sub-sourcesinkumf002,sourcesink,RG45-RG46,0,0.0762122273445129
sub-sourcesinkumf002,sourcesink,RG46-RG47,0,0.0716286301612854
sub-sourcesinkumf002,sourcesink,RG47-RG48,0,0.2216121554374694
sub-sourcesinkumf002,sourcesink,RG48-RG49,0,0.1771678328514099
sub-sourcesinkumf002,sourcesink,RG49-RG50,0,0.3279944062232971
sub-sourcesinkumf002,sourcesink,RG5-RG6,0,0.0478236675262451
sub-sourcesinkumf002,sourcesink,RG50-RG51,0,0.2688166499137878
sub-sourcesinkumf002,sourcesink,RG51-RG52,0,0.1628413796424865
sub-sourcesinkumf002,sourcesink,RG52-RG53,0,0.1322019696235656
sub-sourcesinkumf002,sourcesink,RG53-RG54,0,0.0802263617515564
sub-sourcesinkumf002,sourcesink,RG54-RG55,0,0.056090235710144
sub-sourcesinkumf002,sourcesink,RG55-RG56,0,0.1012625098228454
sub-sourcesinkumf002,sourcesink,RG56-RG57,0,0.2334176301956176
sub-sourcesinkumf002,sourcesink,RG57-RG58,0,0.289725661277771
sub-sourcesinkumf002,sourcesink,RG58-RG59,0,0.2934368252754211
sub-sourcesinkumf002,sourcesink,RG59-RG60,0,0.2876638174057007
sub-sourcesinkumf002,sourcesink,RG6-RG7,0,0.0324694514274597
sub-sourcesinkumf002,sourcesink,RG60-RG61,0,0.2365823984146118
sub-sourcesinkumf002,sourcesink,RG61-RG62,0,0.0665495991706848
sub-sourcesinkumf002,sourcesink,RG62-RG63,0,0.0785796642303466
sub-sourcesinkumf002,sourcesink,RG63-RG64,0,0.1918338537216186
sub-sourcesinkumf002,sourcesink,RG7-RG8,0,0.1532728672027588
sub-sourcesinkumf002,sourcesink,RG8-RG9,0,0.21547931432724
sub-sourcesinkumf002,sourcesink,RG9-RG10,0,0.0380327105522155
