threshold,validation_macro_f1,validation_pathological_f1,validation_ba,sensitivity,specificity,tp,fp,fn,tn,selected
0.6585870385169983,0.47526823672312574,0.006896551724137931,0.5017301038062284,0.0034602076124567475,1.0,1,0,288,2411,False
0.6575049757957458,0.47878516384064507,0.013745704467353952,0.5034602076124568,0.006920415224913495,1.0,2,0,287,2411,False
0.652967095375061,0.4857489987309127,0.027303754266211604,0.5069204152249135,0.01384083044982699,1.0,4,0,285,2411,False
0.6440345048904419,0.4891963836063215,0.034013605442176874,0.5086505190311419,0.01730103806228374,1.0,5,0,284,2411,False
0.6388859152793884,0.49262105944653795,0.04067796610169491,0.5103806228373703,0.020761245674740483,1.0,6,0,283,2411,False
0.6384086012840271,0.49244895365585023,0.04054054054054054,0.5101732400086685,0.020761245674740483,0.9995852343425964,6,1,283,2410,False
0.6351977586746216,0.4958402365809773,0.04713804713804714,0.5119033438148968,0.02422145328719723,0.9995852343425964,7,1,282,2410,False
0.6334502100944519,0.4956577102281248,0.04697986577181208,0.5116959609861951,0.02422145328719723,0.9991704686851929,7,2,282,2409,False
0.6256259679794312,0.4990161939523957,0.05351170568561873,0.5134260647924235,0.02768166089965398,0.9991704686851929,8,2,281,2409,False
0.6240283250808716,0.5023529411764706,0.06,0.5151561685986518,0.031141868512110725,0.9991704686851929,9,2,280,2409,False
0.6238428354263306,0.5056681689263546,0.0664451827242525,0.5168862724048802,0.03460207612456748,0.9991704686851929,10,2,279,2409,False
0.6214892864227295,0.5054546777206488,0.06622516556291391,0.5166788895761784,0.03460207612456748,0.9987557030277893,10,3,279,2408,False
0.6203255653381348,0.5087383959113981,0.07260726072607261,0.5184089933824068,0.03806228373702422,0.9987557030277893,11,3,278,2408,False
0.6189121007919312,0.5120011567379988,0.07894736842105263,0.5201390971886352,0.04152249134948097,0.9987557030277893,12,3,277,2408,False
0.6179051399230957,0.5152431667176113,0.08524590163934426,0.5218692009948634,0.04498269896193772,0.9987557030277893,13,3,276,2408,False
0.6174995303153992,0.5184646296681217,0.0915032679738562,0.5235993048010918,0.04844290657439446,0.9987557030277893,14,3,275,2408,False
0.6163703203201294,0.5216657467521046,0.09771986970684039,0.5253294086073202,0.05190311418685121,0.9987557030277893,15,3,274,2408,False
0.6159562468528748,0.5248467165199294,0.1038961038961039,0.5270595124135486,0.05536332179930796,0.9987557030277893,16,3,273,2408,False
0.6153488159179688,0.5280077349520285,0.11003236245954692,0.5287896162197769,0.058823529411764705,0.9987557030277893,17,3,272,2408,False
0.6144261360168457,0.5311489955003486,0.11612903225806452,0.5305197200260053,0.06228373702422145,0.9987557030277893,18,3,271,2408,False
0.6141627430915833,0.5342706891290021,0.12218649517684887,0.5322498238322337,0.0657439446366782,0.9987557030277893,19,3,270,2408,False
0.6140674352645874,0.533971335268505,0.12179487179487179,0.5320424410035319,0.0657439446366782,0.9983409373703858,19,4,270,2407,False
0.6120468974113464,0.5336731918923824,0.12140575079872204,0.5318350581748301,0.0657439446366782,0.9979261717129821,19,5,270,2406,False
0.6115548610687256,0.5367575785658646,0.12738853503184713,0.5335651619810585,0.06920415224913495,0.9979261717129821,20,5,269,2406,False
0.6081886887550354,0.5364517488411293,0.12698412698412698,0.5333577791523568,0.06920415224913495,0.9975114060555786,20,6,269,2405,False
0.6067321300506592,0.5361471581232757,0.12658227848101267,0.533150396323655,0.06920415224913495,0.997096640398175,20,7,269,2404,False
0.6058871746063232,0.5391951026214058,0.13249211356466878,0.5348805001298833,0.0726643598615917,0.997096640398175,21,7,268,2404,False
0.6053235530853271,0.5422244993428527,0.13836477987421383,0.5366106039361117,0.07612456747404844,0.997096640398175,22,7,267,2404,False
0.604119598865509,0.5452355230840324,0.14420062695924765,0.5383407077423401,0.07958477508650519,0.997096640398175,23,7,266,2404,False
0.6031299233436584,0.5449064960629921,0.14375,0.5381333249136383,0.07958477508650519,0.9966818747407714,23,8,266,2403,False
0.6018981337547302,0.5445788320241125,0.14330218068535824,0.5379259420849365,0.07958477508650519,0.9962671090833679,23,9,266,2402,False
0.6009088754653931,0.5442525178641759,0.14285714285714285,0.5377185592562348,0.07958477508650519,0.9958523434259643,23,10,266,2401,False
0.5992345213890076,0.54722048258674,0.14860681114551083,0.5394486630624631,0.08304498269896193,0.9958523434259643,24,10,265,2401,False
0.5983495712280273,0.5501707381140005,0.15432098765432098,0.5411787668686915,0.08650519031141868,0.9958523434259643,25,10,264,2401,False
0.5964895486831665,0.5531034482758621,0.16,0.5429088706749199,0.08996539792387544,0.9958523434259643,26,10,263,2401,False
0.5954750776290894,0.5560187748923298,0.1656441717791411,0.5446389744811483,0.09342560553633218,0.9958523434259643,27,10,262,2401,False
0.5947204232215881,0.5589168778042416,0.1712538226299694,0.5463690782873766,0.09688581314878893,0.9958523434259643,28,10,261,2401,False
0.5943186283111572,0.5585519735323536,0.17073170731707318,0.5461616954586749,0.09688581314878893,0.9954375777685608,28,11,261,2400,False
0.5928585529327393,0.5614253287212165,0.1762917933130699,0.5478917992649033,0.10034602076124567,0.9954375777685608,29,11,260,2400,False
0.5902795195579529,0.5642818719741797,0.18181818181818182,0.5496219030711316,0.10380622837370242,0.9954375777685608,30,11,259,2400,False
0.5893791317939758,0.5671217560206909,0.18731117824773413,0.55135200687736,0.10726643598615918,0.9954375777685608,31,11,258,2400,False
0.586782693862915,0.5667357670619336,0.18674698795180722,0.5511446240486582,0.10726643598615918,0.9950228121111572,31,12,258,2399,False
0.5863922834396362,0.5663514313603123,0.18618618618618618,0.5509372412199565,0.10726643598615918,0.9946080464537537,31,13,258,2398,False
0.5861848592758179,0.5691601400436396,0.19161676646706588,0.5526673450261848,0.11072664359861592,0.9946080464537537,32,13,257,2398,False
0.5861556529998779,0.5687701669343314,0.191044776119403,0.552459962197483,0.11072664359861592,0.99419328079635,32,14,257,2397,False
0.5857560634613037,0.5715555179417738,0.19642857142857142,0.5541900660037113,0.11418685121107267,0.99419328079635,33,14,256,2397,False
0.5825406312942505,0.5743249302116771,0.20178041543026706,0.5559201698099397,0.11764705882352941,0.99419328079635,34,14,255,2397,False
0.5822861194610596,0.5770785455616626,0.20710059171597633,0.5576502736161681,0.12110726643598616,0.99419328079635,35,14,254,2397,False
0.5821810960769653,0.5798165041362633,0.21238938053097345,0.5593803774223964,0.1245674740484429,0.99419328079635,36,14,253,2397,False
0.5810482501983643,0.5721968980120065,0.2011173184357542,0.5554401036770625,0.1245674740484429,0.9863127333056823,36,33,253,2378,False
0.5799089670181274,0.5718119774395914,0.20055710306406685,0.5552327208483608,0.1245674740484429,0.9858979676482788,36,34,253,2377,False
0.5788391828536987,0.5744047619047619,0.20555555555555555,0.5569628246545892,0.12802768166089964,0.9858979676482788,37,34,252,2377,False
0.5785112977027893,0.5740152021984751,0.20498614958448755,0.5567554418258874,0.12802768166089964,0.9854832019908751,37,35,252,2376,False
0.5760580897331238,0.5791473673329757,0.21487603305785125,0.5602156494383441,0.13494809688581316,0.9854832019908751,39,35,250,2376,False
0.5747900009155273,0.5816931281585769,0.21978021978021978,0.5619457532445725,0.1384083044982699,0.9854832019908751,40,35,249,2376,False
0.5737358331680298,0.5812871543034376,0.2191780821917808,0.5617383704158707,0.1384083044982699,0.9850684363334716,40,36,249,2375,False
0.5724400281906128,0.5808827839543562,0.2185792349726776,0.561530987587169,0.1384083044982699,0.984653670676068,40,37,249,2374,False
0.5715324878692627,0.5834034879333185,0.22343324250681199,0.5632610913933973,0.14186851211072665,0.984653670676068,41,37,248,2374,False
0.571118950843811,0.5829949194719015,0.22282608695652173,0.5630537085646955,0.14186851211072665,0.9842389050186644,41,38,248,2373,False
0.5707573890686035,0.585496749421877,0.22764227642276422,0.5647838123709239,0.1453287197231834,0.9842389050186644,42,38,247,2373,False
0.5689735412597656,0.5879855999140293,0.23243243243243245,0.5665139161771523,0.14878892733564014,0.9842389050186644,43,38,246,2373,False
0.5687180757522583,0.5875673117481947,0.23180592991913745,0.5663065333484505,0.14878892733564014,0.9838241393612609,43,39,246,2372,False
0.5681045651435852,0.5900377242281931,0.23655913978494625,0.5680366371546789,0.1522491349480969,0.9838241393612609,44,39,245,2372,False
0.5677092671394348,0.5924954308396856,0.24128686327077747,0.5697667409609073,0.15570934256055363,0.9838241393612609,45,39,244,2372,False
0.5673767924308777,0.5920677716515829,0.24064171122994651,0.5695593581322055,0.15570934256055363,0.9834093737038573,45,40,244,2371,False
0.5673023462295532,0.5916417910447761,0.24,0.5693519753035037,0.15570934256055363,0.9829946080464538,45,41,244,2370,False
0.5667831301689148,0.5912174752676514,0.2393617021276596,0.5691445924748019,0.15570934256055363,0.9825798423890502,45,42,244,2369,False
0.5666055679321289,0.5936464148207371,0.2440318302387268,0.5708746962810303,0.15916955017301038,0.9825798423890502,46,42,243,2369,False
0.5664975047111511,0.596063036923252,0.24867724867724866,0.5726048000872587,0.16262975778546712,0.9825798423890502,47,42,242,2369,False
0.5661821365356445,0.5984674393930716,0.2532981530343008,0.5743349038934871,0.16608996539792387,0.9825798423890502,48,42,241,2369,False
0.56551593542099,0.6008597190186622,0.2578947368421053,0.5760650076997154,0.1695501730103806,0.9825798423890502,49,42,240,2369,False
0.5654904842376709,0.6004160567795134,0.2572178477690289,0.5758576248710137,0.1695501730103806,0.9821650767316467,49,43,240,2368,False
0.5654613971710205,0.6027912081950006,0.2617801047120419,0.577587728677242,0.17301038062283736,0.9821650767316467,50,43,239,2368,False
0.5648460984230042,0.6023441968325969,0.26109660574412535,0.5773803458485403,0.17301038062283736,0.981750311074243,50,44,239,2367,False
0.5637434720993042,0.60470245215311,0.265625,0.5791104496547685,0.17647058823529413,0.981750311074243,51,44,238,2367,False
0.5632042288780212,0.6042521785293471,0.2649350649350649,0.5789030668260668,0.17647058823529413,0.9813355454168395,51,45,238,2366,False
0.5618909597396851,0.6065937654360537,0.2694300518134715,0.5806331706322952,0.17993079584775087,0.9813355454168395,52,45,237,2366,False
0.5607811808586121,0.6061403142527104,0.268733850129199,0.5804257878035934,0.17993079584775087,0.9809207797594359,52,46,237,2365,False
0.560600996017456,0.6107791650143464,0.2776349614395887,0.5838859954160501,0.18685121107266436,0.9809207797594359,54,46,235,2365,False
0.5603241920471191,0.6130815292491939,0.28205128205128205,0.5856160992222785,0.1903114186851211,0.9809207797594359,55,46,234,2365,False
0.5570245981216431,0.6153726361602824,0.2864450127877238,0.5873462030285069,0.19377162629757785,0.9809207797594359,56,46,233,2365,False
0.557011604309082,0.6149018712916476,0.2857142857142857,0.5871388201998051,0.19377162629757785,0.9805060141020323,56,47,233,2364,False
0.5566473007202148,0.6144329236778434,0.28498727735368956,0.5869314373711033,0.19377162629757785,0.9800912484446288,56,48,233,2363,False
0.5563645362854004,0.6167036104897473,0.2893401015228426,0.5886615411773317,0.1972318339100346,0.9800912484446288,57,48,232,2363,False
0.5556979179382324,0.6189633151658468,0.2936708860759494,0.5903916449835601,0.20069204152249134,0.9800912484446288,58,48,231,2363,False
0.5555325746536255,0.6102129440694815,0.28019323671497587,0.5864513712382262,0.20069204152249134,0.972210700953961,58,67,231,2344,False
0.555098831653595,0.6097690662348492,0.27951807228915665,0.5862439884095244,0.20069204152249134,0.9717959352965575,58,68,231,2343,False
0.5549548864364624,0.6093267687368811,0.27884615384615385,0.5860366055808226,0.20069204152249134,0.9713811696391539,58,69,231,2342,False
0.5544593334197998,0.6114848037283599,0.2829736211031175,0.587766709387051,0.2041522491349481,0.9713811696391539,59,69,230,2342,False
0.5544568300247192,0.6136330022530871,0.28708133971291866,0.5894968131932794,0.20761245674740483,0.9713811696391539,60,69,229,2342,False
0.552411675453186,0.615771435033078,0.2911694510739857,0.5912269169995077,0.21107266435986158,0.9713811696391539,61,69,228,2342,False
0.5519729852676392,0.6179001721170396,0.29523809523809524,0.5929570208057361,0.21453287197231835,0.9713811696391539,62,69,227,2342,False
0.5515803098678589,0.6200192828883686,0.2992874109263658,0.5946871246119645,0.2179930795847751,0.9713811696391539,63,69,226,2342,False
0.551497220993042,0.6221288360730342,0.3033175355450237,0.5964172284181929,0.22145328719723184,0.9713811696391539,64,69,225,2342,False
0.5511439442634583,0.6216639093019378,0.30260047281323876,0.5962098455894911,0.22145328719723184,0.9709664039817503,64,70,225,2341,False
0.5487677454948425,0.623760086149366,0.30660377358490565,0.5979399493957194,0.22491349480968859,0.9709664039817503,65,70,224,2341,False
0.5479432344436646,0.6232929352645581,0.3058823529411765,0.5977325665670177,0.22491349480968859,0.9705516383243468,65,71,224,2340,False
0.5476797819137573,0.625375898333305,0.30985915492957744,0.5994626703732461,0.22837370242214533,0.9705516383243468,66,71,223,2340,False
0.5459377765655518,0.624906579840271,0.3091334894613583,0.5992552875445443,0.22837370242214533,0.9701368726669432,66,72,223,2339,False
0.5456106662750244,0.6269764888985797,0.3130841121495327,0.6009853913507726,0.23183391003460208,0.9701368726669432,67,72,222,2339,False
0.5452953577041626,0.6290372271060262,0.317016317016317,0.602715495157001,0.23529411764705882,0.9701368726669432,68,72,221,2339,False
0.5452895164489746,0.6285620700949885,0.31627906976744186,0.6025081123282993,0.23529411764705882,0.9697221070095396,68,73,221,2338,False
0.54473477602005,0.6280885807552066,0.31554524361948955,0.6023007294995975,0.23529411764705882,0.969307341352136,68,74,221,2337,False
0.5437047481536865,0.6276167471819646,0.3148148148148148,0.6020933466708956,0.23529411764705882,0.9688925756947325,68,75,221,2336,False
0.5434854030609131,0.6271465575802606,0.3140877598152425,0.6018859638421938,0.23529411764705882,0.9684778100373289,68,76,221,2335,False
0.5433528423309326,0.6266780002635433,0.31336405529953915,0.601678581013492,0.23529411764705882,0.9680630443799253,68,77,221,2334,False
0.543084979057312,0.6287113240962601,0.31724137931034485,0.6034086848197204,0.23875432525951557,0.9680630443799253,69,77,220,2334,False
0.5423808097839355,0.6307357931233321,0.3211009174311927,0.6051387886259488,0.2422145328719723,0.9680630443799253,70,77,219,2334,False
0.5420331954956055,0.6302616478646792,0.32036613272311215,0.604931405797247,0.2422145328719723,0.9676482787225218,70,78,219,2333,False
0.5416754484176636,0.629789137168508,0.319634703196347,0.6047240229685452,0.2422145328719723,0.9672335130651182,70,79,219,2332,False
0.5414334535598755,0.6317977261363006,0.3234624145785877,0.6064541267747736,0.24567474048442905,0.9672335130651182,71,79,218,2332,False
0.5413880944252014,0.6313233137829912,0.32272727272727275,0.6062467439460719,0.24567474048442905,0.9668187474077147,71,80,218,2331,False
0.5413299798965454,0.633319752583429,0.32653061224489793,0.6079768477523002,0.2491349480968858,0.9668187474077147,72,80,217,2331,False
0.5403518676757812,0.6328434871016083,0.3257918552036199,0.6077694649235984,0.2491349480968858,0.9664039817503111,72,81,217,2330,False
0.5402637720108032,0.6323688461172403,0.32505643340857787,0.6075620820948967,0.2491349480968858,0.9659892160929076,72,82,217,2329,False
0.5402424335479736,0.6318958183364963,0.32432432432432434,0.6073546992661949,0.2491349480968858,0.9655744504355039,72,83,217,2328,False
0.5402059555053711,0.6232004903249628,0.31101511879049676,0.603414425520861,0.2491349480968858,0.9576939029448361,72,102,217,2309,False
0.5398539304733276,0.6227575029341084,0.3103448275862069,0.6032070426921592,0.2491349480968858,0.9572791372874326,72,103,217,2308,False
0.5397548675537109,0.6223159133248357,0.3096774193548387,0.6029996598634574,0.2491349480968858,0.956864371630029,72,104,217,2307,False
0.5396180748939514,0.6214368903043828,0.3083511777301927,0.6025848942060539,0.2491349480968858,0.9560348403152219,72,106,217,2305,False
0.5391281843185425,0.6209994385176867,0.3076923076923077,0.6023775113773521,0.2491349480968858,0.9556200746578183,72,107,217,2304,False
0.5387700200080872,0.6228983425428699,0.31130063965884863,0.6041076151835805,0.25259515570934254,0.9556200746578183,73,107,216,2304,False
0.537712812423706,0.6224591083682189,0.31063829787234043,0.6039002323548787,0.25259515570934254,0.9552053090004148,73,108,216,2303,False
0.5376899838447571,0.6220212365914457,0.3099787685774947,0.6036928495261769,0.25259515570934254,0.9547905433430112,73,109,216,2302,False
0.536401629447937,0.6215847182478539,0.3093220338983051,0.6034854666974752,0.25259515570934254,0.9543757776856077,73,110,216,2301,False
0.5363073348999023,0.623466672616823,0.3128964059196617,0.6052155705037034,0.2560553633217993,0.9543757776856077,74,110,215,2301,False
0.536267876625061,0.6253411245933487,0.31645569620253167,0.6069456743099318,0.25951557093425603,0.9543757776856077,75,110,214,2301,False
0.536203920841217,0.6248998129842372,0.3157894736842105,0.60673829148123,0.25951557093425603,0.953961012028204,75,111,214,2300,False
0.5357929468154907,0.62676378431145,0.31932773109243695,0.6084683952874584,0.2629757785467128,0.953961012028204,76,111,213,2300,False
0.5356558561325073,0.6286203764386649,0.3228511530398323,0.6101984990936868,0.2664359861591695,0.953961012028204,77,111,212,2300,False
0.5354025363922119,0.6281744162916392,0.32217573221757323,0.609991116264985,0.2664359861591695,0.9535462463708005,77,112,212,2299,False
0.5348137021064758,0.6277298222139449,0.32150313152400833,0.6097837334362832,0.2664359861591695,0.9531314807133969,77,113,212,2298,False
0.5338112115859985,0.6295731707317074,0.325,0.6115138372425116,0.2698961937716263,0.9531314807133969,78,113,211,2298,False
0.5335986614227295,0.6291269924122129,0.32432432432432434,0.6113064544138098,0.2698961937716263,0.9527167150559933,78,114,211,2297,False
0.5330628156661987,0.6282387003134012,0.32298136645962733,0.6108916887564062,0.2698961937716263,0.9518871837411862,78,116,211,2295,False
0.5330588817596436,0.6300661022533942,0.32644628099173556,0.6126217925626346,0.27335640138408307,0.9518871837411862,79,116,210,2295,False
0.5322370529174805,0.6296210842046753,0.32577319587628867,0.6124144097339329,0.27335640138408307,0.9514724180837827,79,117,210,2294,False
0.531935453414917,0.6214110644257703,0.3134920634920635,0.608474135988599,0.27335640138408307,0.9435918705931149,79,136,210,2275,False
0.5311580896377563,0.6209913126144075,0.31287128712871287,0.6082667531598972,0.27335640138408307,0.9431771049357113,79,137,210,2274,False
0.5307936668395996,0.6205727429408601,0.31225296442687744,0.6080593703311954,0.27335640138408307,0.9427623392783078,79,138,210,2273,False
0.5306290984153748,0.6201553481183723,0.3116370808678501,0.6078519875024936,0.27335640138408307,0.9423475736209042,79,139,210,2272,False
0.5306081771850586,0.6197391209173261,0.3110236220472441,0.6076446046737919,0.27335640138408307,0.9419328079635007,79,140,210,2271,False
0.5305196642875671,0.6214931478731434,0.3143418467583497,0.6093747084800203,0.2768166089965398,0.9419328079635007,80,140,209,2271,False
0.5305036902427673,0.6210754240346446,0.3137254901960784,0.6091673256513184,0.2768166089965398,0.941518042306097,80,141,209,2270,False
0.5303229093551636,0.6228203495286155,0.31702544031311153,0.6108974294575468,0.28027681660899656,0.941518042306097,81,141,208,2270,False
0.5299128293991089,0.6245588686579377,0.3203125,0.6126275332637752,0.2837370242214533,0.941518042306097,82,141,207,2270,False
0.5299102067947388,0.6241370768849688,0.31968810916179335,0.6124201504350735,0.2837370242214533,0.9411032766486935,82,142,207,2269,False
0.5296065807342529,0.6258666467043933,0.3229571984435798,0.6141502542413018,0.28719723183391005,0.9411032766486935,83,142,206,2269,False
0.5295292139053345,0.625443451819022,0.32233009708737864,0.6139428714126,0.28719723183391005,0.9406885109912899,83,143,206,2268,False
0.5293632745742798,0.6250214273470087,0.32170542635658916,0.6137354885838981,0.28719723183391005,0.9402737453338863,83,144,206,2267,False
0.5285861492156982,0.6267395943214349,0.32495164410058025,0.6154655923901265,0.2906574394463668,0.9402737453338863,84,144,205,2267,False
0.5282888412475586,0.6263161973936247,0.32432432432432434,0.6152582095614247,0.2906574394463668,0.9398589796764828,84,145,205,2266,False
0.5281423926353455,0.6258939642094568,0.3236994219653179,0.615050826732723,0.2906574394463668,0.9394442140190792,84,146,205,2265,False
0.5269861221313477,0.6254728877679697,0.3230769230769231,0.6148434439040212,0.2906574394463668,0.9390294483616757,84,147,205,2264,False
0.526228666305542,0.6250529611217176,0.32245681381957775,0.6146360610753194,0.2906574394463668,0.9386146827042721,84,148,205,2263,False
0.5261471271514893,0.6267548882385375,0.32567049808429116,0.6163661648815478,0.29411764705882354,0.9386146827042721,85,148,204,2263,False
0.5248905420303345,0.6259134943546518,0.3244274809160305,0.6159513992241442,0.29411764705882354,0.9377851513894649,85,150,204,2261,False
0.5240781307220459,0.6276043956043956,0.32761904761904764,0.6176815030303726,0.2975778546712803,0.9377851513894649,86,150,203,2261,False
0.5235311985015869,0.6271829572918146,0.3269961977186312,0.6174741202016709,0.2975778546712803,0.9373703857320614,86,151,203,2260,False
0.52318274974823,0.6288654013070512,0.3301707779886148,0.6192042240078992,0.30103806228373703,0.9373703857320614,87,151,202,2260,False
0.5227768421173096,0.6284426780116436,0.32954545454545453,0.6189968411791974,0.30103806228373703,0.9369556200746578,87,152,202,2259,False
0.5226943492889404,0.6280210916115943,0.32892249527410206,0.6187894583504956,0.30103806228373703,0.9365408544172542,87,153,202,2258,False
0.5226535797119141,0.6296927666498779,0.3320754716981132,0.620519562156724,0.3044982698961938,0.9365408544172542,88,153,201,2258,False
0.5225143432617188,0.6292699228254853,0.3314500941619586,0.6203121793280222,0.3044982698961938,0.9361260887598507,88,154,201,2257,False
0.5221312046051025,0.6309333316858292,0.33458646616541354,0.6220422831342506,0.3079584775086505,0.9361260887598507,89,154,200,2257,False
0.5218843221664429,0.6305092573139699,0.3339587242026266,0.6218349003055488,0.3079584775086505,0.9357113231024471,89,155,200,2256,False
0.521793007850647,0.6321644799733994,0.33707865168539325,0.6235650041117772,0.31141868512110726,0.9357113231024471,90,155,199,2256,False
0.5215335488319397,0.6317392014292438,0.3364485981308411,0.6233576212830754,0.31141868512110726,0.9352965574450436,90,156,199,2255,False
0.5215038061141968,0.631315053024352,0.3358208955223881,0.6231502384543737,0.31141868512110726,0.93488179178764,90,157,199,2254,False
0.5212089419364929,0.6329598599388611,0.33891992551210426,0.624880342260602,0.314878892733564,0.93488179178764,91,157,198,2254,False
0.5209657549858093,0.6325345330374852,0.3382899628252788,0.6246729594319003,0.314878892733564,0.9344670261302365,91,158,198,2253,False
0.5206114649772644,0.6321103294976984,0.33766233766233766,0.6244655766031985,0.314878892733564,0.9340522604728329,91,159,198,2252,False
0.5205597877502441,0.6337448559670782,0.34074074074074073,0.6261956804094269,0.31833910034602075,0.9340522604728329,92,159,197,2252,False
0.5194836854934692,0.6333194989650852,0.34011090573012936,0.6259882975807249,0.31833910034602075,0.9336374948154292,92,160,197,2251,False
0.5189581513404846,0.6349461230306004,0.34317343173431736,0.6277184013869533,0.3217993079584775,0.9336374948154292,93,160,196,2251,False
0.5188429355621338,0.6345196373178996,0.3425414364640884,0.6275110185582516,0.3217993079584775,0.9332227291580257,93,161,196,2250,False
0.5188227891921997,0.6340942678554123,0.34191176470588236,0.6273036357295498,0.3217993079584775,0.9328079635006221,93,162,196,2249,False
0.5182571411132812,0.6373218870128635,0.34798534798534797,0.6307638433420065,0.328719723183391,0.9328079635006221,95,162,194,2249,False
0.5180309414863586,0.6389274279917321,0.3510054844606947,0.6324939471482349,0.33217993079584773,0.9328079635006221,96,162,193,2249,False
0.5175049901008606,0.6384965790312972,0.35036496350364965,0.6322865643195332,0.33217993079584773,0.9323931978432186,96,163,193,2248,False
0.5174044370651245,0.6400944878696635,0.3533697632058288,0.6340166681257615,0.3356401384083045,0.9323931978432186,97,163,192,2248,False
0.517105221748352,0.6396626054358013,0.3527272727272727,0.6338092852970597,0.3356401384083045,0.931978432185815,97,164,192,2247,False
0.5169633626937866,0.6392318434133706,0.35208711433756806,0.633601902468358,0.3356401384083045,0.9315636665284115,97,165,192,2246,False
0.5168535709381104,0.638802195436935,0.35144927536231885,0.6333945196396562,0.3356401384083045,0.9311489008710079,97,166,192,2245,False
0.5164268016815186,0.6308424111622752,0.3397548161120841,0.6294542458943223,0.3356401384083045,0.9232683533803401,97,185,192,2226,False
0.5162835121154785,0.6304337750070973,0.33916083916083917,0.6292468630656205,0.3356401384083045,0.9228535877229366,97,186,192,2225,False
0.5160939693450928,0.6300261292012534,0.33856893542757416,0.6290394802369187,0.3356401384083045,0.922438822065533,97,187,192,2224,False
0.5160593390464783,0.6315688395176534,0.34146341463414637,0.6307695840431471,0.3391003460207612,0.922438822065533,98,187,191,2224,False
0.515887975692749,0.6311601712097319,0.3408695652173913,0.6305622012144454,0.3391003460207612,0.9220240564081295,98,188,191,2223,False
0.5158136487007141,0.632695895522388,0.34375,0.6322923050206737,0.34256055363321797,0.9220240564081295,99,188,190,2223,False
0.5154982805252075,0.6342266673518104,0.3466204506065858,0.6340224088269021,0.3460207612456747,0.9220240564081295,100,188,189,2223,False
0.5142083764076233,0.6338150259982003,0.3460207612456747,0.6338150259982003,0.3460207612456747,0.9216092907507258,100,189,189,2222,False
0.5139322280883789,0.635338915560485,0.3488773747841105,0.6355451298044287,0.3494809688581315,0.9216092907507258,101,189,188,2222,False
0.5129542350769043,0.6349263127772213,0.3482758620689655,0.6353377469757269,0.3494809688581315,0.9211945250933222,101,190,188,2221,False
0.5124919414520264,0.6364433812087051,0.35111876075731496,0.6370678507819553,0.35294117647058826,0.9211945250933222,102,190,187,2221,False
0.5120589733123779,0.6379556046269788,0.3539518900343643,0.6387979545881837,0.356401384083045,0.9211945250933222,103,190,186,2221,False
0.5119895935058594,0.6375401442361619,0.35334476843910806,0.6385905717594819,0.356401384083045,0.9207797594359187,103,191,186,2220,False
0.5117542743682861,0.6405463695183321,0.358974358974359,0.6420507793719386,0.3633217993079585,0.9207797594359187,105,191,184,2220,False
0.5117023587226868,0.6401281245967747,0.3583617747440273,0.6418433965432369,0.3633217993079585,0.9203649937785151,105,192,184,2219,False
0.5115252733230591,0.6392946205913786,0.35714285714285715,0.6414286308858332,0.3633217993079585,0.919535462463708,105,194,184,2217,False
0.5112097263336182,0.638879350836845,0.3565365025466893,0.6412212480571315,0.3633217993079585,0.9191206968063045,105,195,184,2216,False
0.5111572742462158,0.6384650621938758,0.3559322033898305,0.6410138652284296,0.3633217993079585,0.9187059311489009,105,196,184,2215,False
0.5111082792282104,0.6380517494165445,0.3553299492385787,0.6408064823997279,0.3633217993079585,0.9182911654914973,105,197,184,2214,False
0.5110368728637695,0.6395365831721904,0.3581081081081081,0.6425365862059562,0.36678200692041524,0.9182911654914973,106,197,183,2214,False
0.510699450969696,0.6391224012480394,0.357504215851602,0.6423292033772545,0.36678200692041524,0.9178763998340937,106,198,183,2213,False
0.5104129314422607,0.6406007641962699,0.3602693602693603,0.6440593071834828,0.370242214532872,0.9178763998340937,107,198,182,2213,False
0.510319709777832,0.6401857309000604,0.3596638655462185,0.6438519243547811,0.370242214532872,0.9174616341766901,107,199,182,2212,False
0.5099653005599976,0.639771666787744,0.35906040268456374,0.6436445415260793,0.370242214532872,0.9170468685192866,107,200,182,2211,False
0.5089644193649292,0.6393585667249426,0.35845896147403683,0.6434371586973775,0.370242214532872,0.916632102861883,107,201,182,2210,False
0.5088678598403931,0.6408269129780094,0.3612040133779264,0.6451672625036059,0.3737024221453287,0.916632102861883,108,201,181,2210,False
0.5082818269729614,0.64,0.36,0.6447524968462023,0.3737024221453287,0.9158025715470759,108,203,181,2208,False
0.5079020857810974,0.6395879757256695,0.3594009983361065,0.6445451140175006,0.3737024221453287,0.9153878058896724,108,204,181,2207,False
0.5075985193252563,0.6391768995664029,0.3588039867109635,0.6443377311887988,0.3737024221453287,0.9149730402322688,108,205,181,2206,False
0.5075673460960388,0.6387667665425218,0.3582089552238806,0.644130348360097,0.3737024221453287,0.9145582745748652,108,206,181,2205,False
0.5074785351753235,0.6383575717071069,0.3576158940397351,0.6439229655313952,0.3737024221453287,0.9141435089174617,108,207,181,2204,False
0.5073984861373901,0.6379493101457269,0.35702479338842974,0.6437155827026934,0.3737024221453287,0.913728743260058,108,208,181,2203,False
0.5073271989822388,0.6375419769761708,0.3564356435643564,0.6435081998739917,0.3737024221453287,0.9133139776026545,108,209,181,2202,False
0.5070573091506958,0.6371355673481818,0.35584843492586493,0.6433008170452899,0.3737024221453287,0.9128992119452509,108,210,181,2201,False
0.5067436695098877,0.6367300764431948,0.35526315789473684,0.643093434216588,0.3737024221453287,0.9124844462878474,108,211,181,2200,False
0.5065412521362305,0.6363254994740755,0.35467980295566504,0.6428860513878862,0.3737024221453287,0.9120696806304438,108,212,181,2199,False
0.5064716339111328,0.6359218316848626,0.3540983606557377,0.6426786685591844,0.3737024221453287,0.9116549149730402,108,213,181,2198,False
0.5055527687072754,0.6373645414221557,0.3567921440261866,0.6444087723654128,0.3771626297577855,0.9116549149730402,109,213,180,2198,False
0.5054796934127808,0.6365564567713469,0.3556280587275693,0.6439940067080092,0.3771626297577855,0.9108253836582331,109,215,180,2196,False
0.5049325227737427,0.6361537655294827,0.3550488599348534,0.6437866238793075,0.3771626297577855,0.9104106180008296,109,216,180,2195,False
0.5048449039459229,0.6357519688049544,0.3544715447154472,0.6435792410506057,0.3771626297577855,0.909995852343426,109,217,180,2194,False
0.5046527981758118,0.6371834687052078,0.35714285714285715,0.6453093448568341,0.3806228373702422,0.909995852343426,110,217,179,2194,False
0.5043501853942871,0.6386106791645587,0.35980551053484605,0.6470394486630624,0.38408304498269896,0.909995852343426,111,217,178,2194,False
0.5042722225189209,0.6382063807238308,0.3592233009708738,0.6468320658343607,0.38408304498269896,0.9095810866860224,111,218,178,2193,False
0.5036928653717041,0.6396276456450023,0.36187399030694667,0.6485621696405891,0.3875432525951557,0.9095810866860224,112,218,177,2193,False
0.5024779438972473,0.6392225671480631,0.36129032258064514,0.6483547868118873,0.3875432525951557,0.9091663210286188,112,219,177,2192,False
0.502477765083313,0.6388183811421345,0.3607085346215781,0.6481474039831855,0.3875432525951557,0.9087515553712152,112,220,177,2191,False
0.5014457702636719,0.6402320926971018,0.3633440514469453,0.6498775077894139,0.39100346020761245,0.9087515553712152,113,220,176,2191,False
0.5011674165725708,0.6398271412207571,0.36276083467094705,0.6496701249607121,0.39100346020761245,0.9083367897138117,113,221,176,2190,False
0.5003803372383118,0.6412350212601469,0.36538461538461536,0.6514002287669405,0.3944636678200692,0.9083367897138117,114,221,175,2190,True
0.499808669090271,0.6404245038687995,0.36421725239616615,0.6509854631095369,0.3944636678200692,0.9075072583990046,114,223,175,2188,False
0.4997730851173401,0.6400205702531284,0.36363636363636365,0.6507780802808351,0.3944636678200692,0.907092492741601,114,224,175,2187,False
0.4995276927947998,0.639617514054917,0.3630573248407643,0.6505706974521334,0.3944636678200692,0.9066777270841975,114,225,175,2186,False
0.4992207884788513,0.6388140161725068,0.3619047619047619,0.6501559317947297,0.3944636678200692,0.9058481957693902,114,227,175,2184,False
0.49900543689727783,0.640208039308277,0.36450079239302696,0.6518860356009581,0.39792387543252594,0.9058481957693902,115,227,174,2184,False
0.49795079231262207,0.6398059850479993,0.3639240506329114,0.6516786527722563,0.39792387543252594,0.9054334301119867,115,228,174,2183,False
0.49785882234573364,0.6394047942161603,0.36334913112164297,0.6514712699435545,0.39792387543252594,0.9050186644545831,115,229,174,2182,False
0.4977557063102722,0.6390044624714228,0.3627760252365931,0.6512638871148528,0.39792387543252594,0.9046038987971796,115,230,174,2181,False
0.49761247634887695,0.6386049854995828,0.36220472440944884,0.6510565042861509,0.39792387543252594,0.904189133139776,115,231,174,2180,False
0.4973675608634949,0.6399885936980182,0.36477987421383645,0.6527866080923793,0.4013840830449827,0.904189133139776,116,231,173,2180,False
0.49618208408355713,0.639588389175984,0.3642072213500785,0.6525792252636776,0.4013840830449827,0.9037743674823725,116,232,173,2179,False
0.49590587615966797,0.6391890344011302,0.36363636363636365,0.6523718424349758,0.4013840830449827,0.9033596018249689,116,233,173,2178,False
0.4956948757171631,0.638790525129352,0.36306729264475746,0.652164459606274,0.4013840830449827,0.9029448361675654,116,234,173,2177,False
0.4951416254043579,0.6383928571428571,0.3625,0.6519570767775722,0.4013840830449827,0.9025300705101618,116,235,173,2176,False
0.49474257230758667,0.6379960262499594,0.3619344773790952,0.6517496939488704,0.4013840830449827,0.9021153048527581,116,236,173,2175,False
0.4946296811103821,0.6376000282848758,0.3613707165109034,0.6515423111201687,0.4013840830449827,0.9017005391953546,116,237,173,2174,False
0.4941409230232239,0.638970285583887,0.36391912908242613,0.6532724149263971,0.40484429065743943,0.9017005391953546,117,237,172,2174,False
0.49408894777297974,0.6385735703576784,0.36335403726708076,0.6530650320976952,0.40484429065743943,0.901285773537951,117,238,172,2173,False
0.49405157566070557,0.6381776832220674,0.3627906976744186,0.6528576492689935,0.40484429065743943,0.9008710078805475,117,239,172,2172,False
0.4937748908996582,0.6377826200781223,0.3622291021671827,0.6526502664402917,0.40484429065743943,0.9004562422231439,117,240,172,2171,False
0.4934465289115906,0.6373883768520394,0.3616692426584235,0.6524428836115899,0.40484429065743943,0.9000414765657404,117,241,172,2170,False
0.4933694005012512,0.6369949494949495,0.3611111111111111,0.6522355007828882,0.40484429065743943,0.8996267109083368,117,242,172,2169,False
0.49292874336242676,0.6366023339827249,0.3605546995377504,0.6520281179541862,0.40484429065743943,0.8992119452509332,117,243,172,2168,False
0.492321252822876,0.6358195225189296,0.35944700460829493,0.6516133522967827,0.40484429065743943,0.8983824139361261,117,245,172,2166,False
0.4922030568122864,0.6354293186411069,0.3588957055214724,0.6514059694680809,0.40484429065743943,0.8979676482787226,117,246,172,2165,False
0.49212872982025146,0.6350399107552736,0.35834609494640124,0.6511985866393792,0.40484429065743943,0.8975528826213189,117,247,172,2164,False
0.4921077489852905,0.634263467370233,0.35725190839694654,0.6507838209819756,0.40484429065743943,0.8967233513065118,117,249,172,2162,False
0.4920288920402527,0.6338764241352363,0.3567073170731707,0.6505764381532738,0.40484429065743943,0.8963085856491082,117,250,172,2161,False
0.4919976592063904,0.6334901614202906,0.3561643835616438,0.650369055324572,0.40484429065743943,0.8958938199917047,117,251,172,2160,False
0.49199503660202026,0.6331046754155776,0.3556231003039514,0.6501616724958703,0.40484429065743943,0.8954790543343011,117,252,172,2159,False
0.49153006076812744,0.634448338982031,0.3581183611532625,0.6518917763020986,0.4083044982698962,0.8954790543343011,118,252,171,2159,False
0.4913749694824219,0.6340621403912543,0.3575757575757576,0.6516843934733969,0.4083044982698962,0.8950642886768976,118,253,171,2158,False
0.4912862777709961,0.6336767141934551,0.35703479576399394,0.6514770106446951,0.4083044982698962,0.894649523019494,118,254,171,2157,False
0.49113261699676514,0.6332920566379175,0.3564954682779456,0.6512696278159933,0.4083044982698962,0.8942347573620905,118,255,171,2156,False
0.49111902713775635,0.6329081639963434,0.3559577677224736,0.6510622449872915,0.4083044982698962,0.8938199917046868,118,256,171,2155,False
0.49045610427856445,0.6325250325626832,0.35542168674698793,0.6508548621585897,0.4083044982698962,0.8934052260472832,118,257,171,2154,False
0.4902040958404541,0.6321426586529681,0.3548872180451128,0.650647479329888,0.4083044982698962,0.8929904603898797,118,258,171,2153,False
0.4900473952293396,0.63347377796047,0.35735735735735735,0.6523775831361163,0.4117647058823529,0.8929904603898797,119,258,170,2153,False
0.4900296926498413,0.6330907016384054,0.3568215892053973,0.6521702003074146,0.4117647058823529,0.8925756947324761,119,259,170,2152,False
0.4893403649330139,0.6327083786779779,0.3562874251497006,0.6519628174787128,0.4117647058823529,0.8921609290750726,119,260,170,2151,False
0.4890652298927307,0.6323268054516864,0.35575485799701045,0.651755434650011,0.4117647058823529,0.891746163417669,119,261,170,2150,False
0.48865342140197754,0.6319459783534758,0.35522388059701493,0.6515480518213093,0.4117647058823529,0.8913313977602655,119,262,170,2149,False
0.4885573983192444,0.6311865482233503,0.3541666666666667,0.6511332861639056,0.4117647058823529,0.8905018664454584,119,264,170,2147,False
0.4877316951751709,0.6325053728525486,0.35661218424962854,0.652863389970134,0.41522491349480967,0.8905018664454584,120,264,169,2147,False
0.4876173138618469,0.6321253348168036,0.3560830860534125,0.6526560071414322,0.41522491349480967,0.8900871007880548,120,265,169,2146,False
0.4875466823577881,0.6317460317460317,0.35555555555555557,0.6524486243127304,0.41522491349480967,0.8896723351306511,120,266,169,2145,False
0.4874134659767151,0.6313674601305683,0.35502958579881655,0.6522412414840286,0.41522491349480967,0.8892575694732476,120,267,169,2144,False
0.48737597465515137,0.6326784511884549,0.35745937961595275,0.653971345290257,0.4186851211072664,0.8892575694732476,121,267,168,2144,False
0.48709481954574585,0.6322991982548267,0.35693215339233036,0.6537639624615552,0.4186851211072664,0.888842803815844,121,268,168,2143,False
0.4866641163825989,0.6336052463860438,0.3593519882179676,0.6554940662677836,0.42214532871972316,0.888842803815844,122,268,167,2143,False
0.48624950647354126,0.626507771490276,0.3495702005730659,0.6515537925224497,0.42214532871972316,0.8809622563251763,122,287,167,2124,False
0.48604220151901245,0.6277844272015908,0.351931330472103,0.6532838963286781,0.42560553633217996,0.8809622563251763,123,287,166,2124,False
0.4858916401863098,0.6274164133738602,0.3514285714285714,0.6530765134999763,0.42560553633217996,0.8805474906677727,123,288,166,2123,False
0.48505616188049316,0.6286884118665488,0.3537803138373752,0.6548066173062047,0.4290657439446367,0.8805474906677727,124,288,165,2123,False
0.4849414825439453,0.628319743262272,0.35327635327635326,0.6545992344775029,0.4290657439446367,0.8801327250103691,124,289,165,2122,False
0.48487013578414917,0.6279517418430274,0.352773826458037,0.6543918516488012,0.4290657439446367,0.8797179593529656,124,290,165,2121,False
0.4844514727592468,0.6292178062567756,0.35511363636363635,0.6561219554550295,0.43252595155709345,0.8797179593529656,125,290,164,2121,False
0.48433321714401245,0.6284811784316305,0.35410764872521244,0.655707189797626,0.43252595155709345,0.8788884280381585,125,292,164,2119,False
0.4843234419822693,0.6297413674885495,0.3564356435643564,0.6574372936038544,0.4359861591695502,0.8788884280381585,126,292,163,2119,False
0.48405617475509644,0.6293727513112836,0.3559322033898305,0.6572299107751525,0.4359861591695502,0.8784736623807549,126,293,163,2118,False
0.4837108254432678,0.6286374966215201,0.35492957746478876,0.656815145117749,0.4359861591695502,0.8776441310659477,126,295,163,2116,False
0.48356926441192627,0.6282708520615174,0.35443037974683544,0.6566077622890472,0.4359861591695502,0.8772293654085441,126,296,163,2115,False
0.4833593964576721,0.6279048586877325,0.3539325842696629,0.6564003794603455,0.4359861591695502,0.8768145997511406,126,297,163,2114,False
0.4831811785697937,0.629155394153684,0.35624123422159887,0.6581304832665738,0.43944636678200694,0.8768145997511406,127,297,162,2114,False
0.4831485152244568,0.6287887754333488,0.3557422969187675,0.6579231004378719,0.43944636678200694,0.876399834093737,127,298,162,2113,False
0.48312634229660034,0.6300348530871476,0.35804195804195804,0.6596532042441003,0.4429065743944637,0.876399834093737,128,298,161,2113,False
0.48281025886535645,0.6296676192339069,0.3575418994413408,0.6594458214153986,0.4429065743944637,0.8759850684363335,128,299,161,2112,False
0.4825446605682373,0.6309092712267375,0.3598326359832636,0.6611759252216269,0.4463667820069204,0.8759850684363335,129,299,160,2112,False
0.48231393098831177,0.63054143230936,0.3593314763231198,0.6609685423929251,0.4463667820069204,0.8755703027789299,129,300,160,2111,False
0.4821109175682068,0.6317786904656144,0.3616133518776078,0.6626986461991535,0.44982698961937717,0.8755703027789299,130,300,159,2111,False
0.48178917169570923,0.6330128205128205,0.3638888888888889,0.6644287500053819,0.4532871972318339,0.8755703027789299,131,300,158,2111,False
0.4814988374710083,0.6322741328242412,0.3628808864265928,0.6640139843479783,0.4532871972318339,0.8747407714641228,131,302,158,2109,False
0.48139381408691406,0.6335026974946703,0.3651452282157676,0.6657440881542067,0.45674740484429066,0.8747407714641228,132,302,157,2109,False
0.48133736848831177,0.6265879991991288,0.3557951482479784,0.6618038144088728,0.45674740484429066,0.866860223973455,132,321,157,2090,False
0.4811292290687561,0.627790810285447,0.35800807537012114,0.6635339182151012,0.4602076124567474,0.866860223973455,133,321,156,2090,False
0.4806981682777405,0.6274318257399402,0.3575268817204301,0.6633265353863994,0.4602076124567474,0.8664454583160515,133,322,156,2089,False
0.4789348244667053,0.6270734362271931,0.35704697986577183,0.6631191525576976,0.4602076124567474,0.8660306926586478,133,323,156,2088,False
0.4787730574607849,0.626715639116975,0.35656836461126007,0.6629117697289959,0.4602076124567474,0.8656159270012443,133,324,156,2087,False
0.47854405641555786,0.6279120349871439,0.35876840696117807,0.6646418735352242,0.46366782006920415,0.8656159270012443,134,324,155,2087,False
0.4782964587211609,0.6291055310578855,0.3609625668449198,0.6663719773414526,0.4671280276816609,0.8656159270012443,135,324,154,2087,False
0.4782700538635254,0.6283870967741936,0.36,0.665957211684049,0.4671280276816609,0.8647863956864371,135,326,154,2085,False
0.47765761613845825,0.628028764400746,0.3595206391478029,0.6657498288553473,0.4671280276816609,0.8643716300290336,135,327,154,2084,False
0.47765088081359863,0.621328994979103,0.35064935064935066,0.6618095551100134,0.4671280276816609,0.8564910825383658,135,346,154,2065,False
0.4774169325828552,0.6209819165756738,0.35019455252918286,0.6616021722813116,0.4671280276816609,0.8560763168809623,135,347,154,2064,False
0.4772111177444458,0.6206353755692988,0.34974093264248707,0.6613947894526098,0.4671280276816609,0.8556615512235587,135,348,154,2063,False
0.4771463871002197,0.6217991534586211,0.351875808538163,0.6631248932588382,0.47058823529411764,0.8556615512235587,136,348,153,2063,False
0.47705841064453125,0.6229602147618617,0.35400516795865633,0.6648549970650666,0.4740484429065744,0.8556615512235587,137,348,152,2063,False
0.4770468473434448,0.6226120313862249,0.3535483870967742,0.6646476142363648,0.4740484429065744,0.8552467855661551,137,349,152,2062,False
0.47696882486343384,0.6222643848321621,0.35309278350515466,0.664440231407663,0.4740484429065744,0.8548320199087516,137,350,152,2061,False
0.4768067002296448,0.6219172727933273,0.35263835263835264,0.6642328485789611,0.4740484429065744,0.854417254251348,137,351,152,2060,False
0.4767214059829712,0.6215706929750305,0.35218508997429304,0.6640254657502594,0.4740484429065744,0.8540024885939445,137,352,152,2059,False
0.47658878564834595,0.6227247435175521,0.35430038510911427,0.6657555695564878,0.47750865051903113,0.8540024885939445,138,352,151,2059,False
0.47612833976745605,0.6223776223776224,0.35384615384615387,0.6655481867277859,0.47750865051903113,0.8535877229365408,138,353,151,2058,False
0.47603392601013184,0.6220310308781383,0.353393085787452,0.6653408038990842,0.47750865051903113,0.8531729572791373,138,354,151,2057,False
0.47596871852874756,0.6216849667541334,0.35294117647058826,0.6651334210703824,0.47750865051903113,0.8527581916217337,138,355,151,2056,False
0.4752628803253174,0.6213394277520109,0.3524904214559387,0.6649260382416806,0.47750865051903113,0.8523434259643301,138,356,151,2055,False
0.4751549959182739,0.6209944116294699,0.3520408163265306,0.6647186554129789,0.47750865051903113,0.8519286603069266,138,357,151,2054,False
0.47499239444732666,0.6203059391099772,0.3511450381679389,0.6643038897555753,0.47750865051903113,0.8510991289921195,138,359,151,2052,False
0.47488129138946533,0.6199624782842588,0.35069885641677256,0.6640965069268735,0.47750865051903113,0.8506843633347159,138,360,151,2051,False
0.4748590588569641,0.619619531480446,0.350253807106599,0.6638891240981717,0.47750865051903113,0.8502695976773124,138,361,151,2050,False
0.4747404456138611,0.620761396330316,0.3523447401774398,0.6656192279044001,0.4809688581314879,0.8502695976773124,139,361,150,2050,False
0.4746401906013489,0.6204179137263517,0.3518987341772152,0.6654118450756983,0.4809688581314879,0.8498548320199087,139,362,150,2049,False
0.4745844006538391,0.6200749426930601,0.35145385587863465,0.6652044622469965,0.4809688581314879,0.8494400663625051,139,363,150,2048,False
0.4745105504989624,0.6193905266698985,0.3505674653215637,0.664789696589593,0.4809688581314879,0.848610535047698,139,365,150,2046,False
0.47425663471221924,0.6190490773725215,0.3501259445843829,0.6645823137608912,0.4809688581314879,0.8481957693902945,139,366,150,2045,False
0.47411948442459106,0.6201831479319033,0.3522012578616352,0.6663124175671196,0.4844290657439446,0.8481957693902945,140,366,149,2045,False
0.473868727684021,0.6198411693567752,0.35175879396984927,0.6661050347384178,0.4844290657439446,0.8477810037328909,140,367,149,2044,False
0.47336333990097046,0.6209716482431539,0.35382685069008785,0.6678351385446462,0.48788927335640137,0.8477810037328909,141,367,148,2044,False
0.4729986786842346,0.620629147836998,0.3533834586466165,0.6676277557159443,0.48788927335640137,0.8473662380754874,141,368,148,2043,False
0.4729291796684265,0.6217560583635434,0.35544430538172717,0.6693578595221727,0.4913494809688581,0.8473662380754874,142,368,147,2043,False
0.4729289412498474,0.6214130434782609,0.355,0.6691504766934709,0.4913494809688581,0.8469514724180838,142,369,147,2042,False
0.4725538492202759,0.6210705307211386,0.3545568039950062,0.6689430938647691,0.4913494809688581,0.8465367067606803,142,370,147,2041,False
0.4725499749183655,0.6207285179829894,0.3541147132169576,0.6687357110360674,0.4913494809688581,0.8461219411032767,142,371,147,2040,False
0.4725218415260315,0.6203870031649316,0.35367372353673726,0.6685283282073655,0.4913494809688581,0.845707175445873,142,372,147,2039,False
0.4724847674369812,0.6200459841783251,0.35323383084577115,0.6683209453786638,0.4913494809688581,0.8452924097884695,142,373,147,2038,False
0.4724782705307007,0.6197054589447076,0.3527950310559006,0.668113562549962,0.4913494809688581,0.8448776441310659,142,374,147,2037,False
0.47219765186309814,0.6193654253957315,0.3523573200992556,0.6679061797212602,0.4913494809688581,0.8444628784736624,142,375,147,2036,False
0.47216641902923584,0.6204827614674666,0.3543990086741016,0.6696362835274886,0.49480968858131485,0.8444628784736624,143,375,146,2036,False
0.4720224142074585,0.6215976127229448,0.3564356435643564,0.671366387333717,0.4982698961937716,0.8444628784736624,144,375,145,2036,False
0.47175121307373047,0.6212560771477704,0.35599505562422745,0.6711590045050152,0.4982698961937716,0.8440481128162588,144,376,145,2035,False
0.47167229652404785,0.6223674655047204,0.35802469135802467,0.6728891083112436,0.5017301038062284,0.8440481128162588,145,376,144,2035,False
0.47165054082870483,0.6220254352941239,0.35758323057953145,0.6726817254825419,0.5017301038062284,0.8436333471588553,145,377,144,2034,False
0.47150856256484985,0.6231333828664196,0.35960591133004927,0.6744118292887702,0.5051903114186851,0.8436333471588553,146,377,143,2034,False
0.47142887115478516,0.6227908649263079,0.3591635916359164,0.6742044464600684,0.5051903114186851,0.8432185815014517,146,378,143,2033,False
0.4713950753211975,0.6221072984057108,0.35828220858895704,0.6737896808026649,0.5051903114186851,0.8423890501866446,146,380,143,2031,False
0.4710767865180969,0.6217662457653218,0.35784313725490197,0.673582297973963,0.5051903114186851,0.841974284529241,146,381,143,2030,False
0.4707068204879761,0.6214256775145013,0.3574051407588739,0.6733749151452613,0.5051903114186851,0.8415595188718374,146,382,143,2029,False
0.47068798542022705,0.6210855916475546,0.3569682151589242,0.6731675323165595,0.5051903114186851,0.8411447532144338,146,383,143,2028,False
0.4698307514190674,0.6221852803385219,0.358974358974359,0.6748976361227879,0.5086505190311419,0.8411447532144338,147,383,142,2028,False
0.46970969438552856,0.6218447118969006,0.35853658536585364,0.6746902532940862,0.5086505190311419,0.8407299875570303,147,384,142,2027,False
0.4695177674293518,0.6154629118355629,0.3504171632896305,0.6707499795487522,0.5086505190311419,0.8328494400663625,147,403,142,2008,False
0.46933019161224365,0.6151315789473684,0.35,0.6705425967200505,0.5086505190311419,0.8324346744089589,147,404,142,2007,False
0.46918755769729614,0.6148006882415491,0.34958382877526756,0.6703352138913486,0.5086505190311419,0.8320199087515554,147,405,142,2006,False
0.46915990114212036,0.6144702379153252,0.3491686460807601,0.6701278310626468,0.5086505190311419,0.8316051430941518,147,406,142,2005,False
0.46895134449005127,0.6141402261742718,0.3487544483985765,0.6699204482339451,0.5086505190311419,0.8311903774367483,147,407,142,2004,False
0.4689505696296692,0.6138106512322691,0.34834123222748814,0.6697130654052432,0.5086505190311419,0.8307756117793447,147,408,142,2003,False
0.46856480836868286,0.613481511311453,0.3479289940828402,0.6695056825765415,0.5086505190311419,0.830360846121941,147,409,142,2002,False
0.46852076053619385,0.6131528046421664,0.3475177304964539,0.6692982997478397,0.5086505190311419,0.8299460804645376,147,410,142,2001,False
0.46830278635025024,0.6128245294629098,0.34710743801652894,0.6690909169191379,0.5086505190311419,0.8295313148071339,147,411,142,2000,False
0.46794593334198,0.6124966840202938,0.3466981132075472,0.6688835340904362,0.5086505190311419,0.8291165491497304,147,412,142,1999,False
0.4679129719734192,0.6121692665689908,0.3462897526501767,0.6686761512617343,0.5086505190311419,0.8287017834923268,147,413,142,1998,False
0.4677172303199768,0.6118422753716871,0.3458823529411765,0.6684687684330326,0.5086505190311419,0.8282870178349233,147,414,142,1997,False
0.46693456172943115,0.6129106253643897,0.34782608695652173,0.6701988722392609,0.5121107266435986,0.8282870178349233,148,414,141,1997,False
0.46689850091934204,0.6139767364078933,0.34976525821596244,0.6719289760454894,0.5155709342560554,0.8282870178349233,149,414,140,1997,False
0.4668583869934082,0.6136483583858159,0.3493552168815944,0.6717215932167875,0.5155709342560554,0.8278722521775197,149,415,140,1996,False
0.46678268909454346,0.6133204062350925,0.34894613583138173,0.6715142103880858,0.5155709342560554,0.8274574865201161,149,416,140,1995,False
0.46673327684402466,0.614382490880667,0.3508771929824561,0.6732443141943141,0.5190311418685121,0.8274574865201161,150,416,139,1995,False
0.4666496515274048,0.615442362116625,0.352803738317757,0.6749744180005425,0.5224913494809689,0.8274574865201161,151,416,138,1995,False
0.46640002727508545,0.6151130478603136,0.352392065344224,0.6747670351718407,0.5224913494809689,0.8270427208627126,151,417,138,1994,False
0.46614181995391846,0.6147841590377918,0.351981351981352,0.674559652343139,0.5224913494809689,0.826627955205309,151,418,138,1993,False
0.465786874294281,0.614455693937451,0.35157159487776485,0.6743522695144372,0.5224913494809689,0.8262131895479055,151,419,138,1992,False
0.46576088666915894,0.6141276508554452,0.3511627906976744,0.6741448866857354,0.5224913494809689,0.8257984238905018,151,420,138,1991,False
0.4657169580459595,0.6138000280956449,0.3507549361207898,0.6739375038570337,0.5224913494809689,0.8253836582330983,151,421,138,1990,False
0.465396523475647,0.6134728239695932,0.3503480278422274,0.6737301210283317,0.5224913494809689,0.8249688925756947,151,422,138,1989,False
0.46530061960220337,0.61314603679646,0.3499420625724218,0.67352273819963,0.5224913494809689,0.8245541269182912,151,423,138,1988,False
0.4652378559112549,0.6128196649029982,0.34953703703703703,0.6733153553709282,0.5224913494809689,0.8241393612608876,151,424,138,1987,False
0.46520036458969116,0.6138702831541447,0.3514450867052023,0.6750454591771566,0.5259515570934256,0.8241393612608876,152,424,137,1987,False
0.46507328748703003,0.6149187407231582,0.3533487297921478,0.6767755629833849,0.5294117647058824,0.8241393612608876,153,424,136,1987,False
0.4649584889411926,0.6145910382683848,0.35294117647058826,0.6765681801546832,0.5294117647058824,0.823724595603484,153,425,136,1986,False
0.46488088369369507,0.6139368762284317,0.3521288837744534,0.6761534144972796,0.5294117647058824,0.8228950642886769,153,427,136,1984,False
0.46475857496261597,0.6136104133363781,0.35172413793103446,0.6759460316685779,0.5294117647058824,0.8224802986312734,153,428,136,1983,False
0.46435821056365967,0.6132843603373489,0.3513203214695752,0.675738648839876,0.5294117647058824,0.8220655329738698,153,429,136,1982,False
0.46433377265930176,0.6129587155963303,0.35091743119266056,0.6755312660111743,0.5294117647058824,0.8216507673164662,153,430,136,1981,False
0.4640659689903259,0.6126334774856018,0.35051546391752575,0.6753238831824725,0.5294117647058824,0.8212360016590626,153,431,136,1980,False
0.4638948440551758,0.6123086443846941,0.3501144164759725,0.6751165003537707,0.5294117647058824,0.820821236001659,153,432,136,1979,False
0.4638676047325134,0.6133480662983426,0.352,0.676846604159999,0.532871972318339,0.820821236001659,154,432,135,1979,False
0.4636770486831665,0.6143853784382836,0.3538812785388128,0.6785767079662275,0.5363321799307958,0.820821236001659,155,432,134,1979,False
0.4635266065597534,0.6140592451453625,0.35347776510832385,0.6783693251375257,0.5363321799307958,0.8204064703442555,155,433,134,1978,False
0.4634934663772583,0.6137335164253928,0.3530751708428246,0.6781619423088239,0.5363321799307958,0.8199917046868519,155,434,134,1977,False
0.46271562576293945,0.6134081906733311,0.35267349260523323,0.6779545594801222,0.5363321799307958,0.8195769390294484,155,435,134,1976,False
0.4625778794288635,0.6130832662912309,0.3522727272727273,0.6777471766514203,0.5363321799307958,0.8191621733720448,155,436,134,1975,False
0.4624062776565552,0.6127587416882031,0.3518728717366629,0.6775397938227186,0.5363321799307958,0.8187474077146413,155,437,134,1974,False
0.46236181259155273,0.613789739003171,0.35374149659863946,0.679269897628947,0.5397923875432526,0.8187474077146413,156,437,133,1974,False
0.4620743989944458,0.6134647741976893,0.35334088335220837,0.6790625148002452,0.5397923875432526,0.8183326420572377,156,438,133,1973,False
0.46203041076660156,0.6131402073672694,0.35294117647058826,0.6788551319715433,0.5397923875432526,0.817917876399834,156,439,133,1972,False
0.4619373083114624,0.6141674643842558,0.35480225988700564,0.6805852357777717,0.5432525951557093,0.817917876399834,157,439,132,1972,False
0.46183741092681885,0.6138424625269165,0.3544018058690745,0.6803778529490699,0.5432525951557093,0.8175031107424305,157,440,132,1971,False
0.4615750312805176,0.6135178568439765,0.35400225479143177,0.6801704701203681,0.5432525951557093,0.8170883450850269,157,441,132,1970,False
0.46139127016067505,0.6155629072191735,0.3577052868391451,0.6836306777328249,0.5501730103806228,0.8170883450850269,159,441,130,1970,False
0.46139073371887207,0.615237051246917,0.35730337078651686,0.6834232949041231,0.5501730103806228,0.8166735794276234,159,442,130,1969,False
0.4613826274871826,0.6145865248029413,0.35650224215246634,0.6830085292467196,0.5501730103806228,0.8158440481128163,159,444,130,1967,False
0.46065157651901245,0.6156035491388163,0.3583426651735722,0.6847386330529479,0.5536332179930796,0.8158440481128163,160,444,129,1967,False
0.4605894684791565,0.6152780632534697,0.3579418344519016,0.6845312502242462,0.5536332179930796,0.8154292824554127,160,445,129,1966,False
0.46058863401412964,0.6091666542580965,0.35049288061336253,0.6805909764789122,0.5536332179930796,0.8075487349647449,160,464,129,1947,False
0.4605709910392761,0.6031868009421312,0.34334763948497854,0.6766507027335784,0.5536332179930796,0.7996681874740772,160,483,129,1928,False
0.46047621965408325,0.6028755352758385,0.3429796355841372,0.6764433199048766,0.5536332179930796,0.7992534218166736,160,484,129,1927,False
0.4603567123413086,0.6025646066257452,0.3426124197002141,0.6762359370761748,0.5536332179930796,0.79883865615927,160,485,129,1926,False
0.46028798818588257,0.6022540136893605,0.3422459893048128,0.6760285542474731,0.5536332179930796,0.7984238905018665,160,486,129,1925,False
0.4602484107017517,0.6019437551695617,0.3418803418803419,0.6758211714187712,0.5536332179930796,0.7980091248444628,160,487,129,1924,False
0.4600871205329895,0.6016338297745653,0.3415154749199573,0.6756137885900695,0.5536332179930796,0.7975943591870593,160,488,129,1923,False
0.4599021077156067,0.6013242362178988,0.3411513859275053,0.6754064057613677,0.5536332179930796,0.7971795935296557,160,489,129,1922,False
0.4598836898803711,0.6023041009301057,0.34291799787007454,0.6771365095675961,0.5570934256055363,0.7971795935296557,161,489,128,1922,False
0.4592287540435791,0.6019940845339184,0.3425531914893617,0.6769291267388943,0.5570934256055363,0.7967648278722522,161,490,128,1921,False
0.45907217264175415,0.6029713633652127,0.3443145589798087,0.6786592305451227,0.5605536332179931,0.7967648278722522,162,490,127,1921,False
0.45896798372268677,0.6026609287532897,0.34394904458598724,0.6784518477164209,0.5605536332179931,0.7963500622148486,162,491,127,1920,False
0.4583631753921509,0.6023508244564355,0.34358430540827145,0.6782444648877191,0.5605536332179931,0.795935296557445,162,492,127,1919,False
0.458318829536438,0.6033247877552262,0.3453389830508475,0.6799745686939473,0.5640138408304498,0.795935296557445,163,492,126,1919,False
0.45827651023864746,0.6042969376302709,0.3470899470899471,0.6817046725001759,0.5674740484429066,0.795935296557445,164,492,125,1919,False
0.45824795961380005,0.6039856802589021,0.346723044397463,0.681497289671474,0.5674740484429066,0.7955205309000415,164,493,125,1918,False
0.457949697971344,0.6036747529221665,0.34635691657866946,0.6812899068427722,0.5674740484429066,0.7951057652426379,164,494,125,1917,False
0.45793312788009644,0.6033641543553174,0.3459915611814346,0.6810825240140705,0.5674740484429066,0.7946909995852344,164,495,125,1916,False
0.45788806676864624,0.6030538832987413,0.34562697576396206,0.6808751411853686,0.5674740484429066,0.7942762339278308,164,496,125,1915,False
0.4578462243080139,0.6027439384979303,0.3452631578947368,0.6806677583566669,0.5674740484429066,0.7938614682704273,164,497,125,1914,False
0.4577251672744751,0.6024343187034552,0.3449001051524711,0.6804603755279651,0.5674740484429066,0.7934467026130236,164,498,125,1913,False
0.4576261639595032,0.6021250226709389,0.3445378151260504,0.6802529926992633,0.5674740484429066,0.79303193695562,164,499,125,1912,False
0.45743536949157715,0.6018160491610294,0.3441762854144806,0.6800456098705616,0.5674740484429066,0.7926171712982165,164,500,125,1911,False
0.4572218656539917,0.6015073969393732,0.3438155136268344,0.6798382270418597,0.5674740484429066,0.7922024056408129,164,501,125,1910,False
0.45695286989212036,0.6011990647765888,0.34345549738219894,0.679630844213158,0.5674740484429066,0.7917876399834094,164,502,125,1909,False
0.4566187858581543,0.6008910514482411,0.34309623430962344,0.6794234613844562,0.5674740484429066,0.7913728743260058,164,503,125,1908,False
0.45618700981140137,0.6005833557348144,0.34273772204806685,0.6792160785557544,0.5674740484429066,0.7909581086686023,164,504,125,1907,False
0.45586931705474854,0.6002759764216875,0.34237995824634654,0.6790086957270527,0.5674740484429066,0.7905433430111987,164,505,125,1906,False
0.4554447531700134,0.599968912299107,0.3420229405630866,0.6788013128983509,0.5674740484429066,0.7901285773537952,164,506,125,1905,False
0.455250084400177,0.6009290540540541,0.34375,0.6805314167045793,0.5709342560553633,0.7901285773537952,165,506,124,1905,False
0.45506495237350464,0.6003144268128495,0.34303534303534305,0.6801166510471757,0.5709342560553633,0.7892990460389879,165,508,124,1903,False
0.45448702573776245,0.600007582794639,0.3426791277258567,0.6799092682184739,0.5709342560553633,0.7888842803815844,165,509,124,1902,False
0.45443665981292725,0.5997010502527416,0.34232365145228216,0.679701885389772,0.5709342560553633,0.7884695147241808,165,510,124,1901,False
0.4543941020965576,0.6006565765723666,0.34404145077720205,0.6814319891960005,0.5743944636678201,0.7884695147241808,166,510,123,1901,False
0.4542980194091797,0.594876723223754,0.33739837398373984,0.6774917154506666,0.5743944636678201,0.7805889672335131,166,529,123,1882,False
0.45422857999801636,0.595817212893286,0.33908629441624366,0.679221819256895,0.5778546712802768,0.7805889672335131,167,529,122,1882,False
0.4540560841560364,0.5955152837504859,0.33874239350912777,0.6790144364281931,0.5778546712802768,0.7801742015761095,167,530,122,1881,False
0.4539026618003845,0.5952136441310111,0.3383991894630192,0.6788070535994913,0.5778546712802768,0.7797594359187059,167,531,122,1880,False
0.45346522331237793,0.5949122929368194,0.33805668016194335,0.6785996707707895,0.5778546712802768,0.7793446702613024,167,532,122,1879,False
0.45329123735427856,0.5946112290741112,0.33771486349848334,0.6783922879420878,0.5778546712802768,0.7789299046038988,167,533,122,1878,False
0.45305395126342773,0.5943104514533086,0.3373737373737374,0.678184905113386,0.5778546712802768,0.7785151389464953,167,534,122,1877,False
0.45299404859542847,0.5940099589890324,0.33703329969727547,0.6779775222846842,0.5778546712802768,0.7781003732890917,167,535,122,1876,False
0.45241886377334595,0.5937097506000819,0.33669354838709675,0.6777701394559825,0.5778546712802768,0.7776856076316881,167,536,122,1875,False
0.45199286937713623,0.5946437862861679,0.338368580060423,0.6795002432622108,0.5813148788927336,0.7776856076316881,168,536,121,1875,False
0.45165276527404785,0.5955761806426394,0.34004024144869216,0.6812303470684392,0.5847750865051903,0.7776856076316881,169,536,120,1875,False
0.45120948553085327,0.5952748988985792,0.33969849246231154,0.6810229642397374,0.5847750865051903,0.7772708419742845,169,537,120,1874,False
0.45113295316696167,0.5949739010538064,0.3393574297188755,0.6808155814110356,0.5847750865051903,0.7768560763168809,169,538,120,1873,False
0.45112234354019165,0.5946731860355083,0.33901705115346037,0.6806081985823338,0.5847750865051903,0.7764413106594774,169,539,120,1872,False
0.4508664011955261,0.5943727527749729,0.33867735470941884,0.6804008157536321,0.5847750865051903,0.7760265450020738,169,540,120,1871,False
0.45085328817367554,0.5940726002075695,0.3383383383383383,0.6801934329249303,0.5847750865051903,0.7756117793446703,169,541,120,1870,False
0.45078110694885254,0.5937727272727272,0.338,0.6799860500962285,0.5847750865051903,0.7751970136872667,169,542,120,1869,False
0.450641930103302,0.5934731329139149,0.33766233766233766,0.6797786672675268,0.5847750865051903,0.7747822480298632,169,543,120,1868,False
0.45052504539489746,0.5931738160786204,0.3373253493013972,0.6795712844388249,0.5847750865051903,0.7743674823724596,169,544,120,1867,False
0.4504299759864807,0.5940992124830875,0.3389830508474576,0.6813013882450534,0.5882352941176471,0.7743674823724596,170,544,119,1867,False
0.4502837061882019,0.5937995062516087,0.3386454183266932,0.6810940054163515,0.5882352941176471,0.7739527167150559,170,545,119,1866,False
0.4501382112503052,0.5935000764097601,0.3383084577114428,0.6808866225876498,0.5882352941176471,0.7735379510576524,170,546,119,1865,False
0.45009511709213257,0.5929020417288405,0.33763654419066536,0.6804718569302461,0.5882352941176471,0.7727084197428453,170,548,119,1863,False
0.4500707983970642,0.5926034348165496,0.3373015873015873,0.6802644741015444,0.5882352941176471,0.7722936540854417,170,549,119,1862,False
0.45005297660827637,0.5923051001474093,0.33696729435084244,0.6800570912728426,0.5882352941176471,0.7718788884280382,170,550,119,1861,False
0.45000654458999634,0.5920070366945579,0.33663366336633666,0.6798497084441408,0.5882352941176471,0.7714641227706346,170,551,119,1860,False
0.449987530708313,0.591709243434997,0.3363006923837784,0.679642325615439,0.5882352941176471,0.771049357113231,170,552,119,1859,False
0.44996434450149536,0.5914117193495736,0.3359683794466403,0.6794349427867372,0.5882352941176471,0.7706345914558275,170,553,119,1858,False
0.44984889030456543,0.5911144634229599,0.33563672260612043,0.6792275599580355,0.5882352941176471,0.7702198257984239,170,554,119,1857,False
0.44982028007507324,0.5908174746436348,0.33530571992110453,0.6790201771293337,0.5882352941176471,0.7698050601410203,170,555,119,1856,False
0.4498133659362793,0.5902242944996839,0.3346456692913386,0.6786054114719302,0.5882352941176471,0.7689755288262132,170,557,119,1854,False
0.4495440721511841,0.5899281011308777,0.3343166175024582,0.6783980286432283,0.5882352941176471,0.7685607631688096,170,558,119,1853,False
0.4493340849876404,0.5896321709009621,0.33398821218074654,0.6781906458145266,0.5882352941176471,0.7681459975114061,170,559,119,1852,False
0.44915342330932617,0.589041095890411,0.3333333333333333,0.677775880157123,0.5882352941176471,0.7673164661965989,170,561,119,1850,False
0.44900351762771606,0.5884510615700813,0.33268101761252444,0.6773611144997194,0.5882352941176471,0.7664869348817918,170,563,119,1848,False
0.44884824752807617,0.5893624163097289,0.3343108504398827,0.6790912183059478,0.5916955017301038,0.7664869348817918,171,563,118,1848,False
0.4482339024543762,0.5890671417961608,0.333984375,0.678883835477246,0.5916955017301038,0.7660721692243883,171,564,118,1847,False
0.4481858015060425,0.5899763066202091,0.335609756097561,0.6806139392834745,0.5951557093425606,0.7660721692243883,172,564,117,1847,False
0.4481555223464966,0.590883931364763,0.33723196881091616,0.6823440430897028,0.5986159169550173,0.7660721692243883,173,564,116,1847,False
0.44778621196746826,0.5917900206877157,0.3388510223953262,0.6840741468959312,0.6020761245674741,0.7660721692243883,174,564,115,1847,False
0.4477359652519226,0.5914930883122524,0.33852140077821014,0.6838667640672293,0.6020761245674741,0.7656574035669846,174,565,115,1846,False
0.4472861886024475,0.5923970137128289,0.3401360544217687,0.6855968678734576,0.6055363321799307,0.7656574035669846,175,565,114,1846,False
0.4472140073776245,0.5867917181185451,0.33396946564885494,0.6816565941281238,0.6055363321799307,0.7577768560763168,175,584,114,1827,False
0.4464607238769531,0.5864991863851685,0.3336510962821735,0.681449211299422,0.6055363321799307,0.7573620904189133,175,585,114,1826,False
0.4463813900947571,0.5862068965517241,0.3333333333333333,0.6812418284707202,0.6055363321799307,0.7569473247615097,175,586,114,1825,False
0.44633495807647705,0.5870962604131138,0.33491912464319695,0.6829719322769486,0.6089965397923875,0.7569473247615097,176,586,113,1825,False
0.4457142949104309,0.5879841612419153,0.3365019011406844,0.684702036083177,0.6124567474048442,0.7569473247615097,177,586,112,1825,False
0.4455147385597229,0.5897555910863967,0.3396584440227704,0.6881622436956338,0.6193771626297578,0.7569473247615097,179,586,110,1825,False
0.44528770446777344,0.5894611118079832,0.33933649289099527,0.687954860866932,0.6193771626297578,0.7565325591041062,179,587,110,1824,False
0.4451061487197876,0.5891668759417379,0.3390151515151515,0.6877474780382302,0.6193771626297578,0.7561177934467026,179,588,110,1823,False
0.4449997544288635,0.5836214544965721,0.3330232558139535,0.6838072042928963,0.6193771626297578,0.7482372459560348,179,607,110,1804,False
0.4449096918106079,0.5844925358249452,0.3345724907063197,0.6855373080991247,0.6228373702422145,0.7482372459560348,180,607,109,1804,False
0.44489574432373047,0.5842023973602362,0.3342618384401114,0.6853299252704229,0.6228373702422145,0.7478224802986313,180,608,109,1803,False
0.44437217712402344,0.5850715028344433,0.3358070500927644,0.6870600290766513,0.6262975778546713,0.7478224802986313,181,608,108,1803,False
0.44414985179901123,0.584781008927026,0.33549582947173306,0.6868526462479495,0.6262975778546713,0.7474077146412277,181,609,108,1802,False
0.44414132833480835,0.5844907407407407,0.3351851851851852,0.6866452634192477,0.6262975778546713,0.7469929489838242,181,610,108,1801,False
0.4439506530761719,0.584200697432488,0.3348751156336725,0.686437880590546,0.6262975778546713,0.7465781833264206,181,611,108,1800,False
0.44394540786743164,0.5839108781620848,0.3345656192236599,0.6862304977618442,0.6262975778546713,0.7461634176690171,181,612,108,1799,False
0.4437490701675415,0.5836212820922501,0.33425669436749766,0.6860231149331424,0.6262975778546713,0.7457486520116134,181,613,108,1798,False
0.4436991810798645,0.5833319083885927,0.3339483394833948,0.6858157321044406,0.6262975778546713,0.7453338863542098,181,614,108,1797,False
0.4436379075050354,0.5841961649160842,0.33548387096774196,0.687545835910669,0.629757785467128,0.7453338863542098,182,614,107,1797,False
0.4435749053955078,0.5839064385003727,0.3351749539594843,0.6873384530819672,0.629757785467128,0.7449191206968063,182,615,107,1796,False
0.4435380697250366,0.5836169335512691,0.33486660533578655,0.6871310702532654,0.629757785467128,0.7445043550394027,182,616,107,1795,False
0.4433802366256714,0.5833276492415148,0.33455882352941174,0.6869236874245637,0.629757785467128,0.7440895893819992,182,617,107,1794,False
0.44262778759002686,0.5830385847466888,0.3342516069788797,0.6867163045958617,0.629757785467128,0.7436748237245956,182,618,107,1793,False
0.44239479303359985,0.5827497392451947,0.3339449541284404,0.68650892176716,0.629757785467128,0.7432600580671921,182,619,107,1792,False
0.4421262741088867,0.5836097746089813,0.3354720439963336,0.6882390255733885,0.6332179930795848,0.7432600580671921,183,619,106,1792,False
0.4416736960411072,0.5833205791423062,0.33516483516483514,0.6880316427446866,0.6332179930795848,0.7428452924097885,183,620,106,1791,False
0.441644549369812,0.5841786950369736,0.3366880146386093,0.6897617465509149,0.6366782006920415,0.7428452924097885,184,620,105,1791,False
0.4414020776748657,0.578713894555997,0.33093525179856115,0.6858214728055811,0.6366782006920415,0.7349647449191207,184,639,105,1772,False
0.44139862060546875,0.5795600942358802,0.33243486073674755,0.6875515766118094,0.6401384083044983,0.7349647449191207,185,639,104,1772,False
0.4408925175666809,0.5792740089020996,0.33213644524236985,0.6873441937831077,0.6401384083044983,0.7345499792617172,185,640,104,1771,False
0.44086742401123047,0.5789881273186787,0.33183856502242154,0.6871368109544059,0.6401384083044983,0.7341352136043136,185,641,104,1770,False
0.4403398036956787,0.5787024487214241,0.33154121863799285,0.6869294281257041,0.6401384083044983,0.73372044794691,185,642,104,1769,False
0.44032829999923706,0.5784169723486767,0.3312444046553268,0.6867220452970024,0.6401384083044983,0.7333056822895064,185,643,104,1768,False
0.44028323888778687,0.5781316974413007,0.33094812164579607,0.6865146624683005,0.6401384083044983,0.7328909166321028,185,644,104,1767,False
0.44025343656539917,0.5778466232426714,0.33065236818588023,0.6863072796395988,0.6401384083044983,0.7324761509746993,185,645,104,1766,False
0.4399976134300232,0.5775617489986649,0.33035714285714285,0.686099896810897,0.6401384083044983,0.7320613853172957,185,646,104,1765,False
0.43935626745224,0.5772770739576452,0.33006244424620873,0.6858925139821952,0.6401384083044983,0.7316466196598922,185,647,104,1764,False
0.43915462493896484,0.5769925973704539,0.32976827094474154,0.6856851311534935,0.6401384083044983,0.7312318540024886,185,648,104,1763,False
0.4391399025917053,0.5778325991849798,0.3312555654496883,0.6874152349597218,0.643598615916955,0.7312318540024886,186,648,103,1763,False
0.43902915716171265,0.5775477797123064,0.3309608540925267,0.6872078521310201,0.643598615916955,0.7308170883450851,186,649,103,1762,False
0.43879997730255127,0.5721729287010371,0.32545931758530183,0.6832675783856861,0.643598615916955,0.7229365408544173,186,668,103,1743,False
0.4387788772583008,0.571891923865608,0.32517482517482516,0.6830601955569844,0.643598615916955,0.7225217751970137,186,669,103,1742,False
0.4384641647338867,0.5716111022737186,0.32489082969432315,0.6828528127282826,0.643598615916955,0.7221070095396102,186,670,103,1741,False
0.43823856115341187,0.5713304632289413,0.32460732984293195,0.6826454298995808,0.643598615916955,0.7216922438822065,186,671,103,1740,False
0.43803197145462036,0.571050006037074,0.32432432432432434,0.6824380470708791,0.643598615916955,0.721277478224803,186,672,103,1739,False
0.4377731680870056,0.5707697300061295,0.3240418118466899,0.6822306642421772,0.643598615916955,0.7208627125673994,186,673,103,1738,False
0.4375714659690857,0.5704896344463259,0.3237597911227154,0.6820232814134755,0.643598615916955,0.7204479469099958,186,674,103,1737,False
0.43712443113327026,0.5702097186700767,0.3234782608695652,0.6818158985847736,0.643598615916955,0.7200331812525923,186,675,103,1736,False
0.43690675497055054,0.569929981991981,0.32319721980886185,0.6816085157560718,0.643598615916955,0.7196184155951887,186,676,103,1735,False
0.43678921461105347,0.5696504237288136,0.3229166666666667,0.6814011329273701,0.643598615916955,0.7192036499377852,186,677,103,1734,False
0.4367121458053589,0.5693710431995158,0.3226366001734605,0.6811937500986682,0.643598615916955,0.7187888842803816,186,678,103,1733,False
0.4366927146911621,0.5690918397251853,0.3223570190641248,0.6809863672699665,0.643598615916955,0.7183741186229781,186,679,103,1732,False
0.4364240765571594,0.568812812629067,0.3220779220779221,0.6807789844412647,0.643598615916955,0.7179593529655744,186,680,103,1731,False
0.4357098340988159,0.5685339612365432,0.3217993079584775,0.6805716016125629,0.643598615916955,0.7175445873081708,186,681,103,1730,False
0.43564897775650024,0.568255284875124,0.32152117545375974,0.6803642187838612,0.643598615916955,0.7171298216507673,186,682,103,1729,False
0.4355195164680481,0.5679767828744384,0.32124352331606215,0.6801568359551593,0.643598615916955,0.7167150559933637,186,683,103,1728,False
0.43471473455429077,0.5687970607807957,0.32269197584124243,0.6818869397613878,0.6470588235294118,0.7167150559933637,187,683,102,1728,False
0.43446964025497437,0.568239547501879,0.32213608957795004,0.6814721741039842,0.6470588235294118,0.7158855246785566,187,685,102,1726,False
0.4342902898788452,0.5679610507018298,0.3218588640275387,0.6812647912752825,0.6470588235294118,0.7154707590211531,187,686,102,1725,False
0.43422460556030273,0.5627016125390581,0.31668077900084673,0.6773245175299485,0.6470588235294118,0.7075902115304853,187,705,102,1706,False
0.43408387899398804,0.5575,0.31166666666666665,0.6733842437846147,0.6470588235294118,0.6997096640398175,187,724,102,1687,False
0.4340277314186096,0.5572277527717138,0.31140716069941715,0.6731768609559129,0.6470588235294118,0.699294898382414,187,725,102,1686,False
0.43395644426345825,0.5569556535518458,0.31114808652246256,0.6729694781272111,0.6470588235294118,0.6988801327250104,187,726,102,1685,False
0.4339413046836853,0.556683701753479,0.3108894430590191,0.6727620952985093,0.6470588235294118,0.6984653670676068,187,727,102,1684,False
0.4337620735168457,0.5574807837871221,0.3122923588039867,0.6744921991047377,0.6505190311418685,0.6984653670676068,188,727,101,1684,False
0.4336472153663635,0.5523318033908776,0.30744071954210955,0.6705519253594038,0.6505190311418685,0.6905848195769391,188,746,101,1665,False
0.4335893392562866,0.5520622041920216,0.30718954248366015,0.670344542530702,0.6505190311418685,0.6901700539195355,188,747,101,1664,False
0.4334601163864136,0.5517927410485153,0.3069387755102041,0.6701371597020003,0.6505190311418685,0.689755288262132,188,748,101,1663,False
0.4333409070968628,0.5515234134090397,0.3066884176182708,0.6699297768732984,0.6505190311418685,0.6893405226047283,188,749,101,1662,False
0.4333268404006958,0.5512542207238641,0.306438467807661,0.6697223940445967,0.6505190311418685,0.6889257569473247,188,750,101,1661,False
0.43290066719055176,0.5509851624448394,0.30618892508143325,0.6695150112158949,0.6505190311418685,0.6885109912899212,188,751,101,1660,False
0.4328010082244873,0.5507162380253909,0.305939788445891,0.669307628387193,0.6505190311418685,0.6880962256325176,188,752,101,1659,False
0.43270450830459595,0.5504474469205123,0.3056910569105691,0.6691002455584913,0.6505190311418685,0.6876814599751141,188,753,101,1658,False
0.43269360065460205,0.5501787885867586,0.30544272948822093,0.6688928627297894,0.6505190311418685,0.6872666943177105,188,754,101,1657,False
0.4325717091560364,0.5499102624822394,0.3051948051948052,0.6686854799010877,0.6505190311418685,0.686851928660307,188,755,101,1656,False
0.4324665665626526,0.5496418680666131,0.30494728304947283,0.6684780970723859,0.6505190311418685,0.6864371630029034,188,756,101,1655,False
0.43207257986068726,0.5493736048010793,0.3047001620745543,0.6682707142436841,0.6505190311418685,0.6860223973454997,188,757,101,1654,False
0.43201953172683716,0.5501552847859792,0.3060728744939271,0.6700008180499125,0.6539792387543253,0.6860223973454997,189,757,100,1654,False
0.4319303631782532,0.5509358999468398,0.3074433656957929,0.6717309218561409,0.657439446366782,0.6860223973454997,190,757,99,1654,False
0.4310606122016907,0.5506668341867602,0.30719482619240096,0.6715235390274391,0.657439446366782,0.6856076316880962,190,758,99,1653,False
0.43085944652557373,0.550397899605555,0.3069466882067851,0.6713161561987373,0.657439446366782,0.6851928660306926,190,759,99,1652,False
0.43068331480026245,0.5501290956669593,0.30669895076674736,0.6711087733700356,0.657439446366782,0.6847781003732891,190,760,99,1651,False
0.43013572692871094,0.5498604218362283,0.3064516129032258,0.6709013905413337,0.657439446366782,0.6843633347158855,190,761,99,1650,False
0.42936861515045166,0.5495918775801302,0.30620467365028203,0.670694007712632,0.657439446366782,0.683948569058482,190,762,99,1649,False
0.42898029088974,0.5445134575569358,0.30158730158730157,0.6667537339672981,0.657439446366782,0.6760680215678142,190,781,99,1630,False
0.4287418723106384,0.5442473950903947,0.3013481363996828,0.6665463511385963,0.657439446366782,0.6756532559104106,190,782,99,1629,False
0.4285825490951538,0.5439814513392554,0.3011093502377179,0.6663389683098946,0.657439446366782,0.6752384902530071,190,783,99,1628,False
0.4285276532173157,0.5437156258020287,0.3008709422011085,0.6661315854811927,0.657439446366782,0.6748237245956035,190,784,99,1627,False
0.42845606803894043,0.543449917978601,0.30063291139240506,0.665924202652491,0.657439446366782,0.6744089589382,190,785,99,1626,False
0.4282570481300354,0.5442166791727803,0.3019762845849802,0.6676543064587194,0.6608996539792388,0.6744089589382,191,785,98,1626,False
0.42813920974731445,0.5439506393633193,0.30173775671406006,0.6674469236300176,0.6608996539792388,0.6739941932807963,191,786,98,1625,False
0.428064227104187,0.5436847167894807,0.3014996053670087,0.6672395408013158,0.6608996539792388,0.6735794276233927,191,787,98,1624,False
0.4279896020889282,0.5434189109542815,0.30126182965299686,0.667032157972614,0.6608996539792388,0.6731646619659892,191,788,98,1623,False
0.4278908371925354,0.5431532213620935,0.30102442868400314,0.6668247751439123,0.6608996539792388,0.6727498963085856,191,789,98,1622,False
0.4276067018508911,0.5428876475186365,0.30078740157480316,0.6666173923152104,0.6608996539792388,0.6723351306511821,191,790,98,1621,False
0.4276047348976135,0.5423568451075033,0.300314465408805,0.6662026266578069,0.6608996539792388,0.671505599336375,191,792,98,1619,False
0.42747366428375244,0.5431194682727564,0.3016496465043205,0.6679327304640352,0.6643598615916955,0.671505599336375,192,792,97,1619,False
0.427431583404541,0.5428537946369121,0.30141287284144425,0.6677253476353334,0.6643598615916955,0.6710908336789714,192,793,97,1618,False
0.42734116315841675,0.5425882352941176,0.30117647058823527,0.6675179648066316,0.6643598615916955,0.6706760680215678,192,794,97,1617,False
0.4272477626800537,0.5423227897558143,0.30094043887147337,0.6673105819779299,0.6643598615916955,0.6702613023641643,192,795,97,1616,False
0.4271804094314575,0.5420574575347608,0.3007047768206735,0.667103199149228,0.6643598615916955,0.6698465367067606,192,796,97,1615,False
0.42716342210769653,0.5417922381450273,0.3004694835680751,0.6668958163205263,0.6643598615916955,0.6694317710493571,192,797,97,1614,False
0.427021324634552,0.5415271311019911,0.30023455824863177,0.6666884334918245,0.6643598615916955,0.6690170053919535,192,798,97,1613,False
0.42692649364471436,0.5412621359223301,0.3,0.6664810506631227,0.6643598615916955,0.66860223973455,192,799,97,1612,False
0.4268644452095032,0.5409972521240177,0.2997658079625293,0.666273667834421,0.6643598615916955,0.6681874740771464,192,800,97,1611,False
0.4267899990081787,0.5417553467558809,0.30109204368174725,0.6680037716406493,0.6678200692041523,0.6681874740771464,193,800,96,1611,False
0.42665642499923706,0.5414901352887131,0.3008573655494934,0.6677963888119476,0.6678200692041523,0.6677727084197429,193,801,96,1610,False
0.42658162117004395,0.5412250347401978,0.30062305295950154,0.6675890059832458,0.6678200692041523,0.6673579427623393,193,802,96,1609,False
0.4261820316314697,0.53620856921121,0.29623944742901,0.6636487322379119,0.6678200692041523,0.6594773952716715,193,821,96,1590,False
0.4261021018028259,0.5312287845410858,0.291981845688351,0.659708458492578,0.6678200692041523,0.6515968477810037,193,840,96,1571,False
0.4257082939147949,0.5309676482807988,0.29176114890400606,0.6595010756638762,0.6678200692041523,0.6511820821236002,193,841,96,1570,False
0.42567288875579834,0.5307066047217668,0.29154078549848944,0.6592936928351745,0.6678200692041523,0.6507673164661966,193,842,96,1569,False
0.4256606698036194,0.5304456534321103,0.29132075471698116,0.6590863100064727,0.6678200692041523,0.6503525508087931,193,843,96,1568,False
0.4255208373069763,0.5301847939810341,0.2911010558069382,0.6588789271777709,0.6678200692041523,0.6499377851513894,193,844,96,1567,False
0.4254419207572937,0.5252453485760386,0.2869888475836431,0.654938653432437,0.6678200692041523,0.6420572376607216,193,863,96,1548,False
0.42537736892700195,0.5249862370626557,0.2867756315007429,0.6547312706037351,0.6678200692041523,0.6416424720033181,193,864,96,1547,False
0.42517203092575073,0.5257163298983348,0.28804751299183373,0.6564613744099635,0.671280276816609,0.6416424720033181,194,864,95,1547,False
0.4251450300216675,0.5264455256736608,0.2893175074183976,0.658191478216192,0.6747404844290658,0.6416424720033181,195,864,94,1547,False
0.4249957799911499,0.5215224217324846,0.2852962692026335,0.654251204470858,0.6747404844290658,0.6337619245126503,195,883,94,1528,False
0.4249151349067688,0.5212640977443609,0.2850877192982456,0.6540438216421562,0.6747404844290658,0.6333471588552468,195,884,94,1527,False
0.42473524808883667,0.5210058496614713,0.28487947406866326,0.6538364388134545,0.6747404844290658,0.6329323931978432,195,885,94,1526,False
0.42461705207824707,0.5161130441528441,0.28097982708933716,0.6498961650681205,0.6747404844290658,0.6250518457071754,195,904,94,1507,False
0.4244544506072998,0.5158562333711882,0.28077753779697623,0.6496887822394188,0.6747404844290658,0.6246370800497719,195,905,94,1506,False
0.42439085245132446,0.515599490482427,0.2805755395683453,0.649481399410717,0.6747404844290658,0.6242223143923683,195,906,94,1505,False
0.424080491065979,0.5153428151145902,0.2803738317757009,0.6492740165820152,0.6747404844290658,0.6238075487349647,195,907,94,1504,False
0.42366981506347656,0.5150862068965517,0.2801724137931034,0.6490666337533135,0.6747404844290658,0.6233927830775612,195,908,94,1503,False
0.4233076572418213,0.5145731904295636,0.2797704447632712,0.6486518680959099,0.6747404844290658,0.6225632517627541,195,910,94,1501,False
0.42325353622436523,0.5143167814425517,0.27956989247311825,0.6484444852672081,0.6747404844290658,0.6221484861053505,195,911,94,1500,False
0.42313557863235474,0.5094570743003624,0.2758132956152758,0.6445042115218742,0.6747404844290658,0.6142679386146827,195,930,94,1481,False
0.4229448437690735,0.509201909989315,0.2756183745583039,0.6442968286931725,0.6747404844290658,0.6138531729572791,195,931,94,1480,False
0.42290210723876953,0.5089468041658158,0.2754237288135593,0.6440894458644706,0.6747404844290658,0.6134384072998755,195,932,94,1479,False
0.42280733585357666,0.5086917564787964,0.27522935779816515,0.6438820630357689,0.6747404844290658,0.613023641642472,195,933,94,1478,False
0.4223446846008301,0.5081818341137316,0.2748414376321353,0.6434672973783653,0.6747404844290658,0.6121941103276649,195,935,94,1476,False
0.4223254323005676,0.5079269587373487,0.2746478873239437,0.6432599145496636,0.6747404844290658,0.6117793446702613,195,936,94,1475,False
0.422315776348114,0.5076721401007648,0.2744546094299789,0.6430525317209618,0.6747404844290658,0.6113645790128578,195,937,94,1474,False
0.4222719669342041,0.5074173778566928,0.2742616033755274,0.64284514889226,0.6747404844290658,0.6109498133554542,195,938,94,1473,False
0.4222515821456909,0.5071626716585935,0.27406886858749124,0.6426377660635582,0.6747404844290658,0.6105350476980506,195,939,94,1472,False
0.42215532064437866,0.507861777406009,0.2752808988764045,0.6443678698697866,0.6782006920415224,0.6105350476980506,196,939,93,1472,False
0.42191845178604126,0.5076067527308838,0.2750877192982456,0.6441604870410848,0.6782006920415224,0.610120282040647,196,940,93,1471,False
0.42187464237213135,0.5083046816932784,0.2762973352033661,0.6458905908473132,0.6816608996539792,0.610120282040647,197,940,92,1471,False
0.4218168258666992,0.5080493400530667,0.27610371408549406,0.6456832080186113,0.6816608996539792,0.6097055163832434,197,941,92,1470,False
0.42157983779907227,0.5077940541775623,0.2759103641456583,0.6454758251899095,0.6816608996539792,0.6092907507258399,197,942,92,1469,False
0.42141193151474,0.5075388237218081,0.27571728481455565,0.6452684423612078,0.6816608996539792,0.6088759850684363,197,943,92,1468,False
0.4212344288825989,0.5072836483415828,0.2755244755244755,0.645061059532506,0.6816608996539792,0.6084612194110328,197,944,92,1467,False
0.42104023694992065,0.5070285276933975,0.2753319357092942,0.6448536767038042,0.6816608996539792,0.6080464537536292,197,945,92,1466,False
0.4210267663002014,0.5077238015858714,0.276536312849162,0.6465837805100325,0.6851211072664359,0.6080464537536292,198,945,91,1466,False
0.42085134983062744,0.5072129840042031,0.27615062761506276,0.646169014852629,0.6851211072664359,0.6072169224388221,198,947,91,1464,False
0.42060136795043945,0.5069576564978404,0.2759581881533101,0.6459616320239272,0.6851211072664359,0.6068021567814185,198,948,91,1463,False
0.4199841618537903,0.5076510319898586,0.27715877437325903,0.6476917358301556,0.6885813148788927,0.6068021567814185,199,948,90,1463,False
0.41982513666152954,0.5073953906621637,0.27696590118302017,0.6474843530014538,0.6885813148788927,0.606387391124015,199,949,90,1462,False
0.4191035032272339,0.5071398030946285,0.2767732962447844,0.6472769701727521,0.6885813148788927,0.6059726254666113,199,950,90,1461,False
0.4190422296524048,0.5068842689467619,0.27658095899930507,0.6470695873440503,0.6885813148788927,0.6055578598092078,199,951,90,1460,False
0.4190143942832947,0.5066287878787878,0.2763888888888889,0.6468622045153485,0.6885813148788927,0.6051430941518042,199,952,90,1459,False
0.4189568758010864,0.5061179836269736,0.27600554785020803,0.6464474388579449,0.6885813148788927,0.6043135628369971,199,954,90,1457,False
0.4189158082008362,0.5012753526181871,0.2724161533196441,0.6425071651126111,0.6885813148788927,0.5964330153463293,199,973,90,1438,False
0.41873985528945923,0.5010209547577048,0.2722298221614227,0.6422997822839093,0.6885813148788927,0.5960182496889258,199,974,90,1437,False
0.418692946434021,0.5007666023534371,0.27204374572795625,0.6420923994552075,0.6885813148788927,0.5956034840315222,199,975,90,1436,False
0.4185734987258911,0.5014494202319072,0.273224043715847,0.6438225032614358,0.6920415224913494,0.5956034840315222,200,975,89,1436,False
0.4185205101966858,0.5009401370914773,0.2728512960436562,0.6434077376040322,0.6920415224913494,0.5947739527167151,200,977,89,1434,False
0.4183381199836731,0.4961105305932892,0.26936026936026936,0.6394674638586983,0.6920415224913494,0.5868934052260473,200,996,89,1415,False
0.41826462745666504,0.4958567478032063,0.2691790040376851,0.6392600810299967,0.6920415224913494,0.5864786395686438,200,997,89,1414,False
0.418224573135376,0.49104184170010956,0.26578073089701,0.6353198072846626,0.6920415224913494,0.578598092077976,200,1016,89,1395,False
0.4182089567184448,0.49170958692195776,0.26693227091633465,0.6370499110908912,0.6955017301038062,0.578598092077976,201,1016,88,1395,False
0.4180988669395447,0.49145617395386304,0.2667551426675514,0.6368425282621892,0.6955017301038062,0.5781833264205724,201,1017,88,1394,False
0.4180222749710083,0.4912027937331832,0.26657824933687,0.6366351454334875,0.6955017301038062,0.5777685607631688,201,1018,88,1393,False
0.41780316829681396,0.4909494459610878,0.2664015904572565,0.6364277626047857,0.6955017301038062,0.5773537951057652,201,1019,88,1392,False
0.41774189472198486,0.4906961303392976,0.2662251655629139,0.6362203797760839,0.6955017301038062,0.5769390294483617,201,1020,88,1391,False
0.4176691770553589,0.49044284657008286,0.26604897418927864,0.6360129969473822,0.6955017301038062,0.5765242637909581,201,1021,88,1390,False
0.41748327016830444,0.4911081716637272,0.2671957671957672,0.6377431007536105,0.698961937716263,0.5765242637909581,202,1021,87,1390,False
0.41743534803390503,0.49085457974970714,0.2670191672174488,0.6375357179249088,0.698961937716263,0.5761094981335545,202,1022,87,1389,False
0.4172174334526062,0.4915188554109152,0.26816380449141347,0.6392658217311371,0.7024221453287197,0.5761094981335545,203,1022,86,1389,False
0.4171081781387329,0.4921824228754922,0.2693069306930693,0.6409959255373655,0.7058823529411765,0.5761094981335545,204,1022,85,1389,False
0.4170767068862915,0.4919281865389162,0.2691292875989446,0.6407885427086637,0.7058823529411765,0.575694732476151,204,1023,85,1388,False
0.4170075058937073,0.4916739821044388,0.26895187870797627,0.640581159879962,0.7058823529411765,0.5752799668187474,204,1024,85,1387,False
0.4163856506347656,0.4923361699788015,0.27009222661396576,0.6423112636861903,0.7093425605536332,0.5752799668187474,205,1024,84,1387,False
0.4160611629486084,0.49208166115063356,0.26991441737985516,0.6421038808574886,0.7093425605536332,0.5748652011613439,205,1025,84,1386,False
0.41590607166290283,0.4927428106348345,0.2710526315789474,0.6438339846637169,0.71280276816609,0.5748652011613439,206,1025,83,1386,False
0.41546183824539185,0.4924879986454143,0.27087442472057854,0.6436266018350152,0.71280276816609,0.5744504355039403,206,1026,83,1385,False
0.4153807759284973,0.4922332182824505,0.2706964520367937,0.6434192190063134,0.71280276816609,0.5740356698465368,206,1027,83,1384,False
0.41533154249191284,0.49197846924917576,0.2705187130663165,0.6432118361776116,0.71280276816609,0.5736209041891331,206,1028,83,1383,False
0.41530942916870117,0.4871437994323786,0.26718547341115434,0.6392715624322777,0.71280276816609,0.5657403566984653,206,1047,83,1364,False
0.41517049074172974,0.48779697248574316,0.26830848995463386,0.6410016662385061,0.7162629757785467,0.5657403566984653,207,1047,82,1364,False
0.4146304130554199,0.4875424612473932,0.26813471502590674,0.6407942834098043,0.7162629757785467,0.5653255910410618,207,1048,82,1363,False
0.41458773612976074,0.48271127125168267,0.2648752399232246,0.6368540096644704,0.7162629757785467,0.557445043550394,207,1067,82,1344,False
0.4145394563674927,0.4824572164632276,0.2647058823529412,0.6366466268357686,0.7162629757785467,0.5570302778929904,207,1068,82,1343,False
0.4143978953361511,0.48220318155878883,0.2645367412140575,0.6364392440070668,0.7162629757785467,0.5566155122355869,207,1069,82,1342,False
0.41438359022140503,0.48284856007051247,0.2656449553001277,0.6381693478132953,0.7197231833910035,0.5566155122355869,208,1069,81,1342,False
0.4136316180229187,0.48259422464138135,0.2654754307594129,0.6379619649845933,0.7197231833910035,0.5562007465781833,208,1070,81,1341,False
0.4128369092941284,0.48233990882365474,0.2653061224489796,0.6377545821558916,0.7197231833910035,0.5557859809207798,208,1071,81,1340,False
0.4127611517906189,0.4836274134805675,0.267515923566879,0.6412147897683484,0.726643598615917,0.5557859809207798,210,1071,79,1340,False
0.4127070903778076,0.48337248034572833,0.2673456397199236,0.6410074069396465,0.726643598615917,0.5553712152633762,210,1072,79,1339,False
0.4126608967781067,0.4831175668238053,0.26717557251908397,0.6408000241109448,0.726643598615917,0.5549564496059727,210,1073,79,1338,False
0.4126378297805786,0.48286267263866617,0.2670057215511761,0.640592641282243,0.726643598615917,0.5545416839485691,210,1074,79,1337,False
0.412627637386322,0.48260779751463107,0.2668360864040661,0.6403852584535412,0.726643598615917,0.5541269182911654,210,1075,79,1336,False
0.41241562366485596,0.48235294117647054,0.26666666666666666,0.6401778756248395,0.726643598615917,0.553712152633762,210,1076,79,1335,False
0.4123517870903015,0.4820981033494043,0.26649746192893403,0.6399704927961376,0.726643598615917,0.5532973869763583,210,1077,79,1334,False
0.4121924638748169,0.4772593395095548,0.26332288401253917,0.6360302190508038,0.726643598615917,0.5454168394856905,210,1096,79,1315,False
0.4121091365814209,0.4778942624700553,0.2644110275689223,0.6377603228570321,0.7301038062283737,0.5454168394856905,211,1096,78,1315,False
0.4119023084640503,0.477639427463175,0.26424546023794615,0.6375529400283304,0.7301038062283737,0.545002073828287,211,1097,78,1314,False
0.41185444593429565,0.477384605559685,0.2640801001251564,0.6373455571996285,0.7301038062283737,0.5445873081708834,211,1098,78,1313,False
0.4116346836090088,0.47712979649376364,0.26391494684177613,0.6371381743709268,0.7301038062283737,0.5441725425134799,211,1099,78,1312,False
0.4113728404045105,0.47687499999999994,0.26375,0.636930791542225,0.7301038062283737,0.5437577768560763,211,1100,78,1311,False
0.41131359338760376,0.47662021581339253,0.26358525921299186,0.6367234087135232,0.7301038062283737,0.5433430111986728,211,1101,78,1310,False
0.41119611263275146,0.47636544366934697,0.2634207240948814,0.6365160258848215,0.7301038062283737,0.5429282455412692,211,1102,78,1309,False
0.4111890196800232,0.47699787943694594,0.264504054897068,0.6382461296910498,0.7335640138408305,0.5429282455412692,212,1102,77,1309,False
0.4110666513442993,0.47674281104404426,0.26433915211970077,0.6380387468623481,0.7335640138408305,0.5425134798838657,212,1103,77,1308,False
0.4110373854637146,0.47648775442355285,0.2641744548286604,0.6378313640336463,0.7335640138408305,0.542098714226462,212,1104,77,1307,False
0.41099292039871216,0.47623270931161543,0.2640099626400996,0.6376239812049445,0.7335640138408305,0.5416839485690584,212,1105,77,1306,False
0.41086333990097046,0.47597767544477754,0.26384567517112634,0.6374165983762428,0.7335640138408305,0.5412691829116549,212,1106,77,1305,False
0.4106115698814392,0.4757226525599849,0.263681592039801,0.6372092155475408,0.7335640138408305,0.5408544172542513,212,1107,77,1304,False
0.410497784614563,0.47635292707746046,0.26476072094468617,0.6389393193537692,0.7370242214532872,0.5408544172542513,213,1107,76,1304,False
0.4103778600692749,0.4715034614292303,0.2616707616707617,0.6349990456084353,0.7370242214532872,0.5329738697635836,213,1126,76,1285,False
0.4103538393974304,0.47124830232466147,0.26151012891344383,0.6347916627797336,0.7370242214532872,0.53255910410618,213,1127,76,1284,False
0.41034889221191406,0.4709931490130348,0.26134969325153373,0.6345842799510317,0.7370242214532872,0.5321443384487764,213,1128,76,1283,False
0.41003739833831787,0.4707380012392555,0.2611894543225015,0.63437689712233,0.7370242214532872,0.5317295727913729,213,1129,76,1282,False
0.4100043773651123,0.47048285874859497,0.2610294117647059,0.6341695142936282,0.7370242214532872,0.5313148071339693,213,1130,76,1281,False
0.4099198579788208,0.47022772128668877,0.2608695652173913,0.6339621314649264,0.7370242214532872,0.5309000414765658,213,1131,76,1280,False
0.4097644090652466,0.4699725885995355,0.2607099143206854,0.6337547486362247,0.7370242214532872,0.5304852758191622,213,1132,76,1279,False
0.40970027446746826,0.4697174604334954,0.26055045871559634,0.6335473658075229,0.7370242214532872,0.5300705101617587,213,1133,76,1278,False
0.4096090793609619,0.47033925829308154,0.2616136919315403,0.6352774696137513,0.740484429065744,0.5300705101617587,214,1133,75,1278,False
0.409488320350647,0.470083835617061,0.26145387904703726,0.6350700867850495,0.740484429065744,0.529655744504355,214,1134,75,1277,False
0.4093649387359619,0.4698284171968382,0.2612942612942613,0.6348627039563477,0.740484429065744,0.5292409788469514,214,1135,75,1276,False
0.4093058109283447,0.4695730027794005,0.2611348383160464,0.634655321127646,0.740484429065744,0.5288262131895479,214,1136,75,1275,False
0.40924447774887085,0.46931759211209134,0.26097560975609757,0.6344479382989441,0.740484429065744,0.5284114475321443,214,1137,75,1274,False
0.40919846296310425,0.46880678101900675,0.26065773447015833,0.6340331726415406,0.740484429065744,0.5275819162173372,214,1139,75,1272,False
0.40919387340545654,0.46855138008968766,0.2604990870359099,0.6338257898128388,0.740484429065744,0.5271671505599337,214,1140,75,1271,False
0.4091106653213501,0.4682959819034071,0.26034063260340634,0.6336184069841371,0.740484429065744,0.5267523849025301,214,1141,75,1270,False
0.4089967608451843,0.46804058620926914,0.2601823708206687,0.6334110241554352,0.740484429065744,0.5263376192451265,214,1142,75,1269,False
0.4089001417160034,0.4686591086963699,0.26123936816524906,0.6351411279616636,0.7439446366782007,0.5263376192451265,215,1142,74,1269,False
0.408765971660614,0.4684034193410299,0.2610807528840316,0.6349337451329617,0.7439446366782007,0.525922853587723,215,1143,74,1268,False
0.4087240695953369,0.46814773221272277,0.2609223300970874,0.63472636230426,0.7439446366782007,0.5255080879303193,215,1144,74,1267,False
0.4084826707839966,0.4678920470611516,0.2607640994542147,0.6345189794755582,0.7439446366782007,0.5250933222729158,215,1145,74,1266,False
0.4083409905433655,0.46763636363636363,0.2606060606060606,0.6343115966468564,0.7439446366782007,0.5246785566155122,215,1146,74,1265,False
0.40828728675842285,0.4682531130045743,0.2616596002422774,0.6360417004530848,0.7474048442906575,0.5246785566155122,216,1146,73,1265,False
0.4082704186439514,0.4679971368103344,0.26150121065375304,0.635834317624383,0.7474048442906575,0.5242637909581087,216,1147,73,1264,False
0.40826189517974854,0.46748518855420795,0.26118500604594924,0.6354195519669794,0.7474048442906575,0.5234342596433015,216,1149,73,1262,False
0.4080356955528259,0.4672292159939335,0.2610271903323263,0.6352121691382777,0.7474048442906575,0.523019493985898,216,1150,73,1261,False
0.4078581929206848,0.46697324414715724,0.2608695652173913,0.6350047863095759,0.7474048442906575,0.5226047283284944,216,1151,73,1260,False
0.40771710872650146,0.4667172727655292,0.26071213035606516,0.6347974034808741,0.7474048442906575,0.5221899626710909,216,1152,73,1259,False
0.40764743089675903,0.46646130160103516,0.2605548854041013,0.6345900206521724,0.7474048442906575,0.5217751970136872,216,1153,73,1258,False
0.4075391888618469,0.46159756327850326,0.25760286225402507,0.6306497469068384,0.7474048442906575,0.5138946495230194,216,1172,73,1239,False
0.4072425365447998,0.46134154487795725,0.25744934445768775,0.6304423640781367,0.7474048442906575,0.5134798838656159,216,1173,73,1238,False
0.40718793869018555,0.461085521561301,0.25729600952948184,0.6302349812494349,0.7474048442906575,0.5130651182082123,216,1174,73,1237,False
0.4069899916648865,0.4608294930875576,0.2571428571428571,0.6300275984207331,0.7474048442906575,0.5126503525508088,216,1175,73,1236,False
0.40694254636764526,0.4605734592160552,0.25698988697204045,0.6298202155920314,0.7474048442906575,0.5122355868934052,216,1176,73,1235,False
0.40635883808135986,0.4603174197064255,0.2568370986920333,0.6296128327633296,0.7474048442906575,0.5118208212360017,216,1177,73,1234,False
0.4058796167373657,0.46006137431860267,0.25668449197860965,0.6294054499346278,0.7474048442906575,0.5114060555785981,216,1178,73,1233,False
0.40584951639175415,0.45980532281282205,0.25653206650831356,0.6291980671059261,0.7474048442906575,0.5109912899211946,216,1179,73,1232,False
0.40583688020706177,0.4595492649496188,0.256379821958457,0.6289906842772242,0.7474048442906575,0.510576524263791,216,1180,73,1231,False
0.40580207109451294,0.4592932004898269,0.25622775800711745,0.6287833014485225,0.7474048442906575,0.5101617586063873,216,1181,73,1230,False
0.4055434465408325,0.45903712919457756,0.2560758743331357,0.6285759186198207,0.7474048442906575,0.5097469929489838,216,1182,73,1229,False
0.4053034782409668,0.45878105082529824,0.2559241706161137,0.6283685357911188,0.7474048442906575,0.5093322272915802,216,1183,73,1228,False
0.40508604049682617,0.45852496514371127,0.2557726465364121,0.6281611529624171,0.7474048442906575,0.5089174616341767,216,1184,73,1227,False
0.40488892793655396,0.45826887191183274,0.2556213017751479,0.6279537701337152,0.7474048442906575,0.5085026959767731,216,1185,73,1226,False
0.4043928384780884,0.458012770891971,0.2554701360141928,0.6277463873050135,0.7474048442906575,0.5080879303193696,216,1186,73,1225,False
0.40436917543411255,0.4577566618467259,0.2553191489361702,0.6275390044763117,0.7474048442906575,0.507673164661966,216,1187,73,1224,False
0.4041469097137451,0.45750054453898703,0.2551683402244536,0.6273316216476099,0.7474048442906575,0.5072583990045624,216,1188,73,1223,False
0.4040418267250061,0.4572444187319329,0.2550177095631641,0.6271242388189082,0.7474048442906575,0.5068436333471589,216,1189,73,1222,False
0.4040091037750244,0.4569882841890294,0.25486725663716814,0.6269168559902063,0.7474048442906575,0.5064288676897553,216,1190,73,1221,False
0.4039546847343445,0.4567321406740291,0.25471698113207547,0.6267094731615046,0.7474048442906575,0.5060141020323518,216,1191,73,1220,False
0.4039023518562317,0.45733531445223263,0.2557454331172658,0.6284395769677329,0.7508650519031141,0.5060141020323518,217,1191,72,1220,False
0.40383273363113403,0.4579379306000194,0.25677267373380447,0.6301696807739614,0.754325259515571,0.5060141020323518,218,1191,71,1220,False
0.4038103222846985,0.457681211463297,0.25662154208357857,0.6299622979452595,0.754325259515571,0.5055993363749481,218,1192,71,1219,False
0.4037693738937378,0.45742448330683627,0.2564705882352941,0.6297549151165578,0.754325259515571,0.5051845707175446,218,1193,71,1218,False
0.403204083442688,0.45716774589442877,0.25631981187536745,0.629547532287856,0.754325259515571,0.504769805060141,218,1194,71,1217,False
0.40317612886428833,0.4569109989901487,0.25616921269095183,0.6293401494591542,0.754325259515571,0.5043550394027374,218,1195,71,1216,False
0.4031561613082886,0.4566542423583515,0.2560187903699354,0.6291327666304525,0.754325259515571,0.5039402737453339,218,1196,71,1215,False
0.40313637256622314,0.45639747576367296,0.25586854460093894,0.6289253838017506,0.754325259515571,0.5035255080879303,218,1197,71,1214,False
0.40312904119491577,0.45614069897102766,0.2557184750733138,0.6287180009730489,0.754325259515571,0.5031107424305268,218,1198,71,1213,False
0.40301936864852905,0.45588391174560816,0.2555685814771395,0.628510618144347,0.754325259515571,0.5026959767731232,218,1199,71,1212,False
0.40229302644729614,0.45648371949591615,0.2565905096660808,0.6302407219505755,0.7577854671280276,0.5026959767731232,219,1199,70,1212,False
0.40219199657440186,0.4570829770552698,0.2576112412177986,0.6319708257568037,0.7612456747404844,0.5026959767731232,220,1199,69,1212,False
0.40215617418289185,0.45656824989302525,0.2573099415204678,0.6315560600994002,0.7612456747404844,0.501866445458316,220,1201,69,1210,False
0.4021037220954895,0.45631087034463114,0.2571595558153127,0.6313486772706984,0.7612456747404844,0.5014516798009124,220,1202,69,1209,False
0.40200698375701904,0.45605347983862793,0.2570093457943925,0.6311412944419967,0.7612456747404844,0.5010369141435089,220,1203,69,1208,False
0.40198421478271484,0.45579607814078626,0.2568593111500292,0.6309339116132948,0.7612456747404844,0.5006221484861053,220,1204,69,1207,False
0.40168750286102295,0.450903009864983,0.2540415704387991,0.626993637867961,0.7612456747404844,0.49274160099543757,220,1223,69,1188,False
0.4015643000602722,0.4506453355522997,0.25389497980380843,0.6267862550392592,0.7612456747404844,0.492326835338034,220,1224,69,1187,False
0.4015381932258606,0.445746214852199,0.2511415525114155,0.6228459812939253,0.7612456747404844,0.48444628784736626,220,1243,69,1168,False
0.4013020992279053,0.44633282503213184,0.25213918996006845,0.6245760851001537,0.7647058823529411,0.48444628784736626,221,1243,68,1168,False
0.4012644290924072,0.44607451598759296,0.2519954389965792,0.6243687022714519,0.7647058823529411,0.48403152218996265,221,1244,68,1167,False
0.4012342095375061,0.44581618655692723,0.2518518518518518,0.6241613194427501,0.7647058823529411,0.4836167565325591,221,1245,68,1166,False
0.40109753608703613,0.4455578365159816,0.2517084282460137,0.6239539366140483,0.7647058823529411,0.48320199087515553,221,1246,68,1165,False
0.4009677767753601,0.44614311664365636,0.2527034718269778,0.6256840404202767,0.7681660899653979,0.48320199087515553,222,1246,67,1165,False
0.40073496103286743,0.4412251655629139,0.25,0.6217437666749428,0.7681660899653979,0.4753214433844878,222,1265,67,1146,False
0.400485098361969,0.44096609061937964,0.24985931344963422,0.6215363838462411,0.7681660899653979,0.47490667772708417,222,1266,67,1145,False
0.4003387689590454,0.44044786524922774,0.24957841483979765,0.6211216181888375,0.7681660899653979,0.47407714641227705,222,1268,67,1143,False
0.40011799335479736,0.440188714383264,0.24943820224719102,0.6209142353601357,0.7681660899653979,0.4736623807548735,222,1269,67,1142,False
0.39980143308639526,0.4407673395093802,0.25042111173498033,0.6226443391663641,0.7716262975778547,0.4736623807548735,223,1269,66,1142,False
0.3997749090194702,0.44134546124595875,0.25140291806958476,0.6243744429725925,0.7750865051903114,0.4736623807548735,224,1269,65,1142,False
0.3997541069984436,0.4410857558506901,0.2512619181155356,0.6241670601438907,0.7750865051903114,0.47324761509746993,224,1270,65,1141,False
0.3997034430503845,0.44082602484225564,0.25112107623318386,0.6239596773151889,0.7750865051903114,0.47283284944006637,224,1271,65,1140,False
0.3996715545654297,0.4405662680009763,0.25098039215686274,0.6237522944864871,0.7750865051903114,0.4724180837826628,224,1272,65,1139,False
0.3994743824005127,0.44030648510737447,0.25083986562150057,0.6235449116577854,0.7750865051903114,0.47200331812525925,224,1273,65,1138,False
0.39941853284835815,0.440046675942173,0.2506994963626189,0.6233375288290836,0.7750865051903114,0.47158855246785564,224,1274,65,1137,False
0.39900732040405273,0.4406229793306428,0.2516778523489933,0.625067632635312,0.7785467128027682,0.47158855246785564,225,1274,64,1137,False
0.3989974856376648,0.44036288101120746,0.2515371716042482,0.6248602498066101,0.7785467128027682,0.4711737868104521,225,1275,64,1136,False
0.3987201452255249,0.4398426045439166,0.25125628140703515,0.6244454841492066,0.7785467128027682,0.47034425549564496,225,1277,64,1134,False
0.3985157608985901,0.4395824259581882,0.25111607142857145,0.6242381013205048,0.7785467128027682,0.4699294898382414,225,1278,64,1133,False
0.3985136151313782,0.4393222201794831,0.2509760178471835,0.624030718491803,0.7785467128027682,0.46951472418083784,225,1279,64,1132,False
0.3984939455986023,0.4390619869893544,0.2508361204013378,0.6238233356631012,0.7785467128027682,0.4690999585234343,225,1280,64,1131,False
0.3983975052833557,0.43880172616954943,0.25069637883008355,0.6236159528343994,0.7785467128027682,0.4686851928660307,225,1281,64,1130,False
0.398368239402771,0.4385414375020084,0.2505567928730512,0.6234085700056977,0.7785467128027682,0.4682704272086271,225,1282,64,1129,False
0.398253858089447,0.4380207757524401,0.25027808676307006,0.6229938043482941,0.7785467128027682,0.46744089589382,225,1284,64,1127,False
0.3982330560684204,0.43776040223525087,0.2501389660922735,0.6227864215195923,0.7785467128027682,0.4670261302364164,225,1285,64,1126,False
0.3981650471687317,0.4375,0.25,0.6225790386908905,0.7785467128027682,0.46661136457901287,225,1286,64,1125,False
0.3979026675224304,0.43723956882957954,0.2498611882287618,0.6223716558621888,0.7785467128027682,0.4661965989216093,225,1287,64,1124,False
0.3978572487831116,0.4369791085070692,0.24972253052164262,0.622164273033487,0.7785467128027682,0.46578183326420575,225,1288,64,1123,False
0.39765262603759766,0.4364580995390296,0.24944567627494457,0.6217495073760834,0.7785467128027682,0.46495230194939857,225,1290,64,1121,False
0.39758163690567017,0.4370297311979165,0.25041551246537397,0.6234796111823118,0.7820069204152249,0.46495230194939857,226,1290,63,1121,False
0.3975527286529541,0.4376008741035724,0.2513842746400886,0.6252097149885402,0.7854671280276817,0.46495230194939857,227,1290,62,1121,False
0.39727848768234253,0.43733980680321183,0.25124515771997785,0.6250023321598384,0.7854671280276817,0.464537536291995,227,1291,62,1120,False
0.3971688747406006,0.43707870981729313,0.25110619469026546,0.6247949493311366,0.7854671280276817,0.46412277063459145,227,1292,62,1119,False
0.3971439003944397,0.4376488484893827,0.25207296849087896,0.626525053137365,0.7889273356401384,0.46412277063459145,228,1292,61,1119,False
0.3970460295677185,0.43738746364209974,0.25193370165745854,0.6263176703086631,0.7889273356401384,0.4637080049771879,228,1293,61,1118,False
0.3963109850883484,0.4371260488402581,0.25179458862506904,0.6261102874799613,0.7889273356401384,0.46329323931978433,228,1294,61,1117,False
0.39630210399627686,0.4368646038671953,0.25165562913907286,0.6259029046512596,0.7889273356401384,0.4628784736623808,228,1295,61,1116,False
0.3961634635925293,0.4374334849861553,0.25261996690568117,0.6276330084574879,0.7923875432525952,0.4628784736623808,229,1295,60,1116,False
0.3961496353149414,0.43800188285818115,0.2535832414553473,0.6293631122637163,0.7958477508650519,0.4628784736623808,230,1295,59,1116,False
0.3960918188095093,0.43773989418721254,0.2534435261707989,0.6291557294350145,0.7958477508650519,0.4624637080049772,230,1296,59,1115,False
0.3960534334182739,0.4383075538860919,0.2544052863436123,0.6308858332412429,0.7993079584775087,0.4624637080049772,231,1296,58,1115,False
0.3959837555885315,0.43778297427732726,0.25412541254125415,0.6304710675838394,0.7993079584775087,0.46163417669017004,231,1298,58,1113,False
0.39579713344573975,0.4375206387508196,0.25398570643210555,0.6302636847551376,0.7993079584775087,0.4612194110327665,231,1299,58,1112,False
0.3957905173301697,0.43725827245380317,0.25384615384615383,0.6300563019264358,0.7993079584775087,0.4608046453753629,231,1300,58,1111,False
0.39563292264938354,0.43699587516968147,0.25370675453047775,0.629848919097734,0.7993079584775087,0.46038987971795936,231,1301,58,1110,False
0.3953911066055298,0.43673344668203484,0.2535675082327113,0.6296415362690322,0.7993079584775087,0.4599751140605558,231,1302,58,1109,False
0.39462441205978394,0.4364709867746195,0.2534284147010422,0.6294341534403305,0.7993079584775087,0.45956034840315224,231,1303,58,1108,False
0.3943910002708435,0.436208495231367,0.2532894736842105,0.6292267706116287,0.7993079584775087,0.4591455827457486,231,1304,58,1107,False
0.3941887617111206,0.4359459718363828,0.25315068493150683,0.6290193877829269,0.7993079584775087,0.45873081708834507,231,1305,58,1106,False
0.3939235806465149,0.4356834163739457,0.25301204819277107,0.6288120049542251,0.7993079584775087,0.4583160514309415,231,1306,58,1105,False
0.39362943172454834,0.4354208286285069,0.25287356321839083,0.6286046221255233,0.7993079584775087,0.45790128577353795,231,1307,58,1104,False
0.39354413747787476,0.4351582083846891,0.2527352297592998,0.6283972392968216,0.7993079584775087,0.4574865201161344,231,1308,58,1103,False
0.3935234546661377,0.43489555542728553,0.2525970475669765,0.6281898564681198,0.7993079584775087,0.45707175445873083,231,1309,58,1102,False
0.3934552073478699,0.4346328695412591,0.25245901639344265,0.627982473639418,0.7993079584775087,0.45665698880132727,231,1310,58,1101,False
0.39345288276672363,0.43437015051174177,0.2523211359912616,0.6277750908107163,0.7993079584775087,0.4562422231439237,231,1311,58,1100,False
0.39307451248168945,0.4341073981240331,0.2521834061135371,0.6275677079820143,0.7993079584775087,0.4558274574865201,231,1312,58,1099,False
0.3930145502090454,0.43384461216360004,0.2520458265139116,0.6273603251533126,0.7993079584775087,0.45541269182911653,231,1313,58,1098,False
0.3929594159126282,0.4335817924160755,0.25190839694656486,0.6271529423246108,0.7993079584775087,0.454997926171713,231,1314,58,1097,False
0.39293497800827026,0.4333189386672578,0.25177111716621253,0.626945559495909,0.7993079584775087,0.4545831605143094,231,1315,58,1096,False
0.39284443855285645,0.43305605070310954,0.25163398692810457,0.6267381766672073,0.7993079584775087,0.45416839485690585,231,1316,58,1095,False
0.392811119556427,0.43279312830975714,0.25149700598802394,0.6265307938385055,0.7993079584775087,0.4537536291995023,231,1317,58,1094,False
0.39269745349884033,0.4325301712734896,0.2513601741022851,0.6263234110098037,0.7993079584775087,0.45333886354209874,231,1318,58,1093,False
0.3926472067832947,0.43226717938075754,0.25122349102773245,0.6261160281811019,0.7993079584775087,0.4529240978846951,231,1319,58,1092,False
0.3926408290863037,0.4320041524181729,0.2510869565217391,0.6259086453524001,0.7993079584775087,0.45250933222729156,231,1320,58,1091,False
0.3925434350967407,0.4317410901725075,0.2509505703422053,0.6257012625236984,0.7993079584775087,0.452094566569888,231,1321,58,1090,False
0.3922099471092224,0.43230193736919875,0.251900108577633,0.6274313663299267,0.8027681660899654,0.452094566569888,232,1321,57,1090,False
0.39200007915496826,0.4328623177517802,0.25284861638632666,0.6291614701361551,0.8062283737024222,0.452094566569888,233,1321,56,1090,False
0.3919861912727356,0.4325987180018983,0.2527114967462039,0.6289540873074533,0.8062283737024222,0.45167980091248444,233,1322,56,1089,False
0.3919844627380371,0.4331583822167336,0.25365853658536586,0.6306841911136817,0.8096885813148789,0.45167980091248444,234,1322,55,1089,False
0.39188963174819946,0.43371758188627896,0.25460455037919827,0.6324142949199101,0.8131487889273357,0.45167980091248444,235,1322,54,1089,False
0.39188438653945923,0.43345344707439715,0.25446670276123445,0.6322069120912083,0.8131487889273357,0.4512650352550809,235,1323,54,1088,False
0.39146536588668823,0.434011934011934,0.2554112554112554,0.6339370158974367,0.8166089965397924,0.4512650352550809,236,1323,53,1088,False
0.3913347125053406,0.43348306052531405,0.25513513513513514,0.6335222502400331,0.8166089965397924,0.45043550394027376,236,1325,53,1086,False
0.3912939429283142,0.42845141837056144,0.2525414660246121,0.6295819764946992,0.8166089965397924,0.44255495644960596,236,1344,53,1067,False
0.39100658893585205,0.4295566444269736,0.2544094067343666,0.6330421841071558,0.8235294117647058,0.44255495644960596,238,1344,51,1067,False
0.39091408252716064,0.42929094714809,0.25427350427350426,0.6328348012784542,0.8235294117647058,0.4421401907922024,238,1345,51,1066,False
0.39073842763900757,0.42902521029519664,0.25413774693005875,0.6326274184497523,0.8235294117647058,0.44172542513479884,238,1346,51,1065,False
0.39055031538009644,0.42875943365673264,0.25400213447171827,0.6324200356210505,0.8235294117647058,0.4413106594773953,238,1347,51,1064,False
0.3905109167098999,0.4284936170212766,0.2538666666666667,0.6322126527923488,0.8235294117647058,0.4408958938199917,238,1348,51,1063,False
0.39011043310165405,0.4282277601775458,0.2537313432835821,0.632005269963647,0.8235294117647058,0.44048112816258816,238,1349,51,1062,False
0.3899906873703003,0.42796186291439575,0.2535961640916356,0.6317978871349452,0.8235294117647058,0.44006636250518455,238,1350,51,1061,False
0.38997477293014526,0.4276959250208185,0.2534611288604899,0.6315905043062434,0.8235294117647058,0.439651596847781,238,1351,51,1060,False
0.38992005586624146,0.42742994628594283,0.253326237360298,0.6313831214775416,0.8235294117647058,0.43923683119037743,238,1352,51,1059,False
0.3895862102508545,0.4271639264990329,0.2531914893617021,0.6311757386488399,0.8235294117647058,0.43882206553297387,238,1353,51,1058,False
0.3894696831703186,0.4221014713467107,0.2506582411795682,0.6272354649035059,0.8235294117647058,0.43094151804230607,238,1372,51,1039,False
0.3890421986579895,0.42183458646616545,0.2505263157894737,0.6270280820748042,0.8235294117647058,0.4305267523849025,238,1373,51,1038,False
0.38878685235977173,0.42237949100659855,0.25144660704892163,0.6287581858810326,0.8269896193771626,0.4305267523849025,239,1373,50,1038,False
0.388649582862854,0.4221123201541034,0.2513144058885384,0.6285508030523308,0.8269896193771626,0.43011198672749895,239,1374,50,1037,False
0.388563334941864,0.4218451037756107,0.2511823436678928,0.628343420223629,0.8269896193771626,0.4296972210700954,239,1375,50,1036,False
0.38853156566619873,0.42157784166298096,0.2510504201680672,0.6281360373949272,0.8269896193771626,0.42928245541269183,239,1376,50,1035,False
0.3884536623954773,0.4213105336081917,0.2509186351706037,0.6279286545662255,0.8269896193771626,0.4288676897552883,239,1377,50,1034,False
0.38836604356765747,0.42104317940333635,0.25078698845750264,0.6277212717375237,0.8269896193771626,0.4284529240978847,239,1378,50,1033,False
0.3883463740348816,0.42158644954903435,0.2517042475091767,0.6294513755437521,0.8304498269896193,0.4284529240978847,240,1378,49,1033,False
0.3883005380630493,0.4213188095701226,0.25157232704402516,0.6292439927150503,0.8304498269896193,0.42803815844048115,240,1379,49,1032,False
0.3880201578140259,0.4207833900898603,0.2513089005235602,0.6288292270576467,0.8304498269896193,0.427208627125674,240,1381,49,1030,False
0.3879384994506836,0.4205156101729004,0.25117739403453687,0.6286218442289448,0.8304498269896193,0.4267938614682704,240,1382,49,1029,False
0.38752007484436035,0.42105749299451073,0.252092050209205,0.6303519480351732,0.8339100346020761,0.4267938614682704,241,1382,48,1029,False
0.38743215799331665,0.42078942756689736,0.25196027182435965,0.6301445652064714,0.8339100346020761,0.42637909581086686,241,1383,48,1028,False
0.38722455501556396,0.4205213149957645,0.25182863113897597,0.6299371823777697,0.8339100346020761,0.4259643301534633,241,1384,48,1027,False
0.38706541061401367,0.41998494759221394,0.25156576200417535,0.6295224167203661,0.8339100346020761,0.4251347988386562,241,1386,48,1025,False
0.3870455026626587,0.41971669234470854,0.25143453312467395,0.6293150338916643,0.8339100346020761,0.42472003318125257,241,1387,48,1024,False
0.38696902990341187,0.4194483891235066,0.251303441084463,0.6291076510629625,0.8339100346020761,0.424305267523849,241,1388,48,1023,False
0.38692647218704224,0.41918003772133666,0.2511724856696196,0.6289002682342608,0.8339100346020761,0.42389050186644545,241,1389,48,1022,False
0.3868817687034607,0.4189116379310345,0.25104166666666666,0.628692885405559,0.8339100346020761,0.4234757362090419,241,1390,48,1021,False
0.3868587017059326,0.41864318954554275,0.2509109838625716,0.6284855025768572,0.8339100346020761,0.4230609705516383,241,1391,48,1020,False
0.3868350386619568,0.4183746923579102,0.25078043704474506,0.6282781197481555,0.8339100346020761,0.42264620489423477,241,1392,48,1019,False
0.38682156801223755,0.41945242578153974,0.2525987525987526,0.6317383273606122,0.8408304498269896,0.42264620489423477,243,1392,46,1019,False
0.3867843747138977,0.4199906568251892,0.2535064935064935,0.6334684311668406,0.8442906574394463,0.42264620489423477,244,1392,45,1019,False
0.3867039680480957,0.42052846512678965,0.2544132917964694,0.6351985349730689,0.8477508650519031,0.42264620489423477,245,1392,44,1019,False
0.3865441083908081,0.42025897459996464,0.2542812662169175,0.6349911521443672,0.8477508650519031,0.4222314392368312,245,1393,44,1018,False
0.3863134980201721,0.4199894353404593,0.254149377593361,0.6347837693156654,0.8477508650519031,0.42181667357942765,245,1394,44,1017,False
0.38627493381500244,0.4197198471404703,0.25401762571280456,0.6345763864869636,0.8477508650519031,0.42140190792202403,245,1395,44,1016,False
0.3860296607017517,0.4194502097922982,0.2538860103626943,0.6343690036582618,0.8477508650519031,0.4209871422646205,245,1396,44,1015,False
0.38600653409957886,0.41918052308834675,0.25375453133091663,0.63416162082956,0.8477508650519031,0.4205723766072169,245,1397,44,1014,False
0.3859051465988159,0.4189107868211223,0.2536231884057971,0.6339542380008583,0.8477508650519031,0.42015761094981335,245,1398,44,1013,False
0.385852575302124,0.41864100078323285,0.25349198137609935,0.6337468551721565,0.8477508650519031,0.4197428452924098,245,1399,44,1012,False
0.3853195905685425,0.4183711647673873,0.2533609100310238,0.6335394723434546,0.8477508650519031,0.41932807963500623,245,1400,44,1011,False
0.3852674961090088,0.4181012785663948,0.2532299741602067,0.633332089514753,0.8477508650519031,0.4189133139776027,245,1401,44,1010,False
0.3851780891418457,0.4129636307147978,0.2507676560900716,0.6293918157694189,0.8477508650519031,0.4110327664869349,245,1420,44,991,False
0.3848097324371338,0.41242170966845515,0.2505112474437628,0.6289770501120154,0.8477508650519031,0.41020323517212776,245,1422,44,989,False
0.3846079707145691,0.41215066716869864,0.2503832396525294,0.6287696672833136,0.8477508650519031,0.4097884695147242,245,1423,44,988,False
0.3844684362411499,0.41187956974441187,0.25025536261491316,0.6285622844546119,0.8477508650519031,0.40937370385732064,245,1424,44,987,False
0.38435685634613037,0.4113372093023256,0.25,0.6281475187972083,0.8477508650519031,0.40854417254251346,245,1426,44,985,False
0.3843294382095337,0.4110659458747703,0.24987251402345742,0.6279401359685065,0.8477508650519031,0.4081294068851099,245,1427,44,984,False
0.3839961886405945,0.4107946267031718,0.24974515800203873,0.6277327531398047,0.8477508650519031,0.40771464122770634,245,1428,44,983,False
0.38397473096847534,0.4105232515828542,0.24961793173713703,0.627525370311103,0.8477508650519031,0.4072998755703028,245,1429,44,982,False
0.3839098811149597,0.4102518203092214,0.2494908350305499,0.6273179874824012,0.8477508650519031,0.4068851099128992,245,1430,44,981,False
0.38379335403442383,0.41078035934531154,0.250381679389313,0.6290480912886296,0.8512110726643599,0.4068851099128992,246,1430,43,981,False
0.38375651836395264,0.41050864107414875,0.25025432349949134,0.6288407084599278,0.8512110726643599,0.40647034425549566,246,1431,43,980,False
0.3832927942276001,0.41103654517422705,0.25114387391967463,0.6305708122661562,0.8546712802768166,0.40647034425549566,247,1431,42,980,False
0.3830907940864563,0.41076454033771104,0.25101626016260165,0.6303634294374544,0.8546712802768166,0.4060555785980921,247,1432,42,979,False
0.3827860951423645,0.4104924789498077,0.25088877602844084,0.6301560466087526,0.8546712802768166,0.4056408129406885,247,1433,42,978,False
0.3825176954269409,0.4102203608056711,0.25076142131979695,0.6299486637800508,0.8546712802768166,0.40522604728328493,247,1434,42,977,False
0.38226813077926636,0.4099481857005317,0.2506341958396753,0.629741280951349,0.8546712802768166,0.40481128162588137,247,1435,42,976,False
0.38207781314849854,0.4094036637885454,0.25038013177901675,0.6293265152939455,0.8546712802768166,0.40398175031107425,247,1437,42,974,False
0.381916344165802,0.40913131657253576,0.2502532928064843,0.6291191324652436,0.8546712802768166,0.4035669846536707,247,1438,42,973,False
0.3817415237426758,0.40885891157719667,0.250126582278481,0.6289117496365418,0.8546712802768166,0.40315221899626713,247,1439,42,972,False
0.3816632032394409,0.4085864485981308,0.25,0.62870436680784,0.8546712802768166,0.4027374533388635,247,1440,42,971,False
0.3815149664878845,0.4080413478715904,0.24974721941354905,0.6282896011504365,0.8546712802768166,0.4019079220240564,247,1442,42,969,False
0.3813566565513611,0.40856632761505307,0.25063163213744316,0.6300197049566649,0.8581314878892734,0.4019079220240564,248,1442,41,969,False
0.38118207454681396,0.4082934609250398,0.2505050505050505,0.6298123221279631,0.8581314878892734,0.40149315636665284,248,1443,41,968,False
0.38102656602859497,0.40881781427805153,0.2513881877839475,0.6315424259341915,0.8615916955017301,0.40149315636665284,249,1443,40,968,False
0.3806842565536499,0.4085446608711877,0.2512613521695257,0.6313350431054897,0.8615916955017301,0.4010783907092493,249,1444,40,967,False
0.3806025981903076,0.40827144866572185,0.25113464447806355,0.6311276602767879,0.8615916955017301,0.4006636250518457,249,1445,40,966,False
0.38048607110977173,0.4077248470409477,0.2508816120906801,0.6307128946193843,0.8615916955017301,0.3998340937370386,249,1447,40,964,False
0.3803058862686157,0.40745145721279186,0.25075528700906347,0.6305055117906826,0.8615916955017301,0.399419328079635,249,1448,40,963,False
0.38026756048202515,0.40690449850332944,0.2505030181086519,0.630090746133279,0.8615916955017301,0.39858979676482786,249,1450,40,961,False
0.38023674488067627,0.4066309292135771,0.25037707390648567,0.6298833633045772,0.8615916955017301,0.3981750311074243,249,1451,40,960,False
0.380132794380188,0.4063572996949557,0.25025125628140704,0.6296759804758754,0.8615916955017301,0.39776026545002074,249,1452,40,959,False
0.3800014853477478,0.4060836097434053,0.2501255650426921,0.6294685976471737,0.8615916955017301,0.3973454997926172,249,1453,40,958,False
0.3798215389251709,0.40580985915492956,0.25,0.6292612148184719,0.8615916955017301,0.3969307341352136,249,1454,40,957,False
0.37972086668014526,0.4055360477255955,0.2498745609633718,0.62905383198977,0.8615916955017301,0.39651596847781,249,1455,40,956,False
0.3797067403793335,0.4003218000145526,0.24751491053677932,0.6251135582444362,0.8615916955017301,0.38863542098714227,249,1474,40,937,False
0.3797050714492798,0.40004672903364624,0.2473919523099851,0.6249061754157343,0.8615916955017301,0.3882206553297387,249,1475,40,936,False
0.37965744733810425,0.39949639153908467,0.24714640198511167,0.6244914097583308,0.8615916955017301,0.3873911240149316,249,1477,40,934,False
0.37948453426361084,0.3992211246200608,0.24702380952380953,0.624284026929629,0.8615916955017301,0.38697635835752797,249,1478,40,933,False
0.37939125299453735,0.39397833602885607,0.24471744471744472,0.6203437531842951,0.8615916955017301,0.37909581086686023,249,1497,40,914,False
0.3793788552284241,0.3937017163120899,0.24459724950884087,0.6201363703555933,0.8615916955017301,0.37868104520945667,249,1498,40,913,False
0.3792722821235657,0.39342502683407804,0.24447717231222385,0.6199289875268916,0.8615916955017301,0.3782662795520531,249,1499,40,912,False
0.37912410497665405,0.3931482673930595,0.24435721295387636,0.6197216046981898,0.8615916955017301,0.37785151389464955,249,1500,40,911,False
0.3787827491760254,0.392871437787307,0.24423737126042178,0.619514221869488,0.8615916955017301,0.37743674823724593,249,1501,40,910,False
0.37856876850128174,0.39338235294117646,0.24509803921568626,0.6212443256757164,0.8650519031141869,0.37743674823724593,250,1501,39,910,False
0.3785366415977478,0.39310523082991,0.2449779519843214,0.6210369428470146,0.8650519031141869,0.3770219825798424,250,1502,39,909,False
0.37828850746154785,0.3928280382369292,0.24485798237022527,0.6208295600183129,0.8650519031141869,0.3766072169224388,250,1503,39,908,False
0.3782026767730713,0.3925507749603367,0.24473813020068527,0.6206221771896111,0.8650519031141869,0.37619245126503525,250,1504,39,907,False
0.3779432773590088,0.3872690745081038,0.24248302618816683,0.6166819034442772,0.8650519031141869,0.36831190377436746,250,1523,39,888,False
0.3778862953186035,0.3869903552045246,0.2423654871546292,0.6164745206155754,0.8650519031141869,0.3678971381169639,250,1524,39,887,False
0.37781715393066406,0.38671156098377113,0.24224806201550386,0.6162671377868736,0.8650519031141869,0.36748237245956034,250,1525,39,886,False
0.3777313828468323,0.3872168032206657,0.2430992736077482,0.617997241593102,0.8685121107266436,0.36748237245956034,251,1525,38,886,False
0.37763285636901855,0.3869377141028716,0.24298160696999033,0.6177898587644002,0.8685121107266436,0.3670676068021568,251,1526,38,885,False
0.37760627269744873,0.3866585497446697,0.24286405418480891,0.6175824759356984,0.8685121107266436,0.3666528411447532,251,1527,38,884,False
0.3772975206375122,0.3863793099444807,0.24274661508704062,0.6173750931069966,0.8685121107266436,0.36623807548734966,251,1528,38,883,False
0.37727248668670654,0.38688352992575714,0.24359594006766555,0.6191051969132251,0.8719723183391004,0.36623807548734966,252,1528,37,883,False
0.3770044445991516,0.3866039952996475,0.24347826086956523,0.6188978140845233,0.8719723183391004,0.3658233098299461,252,1529,37,882,False
0.3769459128379822,0.3863243849065591,0.24336069531627233,0.6186904312558215,0.8719723183391004,0.36540854417254254,252,1530,37,881,False
0.37657052278518677,0.3860446985446986,0.24324324324324326,0.6184830484271197,0.8719723183391004,0.3649937785151389,252,1531,37,880,False
0.37627774477005005,0.38576493601228734,0.24312590448625182,0.6182756655984178,0.8719723183391004,0.36457901285773536,252,1532,37,879,False
0.3762021064758301,0.38548509710756146,0.24300867888138863,0.6180682827697161,0.8719723183391004,0.3641642472003318,252,1533,37,878,False
0.37616175413131714,0.3852051816287707,0.24289156626506025,0.6178608999410143,0.8719723183391004,0.36374948154292824,252,1534,37,877,False
0.37616151571273804,0.38492518937417836,0.24277456647398843,0.6176535171123125,0.8719723183391004,0.3633347158855247,252,1535,37,876,False
0.3761482834815979,0.38436497373070366,0.24254090471607315,0.6172387514549089,0.8719723183391004,0.36250518457071756,252,1537,37,874,False
0.3759794235229492,0.38408474993840847,0.24242424242424243,0.6170313686262072,0.8719723183391004,0.362090418913314,252,1538,37,873,False
0.37594908475875854,0.3838044485634847,0.2423076923076923,0.6168239857975054,0.8719723183391004,0.3616756532559104,252,1539,37,872,False
0.3759137988090515,0.38352406940425277,0.24219125420470927,0.6166166029688036,0.8719723183391004,0.36126088759850683,252,1540,37,871,False
0.3758487105369568,0.3832436122590429,0.2420749279538905,0.6164092201401018,0.8719723183391004,0.36084612194110327,252,1541,37,870,False
0.3757691979408264,0.37789984099432145,0.2398857686815802,0.6124689463947679,0.8719723183391004,0.3529655744504355,252,1560,37,851,False
0.37574106454849243,0.3776177817885764,0.23977164605137963,0.6122615635660662,0.8719723183391004,0.3525508087930319,252,1561,37,850,False
0.37550103664398193,0.37733564036298073,0.2396576319543509,0.6120541807373644,0.8719723183391004,0.35213604313562835,252,1562,37,849,False
0.3750820755958557,0.3783282090837986,0.24133016627078385,0.6155143883498211,0.8788927335640139,0.35213604313562835,254,1562,35,849,False
0.3750447630882263,0.3780455529089409,0.24121557454890788,0.6153070055211194,0.8788927335640139,0.3517212774782248,254,1563,35,848,False
0.37498050928115845,0.37854109715694695,0.24205030849549122,0.6170371093273477,0.8823529411764706,0.3517212774782248,255,1563,34,848,False
0.3747206926345825,0.37825814290753734,0.24193548387096775,0.6168297264986459,0.8823529411764706,0.35130651182082123,255,1564,34,847,False
0.374660849571228,0.3779751060372852,0.24182076813655762,0.6166223436699441,0.8823529411764706,0.3508917461634177,255,1565,34,846,False
0.3745354413986206,0.3776919863437964,0.24170616113744076,0.6164149608412424,0.8823529411764706,0.3504769805060141,255,1566,34,845,False
0.37419819831848145,0.37229670651421126,0.23954908407703146,0.6124746870959085,0.8823529411764706,0.3425964330153463,255,1585,34,826,False
0.3739601969718933,0.3720118878408063,0.23943661971830985,0.6122673042672067,0.8823529411764706,0.34218166735794275,255,1586,34,825,False
0.37389057874679565,0.3714419890644627,0.23921200750469043,0.611852538609803,0.8823529411764706,0.34135213604313563,255,1588,34,823,False
0.3734673857688904,0.37115690855621813,0.2390998593530239,0.6116451557811013,0.8823529411764706,0.3409373703857321,255,1589,34,822,False
0.3734179139137268,0.3708717403643572,0.23898781630740393,0.6114377729523995,0.8823529411764706,0.3405226047283285,255,1590,34,821,False
0.37316733598709106,0.37058648428618046,0.2388758782201405,0.6112303901236977,0.8823529411764706,0.3401078390709249,255,1591,34,820,False
0.3729590177536011,0.3703011401189689,0.23876404494382023,0.6110230072949959,0.8823529411764706,0.33969307341352134,255,1592,34,819,False
0.3729301691055298,0.37001570765998315,0.23865231633130557,0.6108156244662941,0.8823529411764706,0.3392783077561178,255,1593,34,818,False
0.3727933168411255,0.36973018670646307,0.23854069223573432,0.6106082416375924,0.8823529411764706,0.3388635420987142,255,1594,34,817,False
0.37278270721435547,0.3694445770556275,0.23842917251051893,0.6104008588088906,0.8823529411764706,0.33844877644131066,255,1595,34,816,False
0.37269383668899536,0.3640008713256671,0.23632993512511585,0.6064605850635567,0.8823529411764706,0.33056822895064286,255,1614,34,797,False
0.3726154565811157,0.3637134451066187,0.23622047244094488,0.6062532022348549,0.8823529411764706,0.3301534632932393,255,1615,34,796,False
0.37249845266342163,0.3582344521907752,0.23415977961432508,0.602312928489521,0.8823529411764706,0.32227291580257156,255,1634,34,777,False
0.3723299503326416,0.35794512805263873,0.23405231757687012,0.6021055456608193,0.8823529411764706,0.321858150145168,255,1635,34,776,False
0.3717247247695923,0.3576557068778848,0.23394495412844038,0.6018981628321175,0.8823529411764706,0.32144338448776444,255,1636,34,775,False
0.3716927766799927,0.35736618846233226,0.23383768913342504,0.6016907800034157,0.8823529411764706,0.3210286188303608,255,1637,34,774,False
0.3716793656349182,0.35678685909188057,0.233623453962437,0.6012760143460121,0.8823529411764706,0.3201990875155537,255,1639,34,772,False
0.37143760919570923,0.3572658684598983,0.23443223443223443,0.6030061181522406,0.8858131487889274,0.3201990875155537,256,1639,33,772,False
0.3713412880897522,0.351738487242139,0.23241034952337722,0.5990658444069067,0.8858131487889274,0.31231854002488596,256,1658,33,753,False
0.37128251791000366,0.3514465677378029,0.2323049001814882,0.5988584615782049,0.8858131487889274,0.31190377436748234,256,1659,33,752,False
0.3712546229362488,0.35115454632557247,0.23219954648526078,0.5986510787495031,0.8858131487889274,0.3114890087100788,256,1660,33,751,False
0.3710004687309265,0.35057019695468294,0.23198912550974174,0.5982363130920996,0.8858131487889274,0.31065947739527167,256,1662,33,749,False
0.37049388885498047,0.3502778685845047,0.2318840579710145,0.5980289302633978,0.8858131487889274,0.3102447117378681,256,1663,33,748,False
0.370478093624115,0.34998543748339284,0.2317790855590765,0.597821547434696,0.8858131487889274,0.30982994608046455,256,1664,33,747,False
0.37046509981155396,0.3496929034454389,0.2316742081447964,0.5976141646059941,0.8858131487889274,0.309415180423061,256,1665,33,746,False
0.3702780604362488,0.34940026626467424,0.23156942559927635,0.5974067817772923,0.8858131487889274,0.3090004147656574,256,1666,33,745,False
0.37015801668167114,0.3498732815871453,0.23236889692585896,0.5991368855835207,0.889273356401384,0.3090004147656574,257,1666,32,745,False
0.3700180649757385,0.344289331360124,0.23038995965934558,0.5951966118381868,0.889273356401384,0.3011198672749896,257,1685,32,726,False
0.369901180267334,0.33866666666666667,0.22844444444444445,0.5912563380928529,0.889273356401384,0.2932393197843219,257,1704,32,707,False
0.3695905804634094,0.33836963748795745,0.22834295868502888,0.5910489552641511,0.889273356401384,0.29282455412691827,257,1705,32,706,False
0.3694079518318176,0.3380724969023723,0.22824156305506216,0.5908415724354494,0.889273356401384,0.2924097884695147,257,1706,32,705,False
0.36938250064849854,0.3377752447007422,0.22814025743453173,0.5906341896067476,0.889273356401384,0.29199502281211115,257,1707,32,704,False
0.3684903383255005,0.33210596700407047,0.2262323943661972,0.5866939158614137,0.889273356401384,0.2841144753214434,257,1726,32,685,False
0.3681933283805847,0.33180643842406327,0.22613286405631325,0.5864865330327119,0.889273356401384,0.28369970966403985,257,1727,32,684,False
0.36817795038223267,0.3322664451860893,0.22691292875989447,0.5882166368389403,0.8927335640138409,0.28369970966403985,258,1727,31,684,False
0.3680468201637268,0.3319665934065934,0.22681318681318682,0.5880092540102385,0.8927335640138409,0.28328494400663623,258,1728,31,683,False
0.3676721453666687,0.3316666254115201,0.22671353251318102,0.5878018711815367,0.8927335640138409,0.28287017834923267,258,1729,31,682,False
0.3676638603210449,0.3313665409893953,0.22661396574440051,0.587594488352835,0.8927335640138409,0.2824554126918291,258,1730,31,681,False
0.3676273226737976,0.3310663399286493,0.22651448639157157,0.5873871055241332,0.8927335640138409,0.28204064703442555,258,1731,31,680,False
0.367618203163147,0.3315252210850951,0.22729267222465993,0.5891172093303616,0.8961937716262975,0.28204064703442555,259,1731,30,680,False
0.3676035404205322,0.3312246963562753,0.22719298245614036,0.5889098265016598,0.8961937716262975,0.281625881377022,259,1732,30,679,False
0.3674062490463257,0.3316830743787388,0.22797018851380974,0.5906399303078882,0.8996539792387543,0.281625881377022,260,1732,29,679,False
0.3672144412994385,0.33138222607246715,0.22787028921998248,0.5904325474791864,0.8996539792387543,0.28121111571961843,260,1733,29,678,False
0.36711370944976807,0.33108126053682974,0.22777047744196233,0.5902251646504846,0.8996539792387543,0.2807963500622149,260,1734,29,677,False
0.36694735288619995,0.33078017755935696,0.2276707530647986,0.5900177818217828,0.8996539792387543,0.28038158440481126,260,1735,29,676,False
0.3667594790458679,0.33047897692748085,0.2275711159737418,0.589810398993081,0.8996539792387543,0.2799668187474077,260,1736,29,675,False
0.3666640520095825,0.3301776584285346,0.2274715660542432,0.5896030161643793,0.8996539792387543,0.27955205309000414,260,1737,29,674,False
0.36642634868621826,0.32957466697826593,0.22727272727272727,0.5891882505069757,0.8996539792387543,0.278722521775197,260,1739,29,672,False
0.366407573223114,0.3292729936011102,0.22717343818261249,0.588980867678274,0.8996539792387543,0.27830775611779346,260,1740,29,671,False
0.3661124110221863,0.3289712015052163,0.22707423580786026,0.5887734848495721,0.8996539792387543,0.2778929904603899,260,1741,29,670,False
0.36540812253952026,0.3286692904774146,0.22697512003491924,0.5885661020208703,0.8996539792387543,0.27747822480298634,260,1742,29,669,False
0.3653876781463623,0.3283672603044331,0.2268760907504363,0.5883587191921685,0.8996539792387543,0.2770634591455827,260,1743,29,668,False
0.3653632402420044,0.3280651107728971,0.226777147841256,0.5881513363634667,0.8996539792387543,0.27664869348817916,260,1744,29,667,False
0.3652825355529785,0.32776284166932856,0.22667829119442023,0.587943953534765,0.8996539792387543,0.2762339278307756,260,1745,29,666,False
0.36518919467926025,0.3274604527801459,0.22657952069716775,0.5877365707060632,0.8996539792387543,0.27581916217337205,260,1746,29,665,False
0.3649217486381531,0.32715794389166275,0.2264808362369338,0.5875291878773614,0.8996539792387543,0.2754043965159685,260,1747,29,664,False
0.36487358808517456,0.3268553147900882,0.22638223770134958,0.5873218050486596,0.8996539792387543,0.2749896308585649,260,1748,29,663,False
0.3647082448005676,0.3265525652615259,0.22628372497824195,0.5871144222199578,0.8996539792387543,0.27457486520116137,260,1749,29,662,False
0.36451804637908936,0.32624969509197316,0.22618529795563289,0.5869070393912561,0.8996539792387543,0.27416009954375775,260,1750,29,661,False
0.36449795961380005,0.3259467040673212,0.22608695652173913,0.5866996565625543,0.8996539792387543,0.2737453338863542,260,1751,29,660,False
0.36434024572372437,0.32640087036529847,0.22685788787483702,0.5884297603687826,0.903114186851211,0.2737453338863542,261,1751,28,660,False
0.3642107844352722,0.32685474611854065,0.22762814943527368,0.590159864175011,0.9065743944636678,0.2737453338863542,262,1751,27,660,False
0.3641796112060547,0.3265512224441986,0.2275293095961789,0.5899524813463093,0.9065743944636678,0.27333056822895063,262,1752,27,659,False
0.3640285134315491,0.3262475775193798,0.22743055555555555,0.5897450985176075,0.9065743944636678,0.2729158025715471,262,1753,27,658,False
0.36388301849365234,0.32594381112913906,0.22733188720173536,0.5895377156889057,0.9065743944636678,0.2725010369141435,262,1754,27,657,False
0.3636666536331177,0.3256399230584221,0.22723330442324371,0.5893303328602039,0.9065743944636678,0.27208627125673995,262,1755,27,656,False
0.36364585161209106,0.3198426435877262,0.2253763440860215,0.58539005911487,0.9065743944636678,0.26420572376607215,262,1774,27,637,False
0.36363691091537476,0.319536276573665,0.22527944969905417,0.5851826762861683,0.9065743944636678,0.2637909581086686,262,1775,27,636,False
0.36337679624557495,0.319229783336883,0.2251826385904598,0.5849752934574665,0.9065743944636678,0.26337619245126503,262,1776,27,635,False
0.3632742762565613,0.31892316365979384,0.22508591065292097,0.5847679106287647,0.9065743944636678,0.2629614267938615,262,1777,27,634,False
0.36285221576690674,0.31307307584470967,0.22326374094588836,0.5808276368834308,0.9065743944636678,0.2550808793031937,262,1796,27,615,False
0.36273205280303955,0.31276388147744605,0.2231686541737649,0.580620254054729,0.9065743944636678,0.2546661136457901,262,1797,27,614,False
0.36267608404159546,0.3124545560716856,0.22307364836100468,0.5804128712260272,0.9065743944636678,0.25425134798838656,262,1798,27,613,False
0.3625960946083069,0.3121450994070457,0.2229787234042553,0.5802054883973254,0.9065743944636678,0.253836582330983,262,1799,27,612,False
0.3623915910720825,0.3118355112630104,0.22288387920034028,0.5799981055686236,0.9065743944636678,0.25342181667357944,262,1800,27,611,False
0.36234593391418457,0.3115257914189298,0.2227891156462585,0.5797907227399218,0.9065743944636678,0.2530070510161759,262,1801,27,610,False
0.3621940016746521,0.31121593965401934,0.222694432639184,0.57958333991122,0.9065743944636678,0.2525922853587723,262,1802,27,609,False
0.36204761266708374,0.3109059557473595,0.22259983007646558,0.5793759570825183,0.9065743944636678,0.2521775197013687,262,1803,27,608,False
0.3620324730873108,0.31059583947789526,0.22250530785562633,0.5791685742538165,0.9065743944636678,0.25176275404396514,262,1804,27,607,False
0.361205518245697,0.3110385539534479,0.2232597623089983,0.5808986780600448,0.9100346020761245,0.25176275404396514,263,1804,26,607,False
0.36111634969711304,0.3107281001724539,0.22316504030547307,0.580691295231343,0.9100346020761245,0.2513479883865616,263,1805,26,606,False
0.361112117767334,0.31010679397952445,0.22297583721916067,0.5802765295739395,0.9100346020761245,0.25051845707175446,263,1807,26,604,False
0.36109811067581177,0.30979594112399644,0.2228813559322034,0.5800691467452377,0.9100346020761245,0.2501036914143509,263,1808,26,603,False
0.36031198501586914,0.3094849547998008,0.22278695468022025,0.5798617639165359,0.9100346020761245,0.24968892575694732,263,1809,26,602,False
0.3601500391960144,0.3091738347847948,0.222692633361558,0.5796543810878342,0.9100346020761245,0.24927416009954376,263,1810,26,601,False
0.3599891662597656,0.308551192793082,0.2225042301184433,0.5792396154304306,0.9100346020761245,0.24844462878473664,263,1812,26,599,False
0.3598911762237549,0.3079280133689139,0.22231614539306846,0.5788248497730271,0.9100346020761245,0.2476150974699295,263,1814,26,597,False
0.359819233417511,0.30836840383161646,0.22306717363751585,0.5805549535792554,0.9134948096885813,0.2476150974699295,264,1814,25,597,False
0.359735906124115,0.30805640733081363,0.22297297297297297,0.5803475707505537,0.9134948096885813,0.24720033181252593,264,1815,25,596,False
0.359391987323761,0.30774427580263547,0.2228788518362178,0.5801401879218518,0.9134948096885813,0.24678556615512234,264,1816,25,595,False
0.359311580657959,0.30743200902368717,0.22278481012658227,0.57993280509315,0.9134948096885813,0.24637080049771878,264,1817,25,594,False
0.3589664697647095,0.30680706881918285,0.22259696458684655,0.5795180394357465,0.9134948096885813,0.24554126918291166,264,1819,25,592,False
0.35856133699417114,0.3064943949461171,0.2225031605562579,0.5793106566070447,0.9134948096885813,0.24512650352550808,264,1820,25,591,False
0.35843533277511597,0.30618158492726055,0.22240943555181128,0.5791032737783429,0.9134948096885813,0.24471173786810452,264,1821,25,590,False
0.35835641622543335,0.305868638538495,0.22231578947368422,0.5788958909496411,0.9134948096885813,0.24429697221070096,264,1822,25,589,False
0.35799628496170044,0.3055555555555556,0.2222222222222222,0.5786885081209394,0.9134948096885813,0.2438822065532974,264,1823,25,588,False
0.3575770854949951,0.3052423357540305,0.2221287336979386,0.5784811252922376,0.9134948096885813,0.2434674408958938,264,1824,25,587,False
0.35749495029449463,0.30461548479683825,0.22194199243379573,0.578066359634834,0.9134948096885813,0.2426379095810867,264,1826,25,585,False
0.35742974281311035,0.30430185319160774,0.2218487394957983,0.5778589768061322,0.9134948096885813,0.24222314392368313,264,1827,25,584,False
0.35701829195022583,0.3039880838686638,0.22175556488870224,0.5776515939774305,0.9134948096885813,0.24180837826627954,264,1828,25,583,False
0.35700559616088867,0.3036741766028514,0.2216624685138539,0.5774442111487287,0.9134948096885813,0.24139361260887598,264,1829,25,582,False
0.35696685314178467,0.3033601311688653,0.22156945027276542,0.5772368283200269,0.9134948096885813,0.24097884695147243,264,1830,25,581,False
0.3567957282066345,0.30304594734124934,0.2214765100671141,0.5770294454913251,0.9134948096885813,0.24056408129406884,264,1831,25,580,False
0.3562660217285156,0.302731624894396,0.22138364779874214,0.5768220626626233,0.9134948096885813,0.24014931563666528,264,1832,25,579,False
0.35590243339538574,0.3024171636025455,0.22129086336965634,0.5766146798339216,0.9134948096885813,0.23973454997926172,264,1833,25,578,False
0.35587620735168457,0.3028533942637344,0.2220360284876414,0.5783447836401499,0.916955017301038,0.23973454997926172,265,1833,24,578,False
0.35578227043151855,0.30253858936114836,0.2219430485762144,0.578137400811448,0.916955017301038,0.23931978432185816,265,1834,24,577,False
0.35574227571487427,0.3022236451554291,0.22185014650481372,0.5779300179827462,0.916955017301038,0.23890501866445457,265,1835,24,576,False
0.35550612211227417,0.30190856142009204,0.2217573221757322,0.5777226351540445,0.916955017301038,0.238490253007051,265,1836,24,575,False
0.35548675060272217,0.295895157452432,0.22000830220008302,0.5737823614087106,0.916955017301038,0.23060970551638324,265,1855,24,556,False
0.35518878698349,0.29557723532105634,0.21991701244813278,0.5735749785800088,0.916955017301038,0.23019493985897968,265,1856,24,555,False
0.35514581203460693,0.2952591688673484,0.2198257984238905,0.573367595751307,0.916955017301038,0.22978017420157612,265,1857,24,554,False
0.3549678325653076,0.2949409578612959,0.2197346600331675,0.5731602129226052,0.916955017301038,0.22936540854417253,265,1858,24,553,False
0.35495734214782715,0.29462260207271984,0.21964359718193122,0.5729528300939035,0.916955017301038,0.22895064288676897,265,1859,24,552,False
0.35404258966445923,0.29430410127127365,0.2195526097763049,0.5727454472652017,0.916955017301038,0.22853587722936541,265,1860,24,551,False
0.35391753911972046,0.2939854552264428,0.2194616977225673,0.5725380644364999,0.916955017301038,0.22812111157196185,265,1861,24,550,False
0.3535791039466858,0.293666663707544,0.21937086092715233,0.5723306816077981,0.916955017301038,0.22770634591455827,265,1862,24,549,False
0.3535757064819336,0.287581676714302,0.21765913757700206,0.5683904078624642,0.916955017301038,0.2198257984238905,265,1881,24,530,False
0.353537917137146,0.2880078179533715,0.21839080459770116,0.5701205116686927,0.9204152249134948,0.2198257984238905,266,1881,23,530,False
0.3533926010131836,0.2818647367383704,0.21670061099796334,0.5661802379233588,0.9204152249134948,0.21194525093322272,266,1900,23,511,False
0.35330259799957275,0.2815398845772554,0.21661237785016288,0.565972855094657,0.9204152249134948,0.21153048527581916,266,1901,23,510,False
0.3532786965370178,0.2812148775451528,0.21652421652421652,0.5657654722659552,0.9204152249134948,0.2111157196184156,266,1902,23,509,False
0.3532342314720154,0.27501000024309985,0.2148626817447496,0.5618251985206213,0.9204152249134948,0.20323517212774783,266,1921,23,490,False
0.3530746102333069,0.2746818454723587,0.2147759386354461,0.5616178156919195,0.9204152249134948,0.20282040647034424,266,1922,23,489,False
0.35293006896972656,0.27435353078341973,0.21468926553672316,0.5614104328632178,0.9204152249134948,0.20240564081294068,266,1923,23,488,False
0.3528728485107422,0.2747707929075994,0.2154094392900363,0.5631405366694462,0.9238754325259516,0.20240564081294068,267,1923,22,488,False
0.35286128520965576,0.27444211224038884,0.2153225806451613,0.5629331538407444,0.9238754325259516,0.20199087515553713,267,1924,22,487,False
0.3524770736694336,0.27411327113814216,0.21523579201934703,0.5627257710120426,0.9238754325259516,0.20157610949813357,267,1925,22,486,False
0.3522406220436096,0.2737842693576064,0.21514907332796132,0.5625183881833408,0.9238754325259516,0.20116134384072998,267,1926,22,485,False
0.3517345190048218,0.27345510665532136,0.21506242448650825,0.562311005354639,0.9238754325259516,0.20074657818332642,267,1927,22,484,False
0.35170769691467285,0.27312578278761857,0.21497584541062803,0.5621036225259373,0.9238754325259516,0.20033181252592286,267,1928,22,483,False
0.3516806364059448,0.2724666505802432,0.21480289621882542,0.5616888568685336,0.9238754325259516,0.1995022812111157,267,1930,22,481,False
0.35149121284484863,0.27213684175218866,0.2147165259348613,0.5614814740398318,0.9238754325259516,0.19908751555371215,267,1931,22,480,False
0.35136961936950684,0.27180687078195115,0.21463022508038584,0.5612740912111301,0.9238754325259516,0.1986727498963086,267,1932,22,479,False
0.35133934020996094,0.2711464414358465,0.21445783132530122,0.5608593255537265,0.9238754325259516,0.19784321858150145,267,1934,22,477,False
0.3511349558830261,0.2708159825699089,0.21437173825772782,0.5606519427250247,0.9238754325259516,0.19742845292409789,267,1935,22,476,False
0.3510376811027527,0.2704853605816467,0.21428571428571427,0.560444559896323,0.9238754325259516,0.19701368726669433,267,1936,22,475,False
0.35092228651046753,0.2708996956183195,0.21500200561572402,0.5621746637025513,0.9273356401384083,0.19701368726669433,268,1936,21,475,False
0.3508028984069824,0.2645826349312772,0.21337579617834396,0.5582343899572174,0.9273356401384083,0.18913313977602655,268,1955,21,456,False
0.3507031202316284,0.25820488198000424,0.2117740023706045,0.5542941162118835,0.9273356401384083,0.18125259228535878,268,1974,21,437,False
0.3506205081939697,0.2578674968767971,0.21169036334913113,0.5540867333831817,0.9273356401384083,0.1808378266279552,268,1975,21,436,False
0.3502205014228821,0.25752993860875995,0.21160679036715357,0.55387935055448,0.9273356401384083,0.18042306097055164,268,1976,21,435,False
0.3501729965209961,0.2579357582653994,0.2123125493291239,0.5556094543607084,0.9307958477508651,0.18042306097055164,269,1976,20,435,False
0.3501361012458801,0.257597819015459,0.21222879684418147,0.5554020715320066,0.9307958477508651,0.18000829531314808,269,1977,20,434,False
0.35009098052978516,0.25725970604303616,0.21214511041009465,0.5551946887033048,0.9307958477508651,0.17959352965574452,269,1978,20,433,False
0.35008251667022705,0.25658295790772706,0.2119779353821907,0.5547799230459012,0.9307958477508651,0.17876399834093737,269,1980,20,431,False
0.3500652313232422,0.25011874873702655,0.21040281579976536,0.5508396493005674,0.9307958477508651,0.1708834508502696,269,1999,20,412,False
0.35005080699920654,0.24943456909027212,0.21023837436498632,0.5504248836431638,0.9307958477508651,0.17005391953546245,269,2001,20,410,False
0.3500116467475891,0.24909220950704225,0.21015625,0.550217500814462,0.9307958477508651,0.1696391538780589,269,2002,20,409,False
0.3498340845108032,0.24874966973511003,0.21007418976962125,0.5500101179857602,0.9307958477508651,0.16922438822065533,269,2003,20,408,False
0.34944891929626465,0.2484069495125538,0.209992193598751,0.5498027351570585,0.9307958477508651,0.16880962256325177,269,2004,20,407,False
0.34899812936782837,0.24880670136872285,0.21069059695669137,0.5515328389632868,0.9342560553633218,0.16880962256325177,270,2004,19,407,False
0.34827721118927,0.2484635915761031,0.21060842433697347,0.551325456134585,0.9342560553633218,0.16839485690584818,270,2005,19,406,False
0.34812813997268677,0.2477768286330501,0.21044427123928294,0.5509106904771814,0.9342560553633218,0.16756532559104106,270,2007,19,404,False
0.34782344102859497,0.24743317495635156,0.21036229061160888,0.5507033076484796,0.9342560553633218,0.1671505599336375,270,2008,19,403,False
0.3477814793586731,0.24708933945826073,0.2102803738317757,0.5504959248197778,0.9342560553633218,0.16673579427623392,270,2009,19,402,False
0.3473013639450073,0.2467453218749927,0.21019852082522383,0.5502885419910761,0.9342560553633218,0.16632102861883036,270,2010,19,401,False
0.347281277179718,0.24640112194250047,0.21011673151750973,0.5500811591623743,0.9342560553633218,0.1659062629614268,270,2011,19,400,False
0.34712308645248413,0.2467991749066697,0.21081291326332166,0.5518112629686027,0.9377162629757786,0.1659062629614268,271,2011,18,400,False
0.34697622060775757,0.24645458324992686,0.21073094867807154,0.5516038801399009,0.9377162629757786,0.16549149730402324,271,2012,18,399,False
0.3468793034553528,0.2461098086562162,0.2106490478041197,0.5513964973111991,0.9377162629757786,0.16507673164661965,271,2013,18,398,False
0.34679514169692993,0.24576485086039226,0.21056721056721056,0.5511891144824973,0.9377162629757786,0.1646619659892161,271,2014,18,397,False
0.346566379070282,0.2454197095970444,0.21048543689320387,0.5509817316537956,0.9377162629757786,0.16424720033181253,271,2015,18,396,False
0.3462926745414734,0.2450743846004962,0.21040372670807453,0.5507743488250938,0.9377162629757786,0.16383243467440897,271,2016,18,395,False
0.3460503816604614,0.24472887560480452,0.2103220799379123,0.550566965996392,0.9377162629757786,0.16341766901700538,271,2017,18,394,False
0.3459450602531433,0.24438318234375922,0.21024049650892165,0.5503595831676902,0.9377162629757786,0.16300290335960183,271,2018,18,393,False
0.3459426760673523,0.24403730455088196,0.21015897634742148,0.5501522003389885,0.9377162629757786,0.16258813770219827,271,2019,18,392,False
0.3451157212257385,0.24443344878772885,0.21085271317829457,0.5518823041452168,0.9411764705882353,0.16258813770219827,272,2019,17,392,False
0.34497183561325073,0.24408717675033767,0.2107710189848896,0.551674921316515,0.9411764705882353,0.16217337204479468,272,2020,17,391,False
0.34490859508514404,0.2437407195856668,0.21068938807126258,0.5514675384878132,0.9411764705882353,0.16175860638739112,272,2021,17,390,False
0.3447495698928833,0.24339407702611943,0.21060782036391792,0.5512601556591115,0.9411764705882353,0.16134384072998756,272,2022,17,389,False
0.344402551651001,0.24304724880382775,0.21052631578947367,0.5510527728304097,0.9411764705882353,0.160929075072584,272,2023,17,388,False
0.344216525554657,0.24270023465065224,0.21044487427466152,0.5508453900017078,0.9411764705882353,0.1605143094151804,272,2024,17,387,False
0.343936562538147,0.24235303429818095,0.21036349574632637,0.550638007173006,0.9411764705882353,0.16009954375777685,272,2025,17,386,False
0.34390032291412354,0.24200564747772882,0.21028218013142636,0.5504306243443042,0.9411764705882353,0.1596847781003733,272,2026,17,385,False
0.3436383008956909,0.2413103133567721,0.21011973735032832,0.5500158586869007,0.9411764705882353,0.15885524678556615,272,2028,17,383,False
0.3435763120651245,0.24170433778974704,0.21081081081081082,0.5517459624931291,0.9446366782006921,0.15885524678556615,273,2028,16,383,False
0.3434549570083618,0.24135618007894621,0.21072944808954072,0.5515385796644273,0.9446366782006921,0.15844048112816259,273,2029,16,382,False
0.343284010887146,0.24100783475783474,0.21064814814814814,0.5513311968357255,0.9446366782006921,0.15802571547075903,273,2030,16,381,False
0.34323424100875854,0.2406593015560377,0.21056691091399923,0.5511238140070238,0.9446366782006921,0.15761094981335547,273,2031,16,380,False
0.34321171045303345,0.24031058020290258,0.2104857363145721,0.550916431178322,0.9446366782006921,0.15719618415595188,273,2032,16,379,False
0.3426569700241089,0.23996167042749839,0.21040462427745665,0.5507090483496202,0.9446366782006921,0.15678141849854832,273,2033,16,378,False
0.34237563610076904,0.23961257195861516,0.2103235747303544,0.5505016655209184,0.9446366782006921,0.15636665284114476,273,2034,16,377,False
0.34202998876571655,0.23926328452476314,0.21024258760107817,0.5502942826922166,0.9446366782006921,0.15595188718374117,273,2035,16,376,False
0.341982901096344,0.23891380785417216,0.21016166281755197,0.5500868998635149,0.9446366782006921,0.1555371215263376,273,2036,16,375,False
0.3419235348701477,0.23856414167479073,0.2100808003078107,0.5498795170348131,0.9446366782006921,0.15512235586893405,273,2037,16,374,False
0.34138935804367065,0.2382142857142857,0.21,0.5496721342061113,0.9446366782006921,0.1547075902115305,273,2038,16,373,False
0.34130895137786865,0.23786423970004117,0.209919261822376,0.5494647513774095,0.9446366782006921,0.1542928245541269,273,2039,16,372,False
0.3410763740539551,0.23751400335915793,0.20983858570330516,0.5492573685487077,0.9446366782006921,0.15387805889672335,273,2040,16,371,False
0.34080058336257935,0.23716357641845284,0.2097579715712639,0.549049985720006,0.9446366782006921,0.1534632932393198,273,2041,16,370,False
0.3406949043273926,0.236812958604458,0.20967741935483872,0.5488426028913042,0.9446366782006921,0.15304852758191623,273,2042,16,369,False
0.34015846252441406,0.23646214964342002,0.20959692898272553,0.5486352200626023,0.9446366782006921,0.15263376192451264,273,2043,16,368,False
0.3398142457008362,0.23611114926129945,0.20951650038372985,0.5484278372339005,0.9446366782006921,0.15221899626710908,273,2044,16,367,False
0.3398032784461975,0.2357599571837699,0.2094361334867664,0.5482204544051988,0.9446366782006921,0.15180423060970552,273,2045,16,366,False
0.3395395874977112,0.2354085731362174,0.2093558282208589,0.548013071576497,0.9446366782006921,0.15138946495230196,273,2046,16,365,False
0.3388477563858032,0.2347052280311457,0.20919540229885059,0.5475983059190934,0.9446366782006921,0.1505599336374948,273,2048,16,363,False
0.33872199058532715,0.23435326642295423,0.20911528150134048,0.5473909230903917,0.9446366782006921,0.15014516798009125,273,2049,16,362,False
0.33859390020370483,0.2340011117433938,0.20903522205206737,0.5471835402616899,0.9446366782006921,0.1497304023226877,273,2050,16,361,False
0.33849388360977173,0.23364876371640184,0.208955223880597,0.5469761574329881,0.9446366782006921,0.1493156366652841,273,2051,16,360,False
0.3381473422050476,0.23329622206562378,0.2088752869166029,0.5467687746042863,0.9446366782006921,0.14890087100788055,273,2052,16,359,False
0.33797353506088257,0.23294348651441243,0.20879541108986616,0.5465613917755845,0.9446366782006921,0.148486105350477,273,2053,16,358,False
0.3379625678062439,0.2325905567858273,0.20871559633027523,0.5463540089468828,0.9446366782006921,0.1480713396930734,273,2054,16,357,False
0.3378245234489441,0.2322374326026337,0.20863584256782575,0.546146626118181,0.9446366782006921,0.14765657403566984,273,2055,16,356,False
0.3377935290336609,0.23188411368730225,0.20855614973262032,0.5459392432894792,0.9446366782006921,0.14724180837826628,273,2056,16,355,False
0.3374536633491516,0.23227200776995593,0.2092401680030546,0.5476693470957075,0.9480968858131488,0.14724180837826628,274,2056,15,355,False
0.3373527526855469,0.23191828216815863,0.20916030534351146,0.5474619642670058,0.9480968858131488,0.14682704272086272,274,2057,15,354,False
0.33704280853271484,0.23156436120415297,0.20908050362457078,0.547254581438304,0.9480968858131488,0.14641227706345913,274,2058,15,353,False
0.33704060316085815,0.23121024459919637,0.20900076277650648,0.5470471986096022,0.9480968858131488,0.14599751140605557,274,2059,15,352,False
0.3369818925857544,0.23085593207424804,0.2089210827296988,0.5468398157809004,0.9480968858131488,0.14558274574865201,274,2060,15,351,False
0.336625337600708,0.23050142334996837,0.20884146341463414,0.5466324329521987,0.9480968858131488,0.14516798009124846,274,2061,15,350,False
0.33657699823379517,0.23014671814671814,0.20876190476190476,0.5464250501234968,0.9480968858131488,0.14475321443384487,274,2062,15,349,False
0.33593589067459106,0.22979181618455785,0.2086824067022087,0.546217667294795,0.9480968858131488,0.1443384487764413,274,2063,15,348,False
0.33588314056396484,0.22943671718324685,0.20860296916634946,0.5460102844660932,0.9480968858131488,0.14392368311903775,274,2064,15,347,False
0.3358517289161682,0.22265202377247195,0.20710506424792138,0.5420700107207593,0.9480968858131488,0.13604313562836998,274,2083,15,328,False
0.3357633352279663,0.22193362256727323,0.20694864048338368,0.5416552450633558,0.9480968858131488,0.13521360431356283,274,2085,15,326,False
0.3352912664413452,0.22157411718502035,0.20687051717629293,0.541447862234654,0.9480968858131488,0.13479883865615927,274,2086,15,325,False
0.33518654108047485,0.22121440823327615,0.20679245283018868,0.5412404794059522,0.9480968858131488,0.1343840729987557,274,2087,15,324,False
0.33500295877456665,0.22085449542435032,0.2067144473783478,0.5410330965772504,0.9480968858131488,0.13396930734135212,274,2088,15,323,False
0.33406513929367065,0.22049437847023257,0.2066365007541478,0.5408257137485487,0.9480968858131488,0.13355454168394856,274,2089,15,322,False
0.333815336227417,0.22013405708259198,0.20655861289106672,0.5406183309198469,0.9480968858131488,0.133139776026545,274,2090,15,321,False
0.33367788791656494,0.2197735309727762,0.20648078372268275,0.5404109480911451,0.9480968858131488,0.13272501036914144,274,2091,15,320,False
0.3329474925994873,0.2194127998518107,0.2064030131826742,0.5402035652624433,0.9480968858131488,0.13231024471173786,274,2092,15,319,False
0.3327428698539734,0.22017257875145563,0.20775310500564548,0.5436637728749001,0.9550173010380623,0.13231024471173786,276,2092,13,319,False
0.3326563835144043,0.2198112135776064,0.2076749435665914,0.5434563900461983,0.9550173010380623,0.1318954790543343,276,2093,13,318,False
0.3323131203651428,0.21944964264050462,0.20759684091763822,0.5432490072174965,0.9550173010380623,0.13148071339693074,276,2094,13,317,False
0.33207571506500244,0.21908786564952526,0.2075187969924812,0.5430416243887948,0.9550173010380623,0.13106594773952718,276,2095,13,316,False
0.3319181799888611,0.2187258823137173,0.20744081172491544,0.542834241560093,0.9550173010380623,0.1306511820821236,276,2096,13,315,False
0.3318619728088379,0.21800129544217564,0.20728501689823509,0.5424194759026894,0.9550173010380623,0.12982165076731647,276,2098,13,313,False
0.3317697048187256,0.21763869132290184,0.2072072072072072,0.5422120930739875,0.9550173010380623,0.1294068851099129,276,2099,13,312,False
0.3316636085510254,0.21727587969171774,0.20712945590994372,0.5420047102452858,0.9550173010380623,0.12899211945250932,276,2100,13,311,False
0.3316606283187866,0.21654963272291294,0.20697412823397077,0.5415899445878822,0.9550173010380623,0.1281625881377022,276,2102,13,309,False
0.3315955400466919,0.21618619679911144,0.20689655172413793,0.5413825617591804,0.9550173010380623,0.12774782248029865,276,2103,13,308,False
0.3314335346221924,0.21582255219103644,0.2068190333458224,0.5411751789304786,0.9550173010380623,0.12733305682289506,276,2104,13,307,False
0.3313558101654053,0.21545869860476602,0.20674157303370785,0.5409677961017769,0.9550173010380623,0.1269182911654915,276,2105,13,306,False
0.3311578035354614,0.21509463574604423,0.2066641707225758,0.5407604132730751,0.9550173010380623,0.12650352550808794,276,2106,13,305,False
0.3311244249343872,0.21473036332028025,0.20658682634730538,0.5405530304443733,0.9550173010380623,0.12608875985068435,276,2107,13,304,False
0.3310348391532898,0.2143658810325477,0.20650953984287318,0.5403456476156715,0.9550173010380623,0.1256739941932808,276,2108,13,303,False
0.33097898960113525,0.2136362856897882,0.2063551401869159,0.539930881958268,0.9550173010380623,0.12484446287847366,276,2110,13,301,False
0.33085858821868896,0.21401197131625216,0.2070254110612855,0.5416609857644964,0.9584775086505191,0.12484446287847366,277,2110,12,301,False
0.3306587338447571,0.2136466418482219,0.20694807620470676,0.5414536029357946,0.9584775086505191,0.1244296972210701,277,2111,12,300,False
0.3305055499076843,0.20666492546485699,0.20548961424332343,0.5375133291904607,0.9584775086505191,0.11654914973040233,277,2130,12,281,False
0.3303799629211426,0.20629531641397086,0.20541342232109752,0.5373059463617589,0.9584775086505191,0.11613438407299875,277,2131,12,280,False
0.3302449584007263,0.2059254902197477,0.20533728687916974,0.5370985635330572,0.9584775086505191,0.1157196184155952,277,2132,12,279,False
0.32973146438598633,0.20555544657825056,0.205261207854761,0.5368911807043554,0.9584775086505191,0.11530485275819162,277,2133,12,278,False
0.3295857906341553,0.2051851851851852,0.2051851851851852,0.5366837978756536,0.9584775086505191,0.11489008710078806,277,2134,12,277,False
0.3293483853340149,0.20481470573589927,0.20510921880784894,0.5364764150469518,0.9584775086505191,0.11447532144338449,277,2135,12,276,False
0.32907503843307495,0.2044440079253816,0.20503330866025166,0.53626903221825,0.9584775086505191,0.11406055578598093,277,2136,12,275,False
0.3290497660636902,0.20407309144826102,0.2049574546799852,0.5360616493895483,0.9584775086505191,0.11364579012857735,277,2137,12,274,False
0.3285501003265381,0.20370195599880603,0.20488165680473372,0.5358542665608464,0.9584775086505191,0.11323102447117378,277,2138,12,273,False
0.3285408020019531,0.20333060127092342,0.20480591497227357,0.5356468837321446,0.9584775086505191,0.11281625881377022,277,2139,12,272,False
0.3285313844680786,0.20295902695815782,0.20473022912047303,0.5354395009034428,0.9584775086505191,0.11240149315636665,277,2140,12,271,False
0.3281802535057068,0.20258723275369067,0.2046545991872922,0.535232118074741,0.9584775086505191,0.11198672749896309,277,2141,12,270,False
0.32809513807296753,0.20184298344055673,0.20450350682908822,0.5348173524173375,0.9584775086505191,0.11115719618415595,277,2143,12,268,False
0.327911376953125,0.2014705277164296,0.2044280442804428,0.5346099695886357,0.9584775086505191,0.11074243052675238,277,2144,12,267,False
0.32774078845977783,0.20109785086967835,0.20435263740317225,0.5344025867599339,0.9584775086505191,0.11032766486934882,277,2145,12,266,False
0.32753312587738037,0.20146570796460178,0.20501474926253688,0.5361326905661623,0.9619377162629758,0.11032766486934882,278,2145,11,266,False
0.32737457752227783,0.2010925904866656,0.20493918171765574,0.5359253077374605,0.9619377162629758,0.10991289921194525,278,2146,11,265,False
0.32726556062698364,0.20071925116230832,0.20486366985998525,0.5357179249087587,0.9619377162629758,0.10949813355454169,278,2147,11,264,False
0.32709985971450806,0.2003456896817803,0.20478821362799263,0.5355105420800569,0.9619377162629758,0.10908336789713811,278,2148,11,263,False
0.3270648121833801,0.19997190573496132,0.20471281296023564,0.5353031592513552,0.9619377162629758,0.10866860223973455,278,2149,11,262,False
0.3270610570907593,0.19959789901136,0.20463746779536254,0.5350957764226534,0.9619377162629758,0.10825383658233098,278,2150,11,261,False
0.3269643783569336,0.19922366920011259,0.20456217807211186,0.5348883935939516,0.9619377162629758,0.10783907092492742,278,2151,11,260,False
0.326776921749115,0.1988492159899825,0.20448694372931225,0.5346810107652498,0.9619377162629758,0.10742430526752385,278,2152,11,259,False
0.32668256759643555,0.19847453906935908,0.20441176470588235,0.5344736279365481,0.9619377162629758,0.10700953961012029,278,2153,11,258,False
0.32650595903396606,0.19809963812625703,0.20433664094083057,0.5342662451078463,0.9619377162629758,0.10659477395271671,278,2154,11,257,False
0.3263564109802246,0.19772451284831533,0.20426157237325496,0.5340588622791445,0.9619377162629758,0.10618000829531314,278,2155,11,256,False
0.32635486125946045,0.19055409073066093,0.20284567676030646,0.5301185885338106,0.9619377162629758,0.09829946080464537,278,2174,11,237,False
0.32617372274398804,0.19017441257390677,0.20277169948942378,0.5299112057051087,0.9619377162629758,0.09788469514724181,278,2175,11,236,False
0.3261193633079529,0.18979450343441018,0.2026977761574918,0.529703822876407,0.9619377162629758,0.09746992948983824,278,2176,11,235,False
0.326066255569458,0.18941436299132391,0.20262390670553937,0.5294964400477052,0.9619377162629758,0.09705516383243468,278,2177,11,234,False
0.3260084390640259,0.18903399092340467,0.20255009107468125,0.5292890572190034,0.9619377162629758,0.0966403981750311,278,2178,11,233,False
0.32562386989593506,0.1886533869090123,0.202476329206118,0.5290816743903016,0.9619377162629758,0.09622563251762754,278,2179,11,232,False
0.3255659341812134,0.18827255062610881,0.2024026210411358,0.5288742915615998,0.9619377162629758,0.09581086686022397,278,2180,11,231,False
0.325334370136261,0.1878914817522575,0.20232896652110627,0.5286669087328981,0.9619377162629758,0.09539610120282041,278,2181,11,230,False
0.32499098777770996,0.1875101799646221,0.20225536558748636,0.5284595259041963,0.9619377162629758,0.09498133554541684,278,2182,11,229,False
0.324779212474823,0.1871286449399657,0.20218181818181818,0.5282521430754945,0.9619377162629758,0.09456656988801328,278,2183,11,228,False
0.3241674304008484,0.18674687635464998,0.20210832424572883,0.5280447602467927,0.9619377162629758,0.0941518042306097,278,2184,11,227,False
0.3240044116973877,0.18598263720547464,0.20196149654921902,0.5276299945893892,0.9619377162629758,0.09332227291580257,278,2186,11,225,False
0.3235129117965698,0.18560016599232285,0.2018881626724764,0.5274226117606874,0.9619377162629758,0.09290750725839901,278,2187,11,224,False
0.32208049297332764,0.1852174599199256,0.20181488203266787,0.5272152289319856,0.9619377162629758,0.09249274160099544,278,2188,11,223,False
0.3217451572418213,0.1848345186626236,0.20174165457184326,0.5270078461032838,0.9619377162629758,0.09207797594359186,278,2189,11,222,False
0.3207927942276001,0.18406792928863197,0.20159535895576505,0.5265930804458803,0.9619377162629758,0.09124844462878473,278,2191,11,220,False
0.32079118490219116,0.18368428051858507,0.2015222906850308,0.5263856976171785,0.9619377162629758,0.09083367897138117,278,2192,11,219,False
0.3207043409347534,0.1840415019762846,0.20217391304347826,0.5281158014234069,0.9653979238754326,0.09083367897138117,279,2192,10,219,False
0.3206866383552551,0.18365739220252203,0.20210068815646504,0.527908418594705,0.9653979238754326,0.0904189133139776,279,2193,10,218,False
0.32023143768310547,0.18327304548516393,0.20202751629254165,0.5277010357660032,0.9653979238754326,0.09000414765657404,279,2194,10,217,False
0.32020342350006104,0.1828884614957032,0.20195439739413681,0.5274936529373015,0.9653979238754326,0.08958938199917046,279,2195,10,216,False
0.31937897205352783,0.18324479707665653,0.20260492040520983,0.5292237567435298,0.9688581314878892,0.08958938199917046,280,2195,9,216,False
0.31935644149780273,0.18360092097271738,0.20325497287522604,0.5309538605497582,0.972318339100346,0.08958938199917046,281,2195,8,216,False
0.3192822337150574,0.18321564984509262,0.2031814895155459,0.5307464777210564,0.972318339100346,0.0891746163417669,281,2196,8,215,False
0.3188914656639099,0.18283014053509766,0.20310805926996747,0.5305390948923547,0.972318339100346,0.08875985068436333,281,2197,8,214,False
0.31833416223526,0.183540855694645,0.20440592271578187,0.5339993025048114,0.9792387543252595,0.08875985068436333,283,2197,6,214,False
0.3183119297027588,0.18315465813784298,0.2043321299638989,0.5337919196761096,0.9792387543252595,0.08834508502695977,283,2198,6,213,False
0.3182178735733032,0.18276822148209756,0.20425839047275351,0.5335845368474079,0.9792387543252595,0.0879303193695562,283,2199,6,212,False
0.31789833307266235,0.18238154539524404,0.2041847041847042,0.5333771540187061,0.9792387543252595,0.08751555371215264,283,2200,6,211,False
0.31751227378845215,0.18199462954469736,0.20411107104219256,0.5331697711900043,0.9792387543252595,0.08710078805474906,283,2201,6,210,False
0.31593579053878784,0.18160747359745125,0.20403749098774332,0.5329623883613025,0.9792387543252595,0.0866860223973455,283,2202,6,209,False
0.3156692385673523,0.1812200772200772,0.20396396396396396,0.5327550055326007,0.9792387543252595,0.08627125673994193,283,2203,6,208,False
0.31420761346817017,0.1738134177447452,0.20257695060844666,0.5288147317872669,0.9792387543252595,0.07839070924927416,283,2222,6,189,False
0.3141980767250061,0.17342114208605303,0.20250447227191412,0.5286073489585651,0.9792387543252595,0.07797594359187059,283,2223,6,188,False
0.313787579536438,0.17302861889598703,0.20243204577968527,0.5283999661298633,0.9792387543252595,0.07756117793446703,283,2224,6,187,False
0.3136822581291199,0.172635847831584,0.20235967107615302,0.5281925833011615,0.9792387543252595,0.07714641227706345,283,2225,6,186,False
0.3132798671722412,0.17224282854943607,0.20228734810578985,0.5279852004724597,0.9792387543252595,0.0767316466196599,283,2226,6,185,False
0.31294000148773193,0.1718495607056895,0.20221507681314754,0.527777817643758,0.9792387543252595,0.07631688096225632,283,2227,6,184,False
0.3127861022949219,0.17145604395604397,0.20214285714285715,0.5275704348150562,0.9792387543252595,0.07590211530485276,283,2228,6,183,False
0.3118652105331421,0.17106227795575124,0.20207068903962871,0.5273630519863544,0.9792387543252595,0.07548734964744919,283,2229,6,182,False
0.3111051917076111,0.17066826235961446,0.20199857244825126,0.5271556691576526,0.9792387543252595,0.07507258399004563,283,2230,6,181,False
0.31088441610336304,0.1710158171198662,0.2026400285408491,0.528885772963881,0.9826989619377162,0.07507258399004563,284,2230,5,181,False
0.3108329176902771,0.17062132238998218,0.20256776034236804,0.5286783901351791,0.9826989619377162,0.07465781833264205,284,2231,5,180,False
0.31030869483947754,0.1702265772309975,0.20249554367201425,0.5284710073064773,0.9826989619377162,0.0742430526752385,284,2232,5,179,False
0.3102871775627136,0.1698315812959453,0.20242337847469707,0.5282636244777755,0.9826989619377162,0.07382828701783492,284,2233,5,178,False
0.30996429920196533,0.16943633423740523,0.20235126469540435,0.5280562416490738,0.9826989619377162,0.07341352136043136,284,2234,5,177,False
0.30962038040161133,0.1690408357075024,0.2022792022792023,0.527848858820372,0.9826989619377162,0.07299875570302779,284,2235,5,176,False
0.3094940185546875,0.16864508535790634,0.2022071911712353,0.5276414759916702,0.9826989619377162,0.07258399004562423,284,2236,5,175,False
0.3080018162727356,0.16824908283983017,0.20213523131672598,0.5274340931629684,0.9826989619377162,0.07216922438822065,284,2237,5,174,False
0.3078784942626953,0.1674563199008005,0.2019914651493599,0.5270193275055649,0.9826989619377162,0.07133969307341352,284,2239,5,172,False
0.3069520592689514,0.16705955877998102,0.20191965872733736,0.5268119446768631,0.9826989619377162,0.07092492741600996,284,2240,5,171,False
0.30693405866622925,0.16666254409094733,0.20184790334044064,0.5266045618481613,0.9826989619377162,0.07051016175860639,284,2241,5,170,False
0.3069295883178711,0.16626527548261422,0.20177619893428064,0.5263971790194595,0.9826989619377162,0.07009539610120281,284,2242,5,169,False
0.3068588972091675,0.16586775260343373,0.20170454545454544,0.5261897961907578,0.9826989619377162,0.06968063044379925,284,2243,5,168,False
0.30655378103256226,0.1654699751013941,0.20163294284700037,0.525982413362056,0.9826989619377162,0.06926586478639568,284,2244,5,167,False
0.306529700756073,0.16507194262401875,0.20156139105748758,0.5257750305333542,0.9826989619377162,0.06885109912899212,284,2245,5,166,False
0.30548810958862305,0.16467365481836527,0.20148989003192622,0.5255676477046524,0.9826989619377162,0.06843633347158855,284,2246,5,165,False
0.30529892444610596,0.16427511133102424,0.20141843971631207,0.5253602648759506,0.9826989619377162,0.06802156781418499,284,2247,5,164,False
0.3052380681037903,0.16387631180811835,0.20134704005671747,0.5251528820472489,0.9826989619377162,0.06760680215678141,284,2248,5,163,False
0.30481892824172974,0.1634772558953012,0.2012756909992913,0.524945499218547,0.9826989619377162,0.06719203649937786,284,2249,5,162,False
0.3039628267288208,0.16307794323775637,0.2012043924902586,0.5247381163898452,0.9826989619377162,0.06677727084197428,284,2250,5,161,False
0.30334651470184326,0.16267837348019637,0.20113314447592068,0.5245307335611434,0.9826989619377162,0.06636250518457072,284,2251,5,160,False
0.3031724691390991,0.16227854626686142,0.20106194690265486,0.5243233507324416,0.9826989619377162,0.06594773952716715,284,2252,5,159,False
0.30307650566101074,0.16187846124151856,0.20099079971691436,0.5241159679037399,0.9826989619377162,0.06553297386976359,284,2253,5,158,False
0.3025529980659485,0.16147811804746054,0.20091970286522814,0.5239085850750381,0.9826989619377162,0.06511820821236002,284,2254,5,157,False
0.3024901747703552,0.16107751632750478,0.20084865629420084,0.5237012022463363,0.9826989619377162,0.06470344255495646,284,2255,5,156,False
0.30199021100997925,0.16067665572399217,0.20077765995051255,0.5234938194176345,0.9826989619377162,0.06428867689755288,284,2256,5,155,False
0.3016614317893982,0.1602755358787862,0.20070671378091873,0.5232864365889328,0.9826989619377162,0.06387391124014932,284,2257,5,154,False
0.3007398843765259,0.1598741564332718,0.2006358177322501,0.523079053760231,0.9826989619377162,0.06345914558274575,284,2258,5,153,False
0.3006885051727295,0.1594725170283542,0.20056497175141244,0.5228716709315292,0.9826989619377162,0.06304437992534218,284,2259,5,152,False
0.3001610040664673,0.15179149490746022,0.19922834093300595,0.5189313971861953,0.9826989619377162,0.05516383243467441,284,2278,5,133,False
0.2999071478843689,0.15138458015636938,0.19915848527349228,0.5187240143574935,0.9826989619377162,0.054749066777270844,284,2279,5,132,False
0.29937320947647095,0.15097739779216968,0.19908867858394672,0.5185166315287918,0.9826989619377162,0.05433430111986728,284,2280,5,131,False
0.2993341088294983,0.15056994744493885,0.19901892081289418,0.51830924870009,0.9826989619377162,0.05391953546246371,284,2281,5,130,False
0.2992061376571655,0.15016222874424973,0.1989492119089317,0.5181018658713882,0.9826989619377162,0.053504769805060144,284,2282,5,129,False
0.29865407943725586,0.14975424131916917,0.19887955182072828,0.5178944830426864,0.9826989619377162,0.05309000414765657,284,2283,5,128,False
0.2975444197654724,0.14934598479825684,0.19880994049702486,0.5176871002139846,0.9826989619377162,0.052675238490253004,284,2284,5,127,False
0.29751789569854736,0.14893745880956405,0.198740377886634,0.5174797173852829,0.9826989619377162,0.05226047283284944,284,2285,5,126,False
0.2974278926849365,0.14852866298063283,0.19867086393844002,0.5172723345565811,0.9826989619377162,0.05184570717544587,284,2286,5,125,False
0.29680174589157104,0.14811959693849458,0.1986013986013986,0.5170649517278793,0.9826989619377162,0.051430941518042304,284,2287,5,124,False
0.2964509129524231,0.147710260309669,0.19853198182453688,0.5168575688991774,0.9826989619377162,0.05101617586063874,284,2288,5,123,False
0.29638004302978516,0.14730065272016296,0.1984626135569532,0.5166501860704757,0.9826989619377162,0.05060141020323517,284,2289,5,122,False
0.2953692674636841,0.14763422410153,0.19909186168354873,0.5183802898767041,0.986159169550173,0.05060141020323517,285,2289,4,122,False
0.29460734128952026,0.14681371789708478,0.19895287958115182,0.5179655242193005,0.986159169550173,0.04977187888842804,285,2291,4,120,False
0.2941531538963318,0.14640305660188224,0.19888346127006282,0.5177581413905987,0.986159169550173,0.04935711323102447,285,2292,4,119,False
0.29303407669067383,0.145992122676175,0.1988140913847227,0.5175507585618969,0.986159169550173,0.048942347573620905,285,2293,4,118,False
0.29268550872802734,0.1455809157429257,0.19874476987447698,0.5173433757331952,0.986159169550173,0.04852758191621734,285,2294,4,117,False
0.2922782301902771,0.1451694354245763,0.1986754966887417,0.5171359929044934,0.986159169550173,0.04811281625881377,285,2295,4,116,False
0.2910788059234619,0.1447576813430472,0.1986062717770035,0.5169286100757916,0.986159169550173,0.047698050601410205,285,2296,4,115,False
0.29097551107406616,0.14434565311973582,0.19853709508881923,0.5167212272470898,0.986159169550173,0.04728328494400664,285,2297,4,114,False
0.2908592224121094,0.1439333503755157,0.19846796657381616,0.5165138444183881,0.986159169550173,0.04686851928660307,285,2298,4,113,False
0.2904539704322815,0.143520772730735,0.1983988861816916,0.5163064615896863,0.986159169550173,0.046453753629199505,285,2299,4,112,False
0.28788405656814575,0.1356290575552423,0.1970954356846473,0.5123661878443524,0.986159169550173,0.038573206138531727,285,2318,4,93,False
0.2871750593185425,0.1352109013531555,0.19702730729346699,0.5121588050156506,0.986159169550173,0.03815844048112816,285,2319,4,92,False
0.2859480381011963,0.13479246215440924,0.19695922598479612,0.5119514221869488,0.986159169550173,0.03774367482372459,285,2320,4,91,False
0.2854466438293457,0.13437373956749712,0.19689119170984457,0.511744039358247,0.986159169550173,0.03732890916632103,285,2321,4,90,False
0.28465092182159424,0.13353544266038503,0.19675526406627547,0.5113292737008435,0.986159169550173,0.036499377851513894,285,2323,4,88,False
0.28428155183792114,0.1331158675544037,0.19668737060041408,0.5111218908721417,0.986159169550173,0.03608461219411033,285,2324,4,87,False
0.28393566608428955,0.12508934598257523,0.19540623928693865,0.5071816171268078,0.986159169550173,0.028204064703442555,285,2343,4,68,False
0.28166186809539795,0.12466399612508208,0.19533927347498287,0.506974234298106,0.986159169550173,0.02778929904603899,285,2344,4,67,False
0.2815414071083069,0.12423835331458447,0.19527235354573483,0.5067668514694043,0.986159169550173,0.027374533388635422,285,2345,4,66,False
0.2814210057258606,0.1245581087052585,0.1958904109589041,0.5084969552756325,0.9896193771626297,0.027374533388635422,286,2345,3,66,False
0.28016310930252075,0.12413192418506486,0.19582334816843547,0.5082895724469307,0.9896193771626297,0.026959767731231855,286,2346,3,65,False
0.2799740433692932,0.1244512283039412,0.19644079397672826,0.5100196762531591,0.9930795847750865,0.026959767731231855,287,2346,2,65,False
0.2797727584838867,0.12402450129283835,0.19637358877865208,0.5098122934244574,0.9930795847750865,0.026545002073828285,287,2347,2,64,False
0.2774633765220642,0.12359747971773899,0.19630642954856362,0.5096049105957556,0.9930795847750865,0.02613023641642472,287,2348,2,63,False
0.27711063623428345,0.12317016317016316,0.19623931623931623,0.5093975277670538,0.9930795847750865,0.025715470759021152,287,2349,2,62,False
0.27549034357070923,0.12274255124104079,0.19617224880382775,0.509190144938352,0.9930795847750865,0.025300705101617586,287,2350,2,61,False
0.27327030897140503,0.12231464352071038,0.19610522719508028,0.5089827621096502,0.9930795847750865,0.02488593944421402,287,2351,2,60,False
0.2727087736129761,0.1141276472843705,0.19484046164290564,0.5050424883643164,0.9930795847750865,0.017005391953546247,287,2370,2,41,False
0.27202749252319336,0.11369373678843978,0.19477434679334918,0.5048351055356146,0.9930795847750865,0.01659062629614268,287,2371,2,40,False
0.27108269929885864,0.11325952175943654,0.19470827679782904,0.5046277227069128,0.9930795847750865,0.016175860638739114,287,2372,2,39,False
0.2706959843635559,0.11282500177435,0.1946422516107155,0.504420339878211,0.9930795847750865,0.015761094981335544,287,2373,2,38,False
0.27052730321884155,0.11239017640954688,0.1945762711864407,0.5042129570495092,0.9930795847750865,0.015346329323931979,287,2374,2,37,False
0.26730263233184814,0.11195504524077006,0.19451033547949848,0.5040055742208075,0.9930795847750865,0.01493156366652841,287,2375,2,36,False
0.26719582080841064,0.11151960784313726,0.19444444444444445,0.5037981913921057,0.9930795847750865,0.014516798009124844,287,2376,2,35,False
0.26715272665023804,0.1110838637911395,0.1943785980358957,0.5035908085634039,0.9930795847750865,0.014102032351721278,287,2377,2,34,False
0.26665931940078735,0.11064781265863989,0.1943127962085308,0.5033834257347021,0.9930795847750865,0.013687266694317711,287,2378,2,33,False
0.2621762156486511,0.11021145401887203,0.19424703891708966,0.5031760429060004,0.9930795847750865,0.013272501036914143,287,2379,2,32,False
0.2614184617996216,0.10977478744443879,0.19418132611637348,0.5029686600772986,0.9930795847750865,0.012857735379510576,287,2380,2,31,False
0.26061975955963135,0.10141904184354153,0.19294117647058823,0.49902838633196467,0.9930795847750865,0.004977187888842804,287,2399,2,12,False
0.2595824599266052,0.10097612583839029,0.1928763440860215,0.49882100350326286,0.9930795847750865,0.004562422231439237,287,2400,2,11,False
0.25720250606536865,0.10053289277499763,0.1928115552569701,0.4986136206745611,0.9930795847750865,0.00414765657403567,287,2401,2,10,False
0.2565816044807434,0.10008934221172718,0.19274680993955676,0.4984062378458593,0.9930795847750865,0.0037328909166321027,287,2402,2,9,False
0.2540026903152466,0.10039420927907995,0.1933534743202417,0.5001363416520876,0.9965397923875432,0.0037328909166321027,288,2402,1,9,False
0.2538260817527771,0.09995008042598036,0.19328859060402684,0.4999289588233859,0.9965397923875432,0.0033181252592285357,288,2403,1,8,False
0.2537977695465088,0.10025448482527968,0.19389466621938947,0.5016590626296142,1.0,0.0033181252592285357,289,2403,0,8,False
0.2518908381462097,0.09980977677479268,0.1938296445338699,0.5014516798009124,1.0,0.002903359601824969,289,2404,0,7,False
0.25080710649490356,0.09936474944004163,0.193764666443178,0.5012442969722107,1.0,0.002488593944421402,289,2405,0,6,False
0.2503863573074341,0.09891940237558368,0.19369973190348524,0.5010369141435089,1.0,0.002073828287017835,289,2406,0,5,False
0.24812740087509155,0.09847373513530386,0.19363484087102178,0.5008295313148071,1.0,0.0016590626296142678,289,2407,0,4,False
0.24433141946792603,0.09802774727241349,0.19356999330207636,0.5006221484861053,1.0,0.001244296972210701,289,2408,0,3,False
0.23520487546920776,0.09758143833944884,0.1935051891529963,0.5004147656574036,1.0,0.0008295313148071339,289,2409,0,2,False
0.23097914457321167,0.09713480788826949,0.1934404283801874,0.5002073828287018,1.0,0.00041476565740356696,289,2410,0,1,False
0.23044830560684204,0.09668785547005687,0.19337571094011374,0.5,1.0,0.0,289,2411,0,0,False
